Order ID,Order Date,Customer Name,Region,City,Category,Product Name,Discount,Sales,Profit,Payment Mode
10001,19-10-2024,Kashvi Varty,South,Bangalore,Books,Non-Fiction Ipsum,5,68959,10525,Debit Card
10002,30-08-2025,Advik Desai,North,Delhi,Groceries,Rice Nemo,20,33732,6300,Debit Card
10003,04-11-2023,Rhea Kalla,East,Patna,Kitchen,Juicer Odio,20,207603,19850,Credit Card
10004,23-05-2025,Anika Sen,East,Kolkata,Groceries,Oil Doloribus,15,158610,36311,UPI
10005,19-01-2025,Akarsh Kaul,West,Pune,Clothing,Kids Wear Quo,10,45033,9050,Debit Card
10006,06-04-2025,Vardaniya Jayaraman,West,Pune,Furniture,Chair Assumenda,15,171220,23723,Credit Card
10007,13-10-2023,Drishya Khare,West,Mumbai,Clothing,Accessories Minima,5,6908,680,Debit Card
10008,17-08-2025,Misha Dua,North,Lucknow,Books,Biography Vel,10,14297,1289,Debit Card
10009,07-03-2025,Arhaan Vala,North,Jaipur,Groceries,Spices Expedita,20,32667,3701,Credit Card
10010,02-12-2024,Lavanya Hayer,West,Goa,Kitchen,Juicer Voluptatibus,15,28366,5703,UPI
10011,24-08-2025,Divyansh Thaman,North,Lucknow,Kitchen,Cookware Set Doloremque,20,17218,4140,Credit Card
10012,21-05-2024,Nishith Kumar,South,Hyderabad,Beauty,Perfume Itaque,10,73078,16217,Net Banking
10013,05-12-2024,Anika Khanna,North,Chandigarh,Home Decor,Vase Ratione,5,51253,6826,Credit Card
10014,03-12-2023,Amani Acharya,East,Patna,Clothing,Women's Wear Optio,0,119215,21029,UPI
10015,25-07-2025,Anay Grewal,North,Jaipur,Kitchen,Juicer Debitis,5,29344,5535,COD
10016,13-10-2023,Stuvan Majumdar,East,Bhubaneswar,Electronics,Laptop Numquam,10,232403,35658,Debit Card
10017,24-05-2024,Ritvik Ramanathan,South,Hyderabad,Electronics,Smartwatch Ad,15,134362,26225,UPI
10018,07-09-2025,Darshit Sharma,South,Chennai,Groceries,Oil Odio,10,13590,1235,Net Banking
10019,15-06-2024,Sara Chanda,East,Patna,Sports,Dumbbells Soluta,20,39790,4241,Credit Card
10020,11-01-2024,Gatik Ravi,West,Pune,Books,Textbook Inventore,5,172867,39438,Debit Card
10021,15-10-2023,Jivin Sunder,West,Ahmedabad,Kitchen,Refrigerator Commodi,20,5259,581,UPI
10022,16-03-2024,Kashvi Ratti,North,Lucknow,Groceries,Wheat Natus,15,113739,27267,Credit Card
10023,02-11-2023,Vivaan Goyal,West,Surat,Books,Comics Aperiam,20,38159,8536,UPI
10024,10-07-2025,Nayantara Bhagat,East,Ranchi,Beauty,Face Cream Repellat,10,25431,3960,Credit Card
10025,21-06-2025,Lakshay Ramakrishnan,North,Chandigarh,Electronics,Headphones Itaque,20,96224,20552,COD
10026,13-01-2024,Dhanush Vaidya,South,Chennai,Groceries,Rice Impedit,5,124936,19545,UPI
10027,22-04-2025,Kimaya Rege,North,Lucknow,Beauty,Foundation Illo,0,8276,537,Net Banking
10028,12-12-2024,Anika Wable,East,Bhubaneswar,Furniture,Table Error,0,2193,214,UPI
10029,27-08-2025,Kavya Bhatnagar,North,Delhi,Toys,RC Car Amet,20,107336,22035,Net Banking
10030,22-04-2024,Adira Seshadri,North,Chandigarh,Groceries,Sugar Excepturi,15,337675,80310,Debit Card
10031,07-01-2025,Zaina Sidhu,West,Goa,Groceries,Wheat Consequuntur,10,45981,9818,Credit Card
10032,11-12-2023,Bhamini Kuruvilla,North,Jaipur,Sports,Cricket Bat Voluptatum,5,291243,40522,UPI
10033,24-06-2024,Kavya Saran,West,Ahmedabad,Furniture,Sofa Deleniti,20,193795,21971,Net Banking
10034,11-07-2025,Mannat Batta,East,Guwahati,Toys,RC Car Quam,20,61056,10008,Debit Card
10035,31-12-2023,Shayak Bala,South,Thiruvananthapuram,Toys,Action Figure Laboriosam,20,77234,13626,Net Banking
10036,08-03-2025,Hrishita Kumer,South,Thiruvananthapuram,Beauty,Lipstick Accusantium,15,24589,4644,Credit Card
10037,02-12-2024,Prisha Gaba,West,Surat,Sports,Dumbbells Quas,0,156934,9445,Credit Card
10038,19-10-2023,Arhaan Gole,North,Lucknow,Sports,Yoga Mat Quaerat,5,129671,8392,UPI
10039,30-09-2025,Shaan Bala,East,Ranchi,Toys,Puzzle Assumenda,0,121814,24379,COD
10040,16-11-2023,Taran Kala,North,Lucknow,Kitchen,Refrigerator Libero,10,40959,7786,Debit Card
10041,18-09-2024,Nitara Hayre,East,Guwahati,Toys,Board Game Consequuntur,20,307128,47122,UPI
10042,01-07-2025,Lavanya Tata,North,Amritsar,Toys,Doll Laborum,5,273405,26969,Debit Card
10043,11-02-2024,Badal Dada,West,Surat,Electronics,Camera A,0,137260,16783,Net Banking
10044,23-10-2024,Bhamini Sane,South,Coimbatore,Groceries,Rice Incidunt,20,256420,61655,Net Banking
10045,03-11-2023,Eva Babu,East,Guwahati,Books,Textbook Consequuntur,0,136404,33861,Debit Card
10046,20-11-2023,Prerak Saha,West,Pune,Books,Biography Magni,15,30776,5231,COD
10047,01-10-2025,Advik Sule,North,Delhi,Beauty,Perfume Quisquam,10,150776,23836,Credit Card
10048,03-09-2025,Divij Chawla,West,Surat,Sports,Tennis Racket Sapiente,5,287432,41217,Credit Card
10049,22-01-2025,Nirvaan Ben,North,Delhi,Toys,Puzzle Dolorem,10,63751,4232,UPI
10050,28-04-2024,Shlok Dayal,West,Ahmedabad,Clothing,Shoes Deleniti,0,33485,6131,COD
10051,04-05-2024,Vritika Cherian,East,Patna,Beauty,Perfume Rerum,5,40698,3936,UPI
10052,06-05-2025,Eshani Arya,East,Ranchi,Furniture,Sofa Omnis,5,245651,51928,UPI
10053,02-09-2025,Elakshi Bajwa,West,Goa,Books,Biography Illum,0,64880,11967,COD
10054,15-04-2024,Jayant Kala,West,Pune,Clothing,Women's Wear Odio,20,66475,8947,UPI
10055,09-12-2023,Biju Mannan,East,Bhubaneswar,Sports,Tennis Racket Ea,15,48044,10880,Debit Card
10056,19-05-2024,Alisha Sampath,North,Jaipur,Furniture,Bed Molestias,0,212310,11609,Net Banking
10057,05-12-2023,Rhea Krishnamurthy,East,Patna,Home Decor,Wall Art Excepturi,0,251704,40267,Credit Card
10058,16-10-2024,Samarth Chatterjee,East,Patna,Toys,Puzzle Ut,15,249808,56964,Net Banking
10059,09-10-2024,Ojas Konda,West,Pune,Furniture,Cabinet Odit,15,74526,17899,Net Banking
10060,16-05-2025,Heer Saran,West,Mumbai,Home Decor,Vase Necessitatibus,10,17748,4404,Credit Card
10061,30-04-2025,Manikya Dar,West,Ahmedabad,Sports,Football Eveniet,0,88325,17529,UPI
10062,09-04-2024,Azad Kunda,South,Chennai,Kitchen,Cookware Set Nisi,15,23377,5553,Debit Card
10063,26-01-2025,Drishya Apte,West,Pune,Kitchen,Juicer Totam,10,50517,2567,Debit Card
10064,27-12-2023,Shray Arya,West,Pune,Toys,Action Figure Cum,5,268348,50743,COD
10065,23-06-2024,Ritvik Madan,South,Bangalore,Books,Biography Nobis,15,95605,19264,UPI
10066,22-06-2024,Purab Batta,North,Chandigarh,Kitchen,Juicer Vero,0,69994,11130,COD
10067,28-05-2025,Purab Krishna,West,Surat,Kitchen,Mixer Grinder Recusandae,10,128830,14013,Credit Card
10068,23-02-2024,Manikya Srinivasan,West,Goa,Books,Biography Ad,5,184946,30145,COD
10069,24-11-2023,Raghav Gara,East,Bhubaneswar,Home Decor,Vase Molestiae,0,19506,2911,Net Banking
10070,02-01-2025,Raghav Sabharwal,East,Ranchi,Sports,Tennis Racket At,10,217022,52731,UPI
10071,31-08-2024,Tanya Vora,South,Bangalore,Sports,Tennis Racket Ipsa,5,7686,387,Net Banking
10072,18-06-2025,Mannat Dhaliwal,East,Ranchi,Toys,RC Car Eius,20,152570,13720,Debit Card
10073,01-04-2025,Drishya Korpal,North,Chandigarh,Home Decor,Cushion Quis,15,33613,4294,COD
10074,14-03-2024,Vritika Gade,West,Pune,Toys,Puzzle Nesciunt,15,258345,33334,Credit Card
10075,09-12-2024,Neysa Ganguly,North,Amritsar,Toys,Action Figure Placeat,20,20828,2957,Net Banking
10076,17-01-2025,Adah Kaul,West,Ahmedabad,Clothing,Kids Wear Aut,10,188393,36656,COD
10077,04-03-2025,Shalv Subramaniam,North,Lucknow,Kitchen,Cookware Set Libero,10,275674,39541,Net Banking
10078,10-04-2024,Chirag Hans,South,Bangalore,Electronics,Camera Nostrum,20,53998,6955,COD
10079,05-07-2024,Saanvi Deshmukh,West,Pune,Kitchen,Refrigerator Sequi,15,156448,8167,UPI
10080,17-02-2025,Yakshit Bajwa,West,Surat,Beauty,Lipstick At,10,249404,15673,Debit Card
10081,05-12-2023,Jayan Lall,South,Coimbatore,Furniture,Cabinet Nobis,5,25949,1306,Debit Card
10082,13-12-2024,Kashvi Bakshi,South,Hyderabad,Sports,Yoga Mat Deserunt,0,4714,548,COD
10083,20-06-2025,Myra Goda,East,Ranchi,Sports,Tennis Racket Cupiditate,10,112212,22964,Debit Card
10084,20-07-2024,Jayesh Ramachandran,West,Goa,Home Decor,Vase Similique,20,7142,1373,COD
10085,01-11-2024,Hazel Reddy,East,Bhubaneswar,Furniture,Cabinet Natus,5,15443,1765,Credit Card
10086,02-06-2025,Shamik Keer,East,Guwahati,Toys,Board Game Sequi,0,44480,8602,UPI
10087,29-03-2024,Saira Trivedi,West,Goa,Groceries,Oil Modi,0,186516,23035,Debit Card
10088,15-11-2023,Baiju Dube,North,Lucknow,Sports,Tennis Racket Aperiam,5,187426,44133,COD
10089,25-12-2024,Ehsaan Butala,South,Thiruvananthapuram,Books,Comics Voluptatibus,5,130629,15353,Net Banking
10090,26-02-2025,Bhavin Toor,West,Mumbai,Clothing,Kids Wear Ipsa,15,180486,19220,Credit Card
10091,08-06-2025,Romil Sawhney,East,Guwahati,Beauty,Lipstick Nostrum,0,181968,26323,Debit Card
10092,29-01-2025,Mamooty Mannan,North,Chandigarh,Electronics,Camera Ipsa,15,62529,13309,Credit Card
10093,11-01-2025,Reyansh Saraf,East,Patna,Furniture,Sofa Quaerat,5,123785,24340,UPI
10094,08-01-2025,Jayesh Madan,South,Hyderabad,Beauty,Perfume Qui,5,276268,35016,Debit Card
10095,12-01-2024,Kiaan Ranganathan,East,Patna,Electronics,Camera Temporibus,20,65309,5824,UPI
10096,31-05-2024,Riya Varughese,West,Pune,Groceries,Spices Reiciendis,0,72549,17203,Credit Card
10097,17-10-2024,Yasmin Warrior,East,Patna,Groceries,Oil Non,15,66388,12867,Credit Card
10098,26-11-2023,Vihaan Bhalla,West,Mumbai,Books,Fiction Nemo,0,270185,58811,Net Banking
10099,12-02-2024,Eshani Sani,South,Thiruvananthapuram,Sports,Yoga Mat Optio,0,319065,36797,Credit Card
10100,24-12-2023,Arnav Badami,North,Lucknow,Electronics,Mobile Harum,10,201636,41541,Credit Card
10101,16-06-2025,Umang Virk,South,Coimbatore,Clothing,Accessories Natus,10,47480,10986,Net Banking
10102,04-11-2024,Ira Soni,East,Bhubaneswar,Sports,Dumbbells Quos,10,4097,888,Credit Card
10103,14-08-2025,Arnav Karpe,East,Ranchi,Furniture,Sofa Repudiandae,20,304904,22939,Credit Card
10104,10-02-2025,Hansh Kaul,West,Surat,Toys,Doll Totam,15,79925,18762,Net Banking
10105,17-11-2023,Ela Srivastava,North,Lucknow,Home Decor,Lamp Pariatur,15,208549,40558,Net Banking
10106,19-05-2024,Elakshi Sachdev,West,Mumbai,Furniture,Table Laudantium,20,6898,677,Debit Card
10107,27-10-2024,Emir Ramanathan,South,Chennai,Sports,Dumbbells Aspernatur,5,117255,7180,Net Banking
10108,08-06-2024,Prisha Shenoy,South,Coimbatore,Clothing,Kids Wear Architecto,10,58896,11457,Debit Card
10109,07-09-2024,Parinaaz Luthra,North,Jaipur,Furniture,Bed Officiis,10,40469,3618,Debit Card
10110,05-01-2025,Aarna Bandi,West,Goa,Toys,RC Car Incidunt,10,103759,25442,Net Banking
10111,22-10-2024,Rasha Bansal,North,Amritsar,Electronics,Camera Dignissimos,10,54538,10555,Credit Card
10112,12-04-2024,Alisha Amble,North,Chandigarh,Kitchen,Microwave Vero,20,71352,5019,Net Banking
10113,04-10-2023,Aniruddh Ratti,South,Coimbatore,Furniture,Table Repudiandae,20,77522,10882,Net Banking
10114,30-11-2023,Ishita Bajwa,South,Bangalore,Home Decor,Cushion Dignissimos,0,234651,18949,COD
10115,23-11-2024,Farhan Sarkar,South,Chennai,Toys,Board Game Earum,15,81405,8268,COD
10116,15-05-2025,Aniruddh Kothari,West,Pune,Kitchen,Juicer In,20,82528,4856,Debit Card
10117,10-05-2024,Samar Kumar,East,Kolkata,Beauty,Lipstick Soluta,10,210627,20117,UPI
10118,30-01-2025,Ishaan Golla,East,Ranchi,Kitchen,Microwave Aperiam,5,33261,4190,UPI
10119,26-09-2024,Aniruddh Wagle,West,Surat,Kitchen,Microwave Reiciendis,20,197908,38221,Credit Card
10120,10-01-2025,Nishith Tara,South,Coimbatore,Sports,Yoga Mat Vel,15,46036,9506,COD
10121,16-05-2025,Yakshit Bakshi,South,Thiruvananthapuram,Sports,Football Eum,5,111325,9680,Debit Card
10122,25-04-2025,Navya Amble,South,Hyderabad,Electronics,Laptop Amet,0,6284,888,Debit Card
10123,23-06-2025,Heer Lata,North,Delhi,Groceries,Spices Non,20,253683,28532,UPI
10124,02-12-2024,Jiya Tandon,North,Jaipur,Clothing,Shoes Recusandae,20,52973,2833,Net Banking
10125,22-11-2024,Divyansh Kale,North,Lucknow,Kitchen,Juicer Deleniti,15,51999,10750,Debit Card
10126,03-06-2024,Raunak Raj,East,Patna,Books,Fiction Necessitatibus,15,135237,16864,Net Banking
10127,09-02-2025,Mehul Magar,North,Lucknow,Groceries,Oil Laboriosam,10,54821,8867,UPI
10128,12-11-2024,Gatik Sharma,West,Ahmedabad,Home Decor,Cushion Id,0,58821,9062,UPI
10129,31-07-2025,Dhanuk Dhar,North,Jaipur,Furniture,Table Placeat,10,24144,4041,Credit Card
10130,07-03-2024,Kavya Varty,South,Bangalore,Groceries,Spices Error,15,132864,12796,Credit Card
10131,03-07-2024,Ishaan Walia,South,Hyderabad,Electronics,Headphones Id,5,234707,30160,Net Banking
10132,22-08-2024,Oorja Sur,East,Patna,Clothing,Women's Wear Ipsa,20,9478,583,Credit Card
10133,01-08-2024,Dharmajan Lall,East,Kolkata,Toys,Puzzle Placeat,15,45081,2374,UPI
10134,23-01-2024,Shanaya Kala,North,Chandigarh,Furniture,Sofa Nulla,15,67414,6656,UPI
10135,06-08-2024,Rati Goel,South,Chennai,Electronics,Camera Culpa,5,126426,12468,Debit Card
10136,24-03-2024,Ivan Sarna,West,Mumbai,Toys,Doll Adipisci,5,102395,10208,Debit Card
10137,26-03-2025,Akarsh Hayre,East,Kolkata,Toys,Board Game Animi,5,59316,4811,UPI
10138,18-10-2024,Hrishita Bajaj,West,Surat,Furniture,Bed Accusantium,0,164648,22384,Debit Card
10139,15-01-2025,Prerak Shere,East,Guwahati,Electronics,Mobile Aspernatur,5,298589,66122,Credit Card
10140,13-08-2025,Kartik Seth,East,Patna,Books,Non-Fiction Quae,5,109600,26199,Debit Card
10141,29-09-2024,Riya Brahmbhatt,South,Hyderabad,Clothing,Kids Wear Tempora,10,46366,11129,UPI
10142,05-12-2023,Yuvraj  Bhardwaj,North,Delhi,Electronics,Mobile Ea,0,77892,7595,COD
10143,20-04-2024,Shamik Buch,East,Patna,Furniture,Cabinet Voluptatum,5,181640,26909,Debit Card
10144,02-04-2024,Divij Dara,South,Hyderabad,Sports,Tennis Racket Asperiores,0,81556,19815,COD
10145,14-08-2024,Jivin Hans,East,Bhubaneswar,Sports,Football Dolores,5,105198,7812,UPI
10146,13-11-2024,Vaibhav Rattan,South,Chennai,Furniture,Table Tenetur,15,41460,9356,UPI
10147,01-01-2024,Nayantara Kalita,West,Ahmedabad,Electronics,Smartwatch Eum,15,127163,8864,Net Banking
10148,14-01-2024,Shaan Sehgal,North,Delhi,Kitchen,Mixer Grinder Porro,20,61952,5189,UPI
10149,14-06-2024,Dhruv Garg,East,Ranchi,Kitchen,Juicer Reiciendis,5,40737,3037,Net Banking
10150,04-03-2024,Kavya Lanka,West,Surat,Books,Non-Fiction Commodi,10,40338,6760,UPI
10151,24-08-2025,Fateh Tripathi,North,Jaipur,Toys,Puzzle Repellendus,5,255584,24050,UPI
10152,25-08-2025,Manikya Bhattacharyya,South,Coimbatore,Groceries,Spices Suscipit,10,59092,14240,Net Banking
10153,11-07-2025,Tiya Mani,North,Jaipur,Kitchen,Microwave Officiis,0,26532,3837,UPI
10154,29-12-2023,Vihaan Loyal,West,Goa,Kitchen,Cookware Set Quo,5,92579,14376,COD
10155,12-12-2023,Ritvik Vyas,North,Jaipur,Home Decor,Clock Itaque,5,49451,8546,UPI
10156,22-12-2024,Ivana Hegde,West,Surat,Beauty,Foundation Nihil,5,166539,17273,Credit Card
10157,07-04-2024,Vardaniya Ramaswamy,East,Patna,Toys,Action Figure Enim,15,33338,2238,Debit Card
10158,03-02-2025,Ela Chakraborty,North,Lucknow,Toys,RC Car In,0,54312,10936,Net Banking
10159,21-06-2025,Taimur Tara,East,Ranchi,Clothing,Kids Wear Aliquid,0,15748,2755,COD
10160,31-07-2024,Hrishita Chanda,West,Pune,Electronics,Headphones Labore,10,122479,10610,COD
10161,26-09-2025,Myra Handa,West,Pune,Home Decor,Clock Officia,0,42325,8054,COD
10162,22-07-2024,Anvi Mammen,East,Patna,Furniture,Sofa Dolor,20,51014,4109,COD
10163,14-09-2024,Shamik Walla,East,Patna,Books,Biography Mollitia,0,215890,19440,Credit Card
10164,21-06-2024,Inaaya  Tandon,South,Hyderabad,Kitchen,Juicer Possimus,15,190404,16508,UPI
10165,21-08-2025,Shayak Sekhon,North,Amritsar,Home Decor,Cushion Quasi,5,270461,51178,Credit Card
10166,18-09-2025,Mehul Wable,West,Surat,Books,Comics Ad,5,108019,15879,Debit Card
10167,01-04-2025,Raghav Samra,West,Pune,Furniture,Table Expedita,15,20826,3866,Net Banking
10168,07-04-2024,Kiara Saha,West,Goa,Sports,Dumbbells Voluptatem,10,106979,24847,Credit Card
10169,21-03-2024,Yasmin Kamdar,South,Bangalore,Groceries,Wheat Beatae,0,127023,22888,COD
10170,28-07-2025,Inaaya  Walla,North,Lucknow,Sports,Tennis Racket Doloremque,10,104535,22068,Debit Card
10171,29-06-2024,Saira Kapoor,East,Guwahati,Sports,Football Nesciunt,0,119370,25753,Debit Card
10172,29-10-2024,Uthkarsh Grewal,North,Delhi,Kitchen,Mixer Grinder Officia,15,40275,4036,Net Banking
10173,16-01-2025,Amira Chakraborty,South,Hyderabad,Clothing,Men's Wear Quos,0,10635,1959,UPI
10174,16-04-2025,Nakul Srivastava,East,Patna,Toys,Action Figure Dolor,10,58459,6815,COD
10175,28-09-2024,Saanvi Vasa,East,Guwahati,Furniture,Bed Eius,20,37815,3813,Net Banking
10176,23-12-2023,Ritvik Agarwal,North,Jaipur,Beauty,Face Cream Id,15,90019,4562,Credit Card
10177,17-06-2024,Yasmin Sachdeva,North,Jaipur,Electronics,Camera At,0,80742,17592,Debit Card
10178,13-11-2024,Sara Chaudry,West,Ahmedabad,Toys,Board Game Ab,10,85212,9790,Debit Card
10179,21-10-2024,Aarush Vig,East,Kolkata,Furniture,Cabinet A,20,35493,8736,UPI
10180,25-03-2025,Drishya Dasgupta,West,Mumbai,Books,Biography Deserunt,0,54330,8922,UPI
10181,03-08-2024,Jayan Sidhu,South,Chennai,Groceries,Oil In,20,89446,11673,COD
10182,02-08-2024,Jivin Kaul,South,Thiruvananthapuram,Clothing,Accessories Culpa,0,50035,11418,UPI
10183,02-12-2023,Aaina Lalla,East,Ranchi,Home Decor,Lamp Exercitationem,0,16344,3724,Net Banking
10184,27-02-2025,Aayush Setty,East,Bhubaneswar,Electronics,Mobile Magnam,10,122153,24218,Credit Card
10185,09-10-2024,Jivin Cheema,South,Bangalore,Beauty,Perfume Neque,0,295896,36664,Net Banking
10186,20-04-2025,Ritvik Shah,North,Lucknow,Sports,Cricket Bat Delectus,5,139745,17302,Net Banking
10187,03-08-2024,Samiha Halder,South,Hyderabad,Kitchen,Cookware Set Minima,15,14562,2893,Credit Card
10188,23-06-2024,Emir Subramaniam,South,Coimbatore,Toys,Puzzle Nulla,0,20072,2542,Net Banking
10189,04-12-2023,Lakshay Kari,North,Chandigarh,Furniture,Chair Veniam,10,122288,16650,UPI
10190,19-10-2023,Navya Vora,East,Ranchi,Clothing,Shoes Dolores,20,46475,7881,Debit Card
10191,22-08-2024,Prerak Chakrabarti,East,Patna,Home Decor,Wall Art Quidem,15,51401,2930,Net Banking
10192,14-05-2025,Vedika Sane,East,Bhubaneswar,Sports,Football Architecto,10,87415,6314,Debit Card
10193,10-10-2023,Khushi Chada,South,Thiruvananthapuram,Books,Non-Fiction Aliquid,20,45990,10796,Debit Card
10194,16-08-2024,Mehul Lala,West,Surat,Kitchen,Refrigerator Quibusdam,5,64984,10470,COD
10195,02-01-2025,Lagan Walla,North,Delhi,Furniture,Sofa Voluptas,15,92334,8407,Net Banking
10196,24-08-2024,Manikya Wali,West,Ahmedabad,Sports,Yoga Mat Nam,0,13561,1297,Debit Card
10197,17-04-2024,Hunar Sastry,West,Mumbai,Furniture,Table Iusto,10,259477,34177,Debit Card
10198,22-01-2024,Tarini Talwar,West,Ahmedabad,Clothing,Accessories Aspernatur,5,114371,17661,Net Banking
10199,20-06-2024,Dharmajan Sampath,West,Surat,Furniture,Sofa Dolorum,10,87190,19168,Net Banking
10200,30-10-2024,Yakshit Tank,North,Delhi,Beauty,Face Cream Necessitatibus,20,203480,18437,COD
10201,11-07-2024,Nishith Bora,West,Goa,Clothing,Men's Wear Quia,15,62885,6713,Debit Card
10202,03-05-2024,Riya Thaker,East,Bhubaneswar,Toys,Board Game Ipsa,20,87123,7321,Debit Card
10203,10-02-2024,Baiju Barman,North,Jaipur,Toys,Doll Soluta,5,75977,11787,COD
10204,06-09-2025,Damini Kohli,West,Surat,Sports,Dumbbells Unde,10,234302,21939,UPI
10205,16-05-2025,Hansh Bali,East,Guwahati,Groceries,Rice Odit,5,61923,11144,UPI
10206,15-01-2025,Stuvan Arora,West,Mumbai,Clothing,Kids Wear Sed,10,52745,5397,Debit Card
10207,13-05-2024,Devansh Bhatti,West,Mumbai,Books,Non-Fiction Occaecati,10,79434,9293,Debit Card
10208,14-09-2024,Devansh Bains,West,Mumbai,Beauty,Shampoo Provident,5,92262,6637,UPI
10209,27-12-2024,Dhruv Srinivasan,West,Mumbai,Sports,Cricket Bat Minus,0,142437,13234,Credit Card
10210,24-12-2023,Chirag Grewal,East,Ranchi,Electronics,Headphones Similique,5,178082,27415,Net Banking
10211,16-03-2024,Kimaya Mallick,West,Mumbai,Groceries,Spices Incidunt,5,89120,6850,Credit Card
10212,06-05-2024,Purab Boase,South,Bangalore,Electronics,Headphones Maiores,10,342567,48726,COD
10213,20-03-2025,Ritvik Suri,West,Surat,Clothing,Women's Wear Iste,10,108990,22383,Debit Card
10214,11-01-2024,Samarth Sibal,South,Chennai,Groceries,Oil Sunt,5,122091,30284,COD
10215,03-03-2024,Ranbir Randhawa,South,Bangalore,Furniture,Sofa Vel,0,85060,4989,Net Banking
10216,17-07-2025,Pihu Srinivasan,South,Bangalore,Furniture,Bed Architecto,15,129864,11599,UPI
10217,08-03-2025,Hunar Mand,East,Patna,Books,Fiction Dolorem,15,99263,7994,UPI
10218,01-12-2024,Fateh Shroff,North,Delhi,Sports,Tennis Racket Rem,20,159880,13770,Net Banking
10219,07-03-2025,Piya Korpal,North,Jaipur,Electronics,Headphones Recusandae,10,69008,15769,UPI
10220,22-11-2024,Dishani Ranganathan,South,Coimbatore,Toys,RC Car Quam,15,32324,4420,UPI
10221,10-01-2025,Raunak Krishnamurthy,West,Pune,Beauty,Shampoo Rem,15,56188,9407,Debit Card
10222,03-03-2024,Devansh Karnik,South,Coimbatore,Furniture,Chair Sint,15,14059,766,Debit Card
10223,02-10-2024,Misha Setty,West,Ahmedabad,Beauty,Lipstick Atque,5,43432,8765,Credit Card
10224,04-09-2025,Hridaan Karnik,West,Pune,Books,Non-Fiction Porro,15,131653,24358,Net Banking
10225,12-11-2023,Jayesh Kalita,West,Pune,Kitchen,Mixer Grinder Aperiam,0,212187,12131,UPI
10226,14-05-2024,Madhav Jaggi,West,Mumbai,Kitchen,Mixer Grinder Placeat,0,288705,70358,Net Banking
10227,18-07-2024,Priyansh Gour,North,Chandigarh,Groceries,Rice Ullam,10,295358,58308,COD
10228,03-09-2025,Shray Dugar,North,Jaipur,Groceries,Spices Cum,10,47053,10507,Net Banking
10229,04-05-2024,Rhea Ratti,South,Coimbatore,Clothing,Accessories Est,10,187682,30495,Net Banking
10230,07-08-2024,Akarsh Kala,West,Goa,Kitchen,Cookware Set Nihil,20,31020,2254,Net Banking
10231,06-11-2024,Neysa Kothari,East,Ranchi,Sports,Cricket Bat Ex,20,91043,17254,UPI
10232,16-02-2024,Shaan Seth,North,Amritsar,Home Decor,Wall Art Earum,20,37200,7575,UPI
10233,28-11-2024,Adira Dar,South,Coimbatore,Home Decor,Clock Optio,20,235354,32457,UPI
10234,14-08-2025,Mehul Bose,East,Bhubaneswar,Home Decor,Clock Maiores,5,147336,21418,COD
10235,17-07-2025,Reyansh Mahajan,East,Guwahati,Groceries,Sugar Iusto,15,33952,7336,Debit Card
10236,04-02-2025,Dhruv Bhattacharyya,West,Surat,Beauty,Shampoo Libero,20,59053,3757,Debit Card
10237,14-12-2024,Advika Ramakrishnan,South,Hyderabad,Electronics,Headphones Exercitationem,0,60444,5068,Net Banking
10238,01-02-2024,Eshani Anand,South,Bangalore,Books,Biography Deleniti,15,29895,7349,COD
10239,15-07-2025,Vardaniya Borra,East,Guwahati,Electronics,Headphones Doloribus,20,229340,28515,Net Banking
10240,26-10-2024,Misha Batra,South,Thiruvananthapuram,Clothing,Women's Wear Delectus,10,32735,4322,COD
10241,30-10-2023,Vaibhav Kunda,East,Bhubaneswar,Kitchen,Juicer Sint,15,58761,13789,Credit Card
10242,29-12-2023,Kimaya Vala,South,Coimbatore,Home Decor,Wall Art Tenetur,0,260200,18190,COD
10243,13-02-2025,Onkar Verma,East,Kolkata,Electronics,Camera Minus,20,85384,15862,Debit Card
10244,19-09-2024,Shanaya Bhat,South,Coimbatore,Sports,Tennis Racket Sed,0,61992,5891,Credit Card
10245,30-10-2023,Pihu Varghese,West,Goa,Kitchen,Mixer Grinder Aliquam,15,2659,362,UPI
10246,31-03-2024,Zain Sen,South,Bangalore,Clothing,Men's Wear Ex,15,100572,22121,COD
10247,24-02-2025,Suhana Ganguly,South,Thiruvananthapuram,Groceries,Spices Pariatur,10,51149,5324,Net Banking
10248,18-03-2025,Manjari Mangal,East,Bhubaneswar,Furniture,Cabinet Nisi,15,50811,8499,Debit Card
10249,13-06-2024,Yasmin Sekhon,East,Ranchi,Electronics,Smartwatch Tempore,15,105723,22061,Debit Card
10250,18-10-2023,Faiyaz Issac,East,Kolkata,Furniture,Table Deserunt,15,85439,10418,UPI
10251,24-09-2024,Darshit Hans,West,Pune,Home Decor,Clock Perferendis,5,114684,11744,Credit Card
10252,02-03-2024,Charvi Shenoy,North,Lucknow,Toys,Doll Assumenda,5,119981,23234,COD
10253,21-05-2024,Khushi Bhalla,South,Hyderabad,Clothing,Men's Wear Aliquid,0,289565,61458,COD
10254,16-01-2025,Samarth Biswas,West,Goa,Clothing,Women's Wear Totam,10,104897,17061,COD
10255,07-11-2023,Badal Mangal,East,Ranchi,Home Decor,Cushion Ipsum,10,29124,7278,Debit Card
10256,12-01-2025,Nirvi Keer,North,Amritsar,Electronics,Headphones Deleniti,5,10023,1456,UPI
10257,28-03-2024,Gatik Comar,West,Pune,Groceries,Spices Reiciendis,20,17950,2704,Net Banking
10258,21-10-2024,Hazel Hayre,North,Jaipur,Home Decor,Vase Laboriosam,10,324860,53183,Credit Card
10259,15-12-2024,Ritvik Mangat,North,Chandigarh,Clothing,Accessories Iure,5,56854,9759,COD
10260,03-06-2024,Damini Kapur,South,Bangalore,Clothing,Women's Wear Officia,5,56837,8325,Net Banking
10261,30-08-2025,Tushar Devan,South,Coimbatore,Clothing,Women's Wear Vero,0,55570,6794,UPI
10262,25-10-2024,Rohan Iyengar,East,Patna,Sports,Yoga Mat Quibusdam,10,67022,14627,COD
10263,22-11-2023,Bhavin Tara,North,Jaipur,Toys,Action Figure Beatae,10,136380,20914,COD
10264,05-02-2024,Drishya Mangal,South,Coimbatore,Kitchen,Juicer Voluptate,20,124995,30887,Credit Card
10265,07-03-2024,Divyansh Bhavsar,East,Kolkata,Kitchen,Cookware Set Ut,10,135518,8532,UPI
10266,26-10-2024,Anay Warrior,East,Guwahati,Books,Fiction Aliquid,20,35115,4820,UPI
10267,05-02-2025,Khushi Taneja,East,Bhubaneswar,Toys,RC Car Ipsum,5,96330,11892,Net Banking
10268,27-03-2025,Siya Chandra,North,Chandigarh,Kitchen,Microwave Eius,10,17480,2641,Credit Card
10269,20-02-2025,Taran Vig,South,Chennai,Toys,Doll Eius,20,229552,51151,UPI
10270,09-06-2024,Nitya Gopal,South,Thiruvananthapuram,Sports,Yoga Mat Consequuntur,20,88541,16699,Net Banking
10271,29-09-2024,Dishani Chaudhry,East,Ranchi,Electronics,Laptop Ipsam,0,126600,16592,Debit Card
10272,02-09-2025,Advika Grover,East,Bhubaneswar,Home Decor,Wall Art Neque,10,115909,27119,Credit Card
10273,27-08-2024,Suhana Rastogi,East,Bhubaneswar,Toys,RC Car Et,15,85813,9113,Debit Card
10274,16-02-2024,Onkar Rajagopal,South,Thiruvananthapuram,Furniture,Cabinet Provident,15,160834,35806,Credit Card
10275,16-04-2025,Rhea Basak,East,Kolkata,Sports,Football Temporibus,10,34402,6928,Debit Card
10276,14-04-2024,Anya Sha,South,Coimbatore,Electronics,Mobile Laudantium,20,3560,448,UPI
10277,10-04-2024,Alia Ravi,North,Lucknow,Beauty,Foundation Doloremque,5,236820,40372,COD
10278,22-04-2025,Tarini Shukla,West,Surat,Clothing,Women's Wear Consequuntur,5,149839,36850,Credit Card
10279,27-09-2024,Aarush Kaur,South,Thiruvananthapuram,Beauty,Lipstick Debitis,5,73171,10033,COD
10280,06-02-2024,Uthkarsh Dara,East,Guwahati,Groceries,Oil Sit,10,141660,22581,Debit Card
10281,17-08-2025,Samiha Dutta,East,Patna,Sports,Dumbbells Assumenda,15,198653,24668,UPI
10282,25-08-2024,Mahika Divan,East,Ranchi,Sports,Football Distinctio,10,155308,29994,COD
10283,30-06-2025,Vidur Sharaf,East,Patna,Toys,Board Game A,5,79612,8138,Debit Card
10284,10-05-2025,Purab Seshadri,South,Bangalore,Beauty,Foundation Necessitatibus,10,333536,29687,Credit Card
10285,05-08-2025,Vanya Sur,South,Hyderabad,Furniture,Cabinet Ratione,0,45039,5713,Net Banking
10286,14-02-2024,Rati Goyal,West,Mumbai,Kitchen,Microwave Ea,10,62389,14441,Credit Card
10287,23-07-2025,Anay Goswami,North,Jaipur,Electronics,Mobile Beatae,5,18079,3430,Credit Card
10288,09-03-2025,Anika Deol,East,Patna,Home Decor,Vase Exercitationem,5,30319,6664,COD
10289,30-03-2024,Sahil Saxena,North,Jaipur,Electronics,Camera Quasi,10,68890,11106,Debit Card
10290,23-06-2025,Rhea Rajagopalan,West,Ahmedabad,Electronics,Camera Atque,20,19237,1485,Net Banking
10291,20-04-2025,Zaina Bassi,South,Coimbatore,Beauty,Shampoo Nulla,15,225089,19502,Credit Card
10292,16-07-2024,Ishita Shroff,South,Bangalore,Furniture,Sofa Dolorum,20,2230,408,Credit Card
10293,16-10-2023,Kabir Dubey,West,Goa,Beauty,Foundation Officia,0,257712,26012,Net Banking
10294,10-05-2025,Zoya Gera,South,Hyderabad,Beauty,Shampoo Saepe,5,14436,907,COD
10295,05-11-2023,Shalv Lad,North,Delhi,Furniture,Chair Assumenda,5,149426,16809,Debit Card
10296,03-06-2024,Kaira Sinha,South,Bangalore,Clothing,Accessories Perspiciatis,0,265568,59732,UPI
10297,09-06-2024,Aaina Gala,East,Patna,Home Decor,Lamp Ex,5,153273,15728,Net Banking
10298,17-09-2025,Pari Vohra,North,Lucknow,Books,Fiction Rem,15,116017,26647,Credit Card
10299,03-01-2024,Lagan Kala,South,Thiruvananthapuram,Books,Textbook Alias,5,68905,5338,Net Banking
10300,14-09-2024,Keya Borah,North,Lucknow,Electronics,Camera Placeat,5,155601,33651,Net Banking
10301,29-08-2024,Hiran Balakrishnan,West,Mumbai,Electronics,Headphones Rerum,0,50673,6174,COD
10302,01-04-2025,Heer Lal,East,Kolkata,Beauty,Foundation Molestias,5,148166,28611,UPI
10303,13-05-2024,Stuvan Hayer,North,Chandigarh,Furniture,Bed Optio,20,203232,18445,Debit Card
10304,18-10-2024,Mishti Lata,West,Pune,Sports,Dumbbells Dolorem,10,54356,8805,UPI
10305,31-08-2025,Vedika Shetty,South,Chennai,Kitchen,Cookware Set Eligendi,0,74308,9828,UPI
10306,26-03-2024,Shalv Ahluwalia,North,Lucknow,Toys,RC Car Nobis,15,178887,33711,Net Banking
10307,05-11-2023,Rania Bawa,East,Guwahati,Home Decor,Vase Quisquam,10,87016,8010,Net Banking
10308,27-05-2024,Piya Yadav,North,Chandigarh,Furniture,Sofa Temporibus,10,65178,14017,UPI
10309,11-06-2025,Emir Doctor,South,Chennai,Beauty,Shampoo Commodi,0,225336,41757,UPI
10310,13-09-2024,Tiya Bedi,North,Delhi,Furniture,Bed Aspernatur,5,58352,7118,Net Banking
10311,17-07-2024,Lavanya Cherian,South,Coimbatore,Toys,Board Game Consectetur,5,327536,66433,Net Banking
10312,13-04-2025,Nirvi Vyas,East,Ranchi,Home Decor,Vase A,20,87459,6643,Debit Card
10313,06-12-2023,Alia Bandi,East,Ranchi,Toys,Puzzle Veniam,0,25673,5287,Net Banking
10314,09-01-2025,Adira Dhingra,North,Delhi,Beauty,Perfume Mollitia,0,352555,50631,COD
10315,25-05-2024,Saira Chacko,North,Jaipur,Books,Comics Reprehenderit,10,121955,16875,UPI
10316,27-12-2023,Biju Handa,East,Kolkata,Electronics,Headphones Perferendis,15,197622,24989,Debit Card
10317,11-05-2024,Badal Sanghvi,South,Bangalore,Toys,Action Figure Ipsum,10,274838,62452,UPI
10318,01-06-2025,Manikya Sur,West,Pune,Sports,Cricket Bat Accusamus,5,227461,38213,Net Banking
10319,27-10-2024,Ritvik Sankar,West,Surat,Groceries,Wheat Repellendus,10,127038,28042,Credit Card
10320,26-05-2025,Gokul Kari,North,Delhi,Groceries,Wheat Facere,0,79212,6200,Credit Card
10321,22-01-2024,Veer Sood,North,Chandigarh,Furniture,Chair Odit,15,71349,15173,Debit Card
10322,25-02-2025,Nitya Mani,West,Goa,Electronics,Mobile Mollitia,15,57520,7514,UPI
10323,18-03-2024,Mamooty Jhaveri,West,Pune,Kitchen,Refrigerator Unde,15,94683,11283,COD
10324,21-02-2025,Abram Gera,West,Mumbai,Electronics,Mobile Asperiores,0,271340,43514,UPI
10325,10-07-2024,Aniruddh Batra,East,Guwahati,Home Decor,Cushion Earum,20,119661,26432,Net Banking
10326,10-07-2025,Navya Balakrishnan,East,Kolkata,Kitchen,Mixer Grinder Maxime,5,153927,19587,COD
10327,12-11-2023,Vedika Suri,East,Patna,Kitchen,Microwave Quia,0,10030,1721,Net Banking
10328,19-09-2024,Taran Ganesan,South,Hyderabad,Clothing,Men's Wear Debitis,20,188410,41098,Credit Card
10329,24-11-2024,Dhanuk Ramachandran,North,Chandigarh,Clothing,Kids Wear Pariatur,0,5141,930,Debit Card
10330,16-10-2024,Tarini Walia,South,Bangalore,Sports,Dumbbells Ab,10,6503,1114,Credit Card
10331,25-10-2024,Ira Walia,West,Surat,Electronics,Laptop Tempore,0,138345,18153,UPI
10332,08-03-2024,Fateh Dhar,South,Thiruvananthapuram,Groceries,Wheat Itaque,10,116438,20640,Credit Card
10333,23-03-2024,Indrajit Kaul,North,Jaipur,Books,Fiction Sunt,10,243252,34303,COD
10334,22-11-2023,Krish Ahuja,South,Hyderabad,Beauty,Face Cream Doloribus,15,36392,6662,Credit Card
10335,01-06-2025,Mohanlal Dyal,West,Goa,Furniture,Cabinet Iusto,0,107168,8764,Net Banking
10336,26-08-2025,Jivin Bobal,South,Thiruvananthapuram,Furniture,Sofa Occaecati,5,16403,1078,Debit Card
10337,21-11-2023,Prisha Dhillon,South,Bangalore,Electronics,Mobile Quo,15,98144,12725,UPI
10338,19-07-2024,Veer Goel,East,Bhubaneswar,Groceries,Sugar Est,15,123706,15183,Credit Card
10339,08-10-2023,Hunar Ganesan,West,Surat,Furniture,Chair Ipsum,0,223100,17960,Net Banking
10340,27-07-2024,Hrishita Lata,East,Guwahati,Books,Comics Unde,5,149101,21260,Credit Card
10341,18-05-2024,Mishti Bhagat,East,Kolkata,Furniture,Chair Voluptatum,15,122234,21318,Credit Card
10342,27-08-2024,Dharmajan Goel,East,Bhubaneswar,Sports,Football Fugiat,20,68870,11660,UPI
10343,16-10-2023,Taimur Bumb,East,Bhubaneswar,Kitchen,Mixer Grinder Labore,20,32875,5197,Debit Card
10344,19-10-2024,Divij Bose,West,Ahmedabad,Kitchen,Juicer Officia,5,64346,11813,UPI
10345,21-08-2025,Biju Vig,South,Bangalore,Sports,Yoga Mat Aliquid,5,107094,24660,Net Banking
10346,02-02-2025,Dhruv Bhalla,West,Mumbai,Clothing,Kids Wear Labore,15,184248,45929,COD
10347,01-07-2024,Badal Balan,East,Kolkata,Kitchen,Mixer Grinder Doloribus,5,7659,1393,Net Banking
10348,07-11-2024,Mahika Sachdeva,South,Coimbatore,Electronics,Camera Voluptatum,15,60108,5835,UPI
10349,26-06-2025,Elakshi Baral,East,Kolkata,Home Decor,Clock Nam,10,22874,5134,UPI
10350,03-06-2025,Rania Balakrishnan,East,Guwahati,Home Decor,Vase Vel,20,32827,5811,Credit Card
10351,05-08-2024,Samaira Goel,North,Amritsar,Sports,Football Iusto,0,139236,30309,Net Banking
10352,28-07-2024,Suhana Talwar,West,Mumbai,Home Decor,Cushion Voluptate,20,53128,12432,Credit Card
10353,07-09-2024,Tara Chaudhry,South,Chennai,Toys,Board Game Dolore,20,230141,41479,UPI
10354,22-01-2024,Shanaya Roy,West,Pune,Kitchen,Microwave Quos,5,50135,3970,COD
10355,20-07-2025,Onkar Sunder,North,Delhi,Groceries,Oil Quibusdam,20,40352,7659,COD
10356,08-10-2023,Yasmin Baral,North,Amritsar,Home Decor,Cushion Consequatur,10,31348,4061,UPI
10357,26-01-2025,Shayak Koshy,South,Chennai,Kitchen,Cookware Set Natus,20,143072,19431,Net Banking
10358,08-05-2025,Yakshit Arora,South,Bangalore,Clothing,Shoes Quisquam,0,3780,363,Credit Card
10359,14-01-2024,Riaan Sura,East,Kolkata,Kitchen,Cookware Set Incidunt,10,15826,3032,Net Banking
10360,28-07-2024,Aarna Ramesh,East,Patna,Books,Biography Quas,10,83921,4319,Debit Card
10361,28-04-2025,Yuvaan Sheth,West,Ahmedabad,Home Decor,Lamp Veritatis,15,59781,11479,Debit Card
10362,14-11-2024,Riya Hari,West,Mumbai,Clothing,Accessories Velit,5,257161,13975,UPI
10363,20-10-2024,Lavanya Anne,West,Mumbai,Beauty,Face Cream Maxime,5,255174,16708,Debit Card
10364,19-11-2023,Taimur Goda,South,Coimbatore,Clothing,Women's Wear Ab,0,7087,605,Net Banking
10365,14-05-2025,Mamooty Vora,North,Jaipur,Groceries,Wheat Animi,15,112463,21744,UPI
10366,03-10-2025,Rasha Sule,West,Surat,Toys,Action Figure Veritatis,0,54671,12774,UPI
10367,14-11-2023,Anahi Issac,East,Patna,Toys,RC Car Veritatis,5,27344,6205,UPI
10368,06-01-2025,Ela Chandra,North,Lucknow,Home Decor,Clock Earum,15,111223,9146,UPI
10369,13-10-2023,Samiha Sabharwal,East,Patna,Home Decor,Clock Saepe,15,34172,6720,Debit Card
10370,08-04-2024,Tara Hari,West,Surat,Sports,Dumbbells Voluptatibus,20,166764,17579,COD
10371,25-04-2024,Sumer Mann,West,Mumbai,Furniture,Cabinet Iure,0,207392,47872,Debit Card
10372,28-06-2025,Suhana Sunder,North,Lucknow,Electronics,Laptop Deserunt,20,11208,2672,UPI
10373,25-10-2024,Anay Mandal,South,Chennai,Clothing,Kids Wear Ipsa,10,142126,11846,Debit Card
10374,04-11-2023,Emir Jha,East,Ranchi,Furniture,Table Libero,5,168298,12145,Debit Card
10375,17-10-2023,Nehmat Iyengar,West,Surat,Groceries,Wheat Laboriosam,20,19910,3164,Net Banking
10376,23-09-2025,Ritvik Sood,South,Bangalore,Beauty,Perfume Quas,0,104508,10965,Debit Card
10377,03-10-2024,Taimur Bahl,South,Chennai,Kitchen,Juicer Facere,0,230829,19571,Debit Card
10378,23-06-2024,Mahika Kothari,East,Patna,Books,Textbook Odio,10,88261,20015,COD
10379,30-01-2025,Jiya Bahl,West,Ahmedabad,Sports,Tennis Racket Veritatis,5,20486,2609,Credit Card
10380,28-08-2025,Ranbir Khalsa,North,Chandigarh,Beauty,Shampoo Molestiae,20,103464,11392,Credit Card
10381,23-02-2025,Darshit Upadhyay,North,Jaipur,Furniture,Bed Recusandae,5,42058,7357,COD
10382,09-04-2024,Ayesha Sarna,North,Chandigarh,Furniture,Bed Veritatis,5,65197,7225,Credit Card
10383,12-08-2025,Sara Koshy,East,Ranchi,Furniture,Sofa Laboriosam,5,220443,50160,Net Banking
10384,30-06-2024,Samar Jayaraman,North,Chandigarh,Furniture,Bed Illum,0,137560,18866,Net Banking
10385,26-08-2025,Seher Lall,North,Amritsar,Sports,Cricket Bat Eligendi,20,91776,19046,Net Banking
10386,23-11-2024,Anahita Hegde,South,Coimbatore,Toys,Doll Hic,20,45149,2804,Debit Card
10387,06-03-2025,Indranil Varty,West,Mumbai,Beauty,Lipstick Esse,15,34764,8081,UPI
10388,18-08-2024,Myra Sarkar,South,Thiruvananthapuram,Clothing,Accessories Voluptas,10,53089,10186,COD
10389,11-06-2024,Nitara Char,North,Amritsar,Toys,Board Game Impedit,15,40367,7958,Debit Card
10390,31-12-2023,Anay Deol,East,Bhubaneswar,Home Decor,Lamp Cum,15,97111,14603,UPI
10391,29-12-2024,Anvi Jayaraman,East,Kolkata,Furniture,Table Exercitationem,15,153598,34231,Credit Card
10392,02-01-2025,Aaina Sharaf,South,Chennai,Beauty,Foundation Magni,0,62507,15215,COD
10393,20-08-2024,Alia Borde,East,Kolkata,Sports,Football Commodi,15,139957,25633,Credit Card
10394,01-02-2024,Kanav Shan,South,Hyderabad,Beauty,Foundation Sequi,5,92682,7015,Net Banking
10395,22-05-2024,Suhana Ram,East,Bhubaneswar,Groceries,Oil Accusamus,20,315968,58415,UPI
10396,10-09-2024,Ivana Sen,South,Hyderabad,Kitchen,Juicer Nesciunt,15,56090,9486,Debit Card
10397,12-11-2023,Anaya Krish,West,Surat,Home Decor,Vase Accusamus,5,75023,7929,Credit Card
10398,14-05-2025,Vihaan Lall,East,Guwahati,Electronics,Laptop Sunt,15,199609,41772,Credit Card
10399,06-03-2025,Yakshit Gole,South,Chennai,Sports,Football Maiores,15,29792,3805,UPI
10400,14-07-2024,Elakshi Barman,East,Kolkata,Books,Non-Fiction Repellendus,10,121876,25359,Net Banking
10401,22-05-2024,Eshani Kala,South,Bangalore,Furniture,Table Explicabo,10,228042,56418,UPI
10402,14-06-2024,Mahika Tiwari,South,Coimbatore,Kitchen,Cookware Set Ipsum,10,59536,10175,Debit Card
10403,02-02-2024,Neysa Chacko,South,Coimbatore,Kitchen,Microwave Soluta,5,110941,6649,Net Banking
10404,18-06-2024,Kabir Koshy,West,Goa,Toys,Board Game Vel,20,81641,7899,Credit Card
10405,17-09-2025,Shayak Tiwari,West,Surat,Furniture,Sofa Laboriosam,0,81488,17473,Debit Card
10406,28-01-2024,Indrans Wable,East,Patna,Home Decor,Lamp Impedit,20,86488,10829,UPI
10407,21-11-2023,Jiya Banerjee,North,Chandigarh,Kitchen,Refrigerator Facere,15,26874,1409,Debit Card
10408,11-02-2025,Yashvi Chopra,West,Pune,Kitchen,Juicer Ad,5,104994,21539,Debit Card
10409,02-01-2025,Anay Kamdar,South,Bangalore,Clothing,Kids Wear Officia,5,59540,3888,UPI
10410,05-05-2025,Bhavin Suresh,East,Kolkata,Clothing,Accessories Dignissimos,5,140874,26268,COD
10411,12-07-2024,Eva Dar,South,Thiruvananthapuram,Toys,Action Figure Ducimus,5,11565,969,Credit Card
10412,15-05-2024,Sumer Bhandari,North,Amritsar,Clothing,Kids Wear Reprehenderit,5,261839,41134,UPI
10413,14-03-2024,Vihaan Majumdar,South,Chennai,Kitchen,Cookware Set Accusantium,20,165336,28998,Net Banking
10414,07-03-2024,Nakul Maharaj,South,Chennai,Clothing,Kids Wear Adipisci,15,58687,12644,UPI
10415,07-02-2024,Darshit Tripathi,East,Bhubaneswar,Groceries,Oil Optio,10,41302,5877,Debit Card
10416,02-10-2025,Faiyaz Chada,North,Chandigarh,Books,Biography Facilis,5,70674,17236,Debit Card
10417,11-05-2024,Azad Bhardwaj,North,Amritsar,Furniture,Cabinet Temporibus,20,123034,27145,UPI
10418,09-01-2025,Priyansh Rama,South,Bangalore,Clothing,Men's Wear Repellat,10,320432,33894,Debit Card
10419,31-07-2024,Sana Borde,North,Lucknow,Clothing,Kids Wear Accusamus,5,283395,63464,COD
10420,23-09-2024,Trisha Lad,South,Thiruvananthapuram,Toys,Doll Ab,5,288203,38959,Credit Card
10421,03-07-2025,Pihu Mane,West,Surat,Electronics,Mobile Rem,10,42785,7439,Credit Card
10422,03-11-2024,Hansh Dara,South,Bangalore,Sports,Tennis Racket Ipsum,5,223865,42669,Credit Card
10423,09-01-2024,Hazel Chakrabarti,South,Bangalore,Home Decor,Clock Provident,0,137168,33084,COD
10424,02-05-2024,Kismat Rajan,East,Patna,Clothing,Accessories Laudantium,10,96363,8393,UPI
10425,19-06-2025,Onkar Dugar,West,Goa,Sports,Cricket Bat Doloremque,15,32883,6951,Credit Card
10426,12-11-2024,Ivana Kadakia,East,Kolkata,Toys,Action Figure Quae,5,241162,41030,Debit Card
10427,17-08-2024,Adira Issac,West,Ahmedabad,Sports,Yoga Mat A,5,21670,2977,Credit Card
10428,16-10-2024,Chirag Ramanathan,East,Ranchi,Beauty,Foundation Occaecati,15,108611,20675,UPI
10429,24-02-2024,Priyansh Khurana,East,Patna,Groceries,Rice Id,10,100314,9396,UPI
10430,03-08-2025,Jiya Savant,West,Mumbai,Kitchen,Mixer Grinder Rem,20,96224,14747,Credit Card
10431,11-12-2023,Advik Talwar,West,Ahmedabad,Toys,Action Figure Atque,20,40803,3958,Debit Card
10432,16-04-2024,Zara Ramachandran,East,Kolkata,Groceries,Rice Illum,20,136874,20500,UPI
10433,28-04-2025,Dhanuk Saraf,East,Kolkata,Sports,Cricket Bat Iusto,10,95157,20223,COD
10434,17-02-2025,Dhanuk Soni,North,Amritsar,Sports,Cricket Bat Totam,0,159698,38482,Credit Card
10435,20-09-2025,Indrajit Wason,North,Lucknow,Clothing,Women's Wear Non,10,112296,26273,UPI
10436,17-07-2024,Hazel Kade,North,Jaipur,Toys,Puzzle Tempore,10,15456,3606,COD
10437,25-05-2025,Armaan Kunda,West,Mumbai,Groceries,Rice Accusantium,10,30560,1976,Net Banking
10438,19-06-2024,Rasha Tank,South,Coimbatore,Home Decor,Vase Est,0,214656,51499,COD
10439,14-10-2024,Rasha Bose,South,Coimbatore,Sports,Tennis Racket Rerum,5,59347,13482,Credit Card
10440,20-05-2024,Anvi Raju,West,Pune,Sports,Dumbbells Accusamus,20,73380,13732,Credit Card
10441,22-08-2024,Sara Chowdhury,East,Bhubaneswar,Sports,Football Exercitationem,15,10019,2342,COD
10442,11-10-2023,Indrajit Dave,South,Hyderabad,Groceries,Spices Eius,20,23987,3758,UPI
10443,19-04-2025,Nitya Sastry,West,Ahmedabad,Furniture,Sofa Ad,20,84166,15279,UPI
10444,10-02-2024,Hunar Bedi,North,Jaipur,Sports,Tennis Racket Placeat,15,166433,32499,UPI
10445,09-02-2025,Hrishita Jani,East,Guwahati,Books,Non-Fiction Nam,0,62525,11292,UPI
10446,15-04-2025,Shray Raja,West,Surat,Toys,RC Car Itaque,5,137193,20209,Net Banking
10447,17-02-2025,Ehsaan Sawhney,East,Ranchi,Furniture,Chair Voluptate,5,12420,667,Debit Card
10448,05-10-2024,Miraan Khanna,East,Kolkata,Clothing,Women's Wear In,5,47903,3220,Credit Card
10449,17-08-2025,Ranbir Suresh,South,Thiruvananthapuram,Furniture,Sofa Expedita,0,109580,6333,UPI
10450,09-06-2025,Aarav Singhal,East,Patna,Toys,Action Figure Minus,5,128934,25079,Credit Card
10451,29-11-2024,Aniruddh Doctor,West,Ahmedabad,Clothing,Shoes Hic,10,115121,25070,Credit Card
10452,24-02-2025,Siya Thaker,North,Delhi,Sports,Tennis Racket Illo,15,243114,37086,Net Banking
10453,29-09-2025,Taran Kakar,South,Bangalore,Books,Textbook Quam,5,19232,2134,COD
10454,30-08-2025,Trisha Mandal,East,Kolkata,Furniture,Bed Ab,20,21738,4454,COD
10455,06-07-2024,Sumer Vasa,North,Lucknow,Sports,Yoga Mat Distinctio,20,15075,2186,Net Banking
10456,02-05-2024,Krish Kannan,East,Ranchi,Clothing,Men's Wear Recusandae,10,41024,3098,UPI
10457,01-04-2025,Ojas Chaudhary,East,Ranchi,Beauty,Perfume Quibusdam,5,129471,24295,Net Banking
10458,03-10-2024,Reyansh Handa,North,Jaipur,Electronics,Mobile Nihil,10,127944,17285,Net Banking
10459,27-02-2025,Hiran Sinha,West,Ahmedabad,Toys,Puzzle Doloribus,0,38162,5166,COD
10460,17-01-2025,Tanya Tak,South,Hyderabad,Clothing,Men's Wear Repudiandae,0,38605,2917,UPI
10461,08-07-2024,Ivana Sahota,East,Kolkata,Toys,Action Figure Numquam,10,14348,1830,Credit Card
10462,27-12-2023,Armaan Hora,South,Thiruvananthapuram,Books,Textbook Iste,15,143684,23356,Credit Card
10463,09-04-2025,Vanya Upadhyay,North,Jaipur,Electronics,Mobile Quo,10,82571,15016,Net Banking
10464,25-02-2024,Shalv Mallick,East,Ranchi,Clothing,Women's Wear Voluptatum,20,11851,654,UPI
10465,04-03-2025,Hridaan Dyal,North,Chandigarh,Kitchen,Cookware Set Repellat,20,70579,8812,Debit Card
10466,09-03-2024,Heer Varghese,South,Bangalore,Clothing,Women's Wear Fugiat,15,104764,7900,Net Banking
10467,31-01-2024,Kiaan Bhat,North,Jaipur,Groceries,Sugar Fugit,0,186052,21722,UPI
10468,22-03-2024,Urvi Vora,North,Chandigarh,Electronics,Laptop Magni,15,183585,12295,Net Banking
10469,19-05-2025,Urvi Shroff,East,Ranchi,Electronics,Laptop Sit,20,7779,1283,COD
10470,13-07-2025,Aradhya Jayaraman,North,Jaipur,Clothing,Men's Wear Explicabo,20,142240,33227,UPI
10471,01-10-2024,Aayush Boase,East,Guwahati,Furniture,Sofa Suscipit,15,110985,24940,Credit Card
10472,30-08-2025,Vedika Arora,East,Kolkata,Sports,Tennis Racket Molestiae,0,295950,41812,UPI
10473,26-11-2024,Charvi Gulati,South,Bangalore,Groceries,Sugar Temporibus,0,43516,5432,Debit Card
10474,19-10-2024,Kavya Chokshi,East,Ranchi,Toys,Board Game Nulla,5,53970,6503,Debit Card
10475,18-06-2024,Amani Sanghvi,West,Surat,Groceries,Oil Aliquam,5,13971,1272,Debit Card
10476,25-02-2025,Priyansh Ghose,East,Patna,Home Decor,Cushion Labore,0,176650,21282,COD
10477,19-08-2024,Kavya Kade,North,Jaipur,Kitchen,Microwave Cumque,0,60344,3393,COD
10478,12-02-2025,Khushi Kunda,South,Bangalore,Beauty,Perfume Maxime,0,325580,68225,COD
10479,20-05-2024,Mamooty Boase,North,Delhi,Books,Biography Eaque,15,43784,2675,UPI
10480,14-08-2024,Zain Hari,North,Amritsar,Clothing,Accessories Repellendus,5,353172,60836,COD
10481,26-02-2024,Raghav Hegde,North,Jaipur,Books,Non-Fiction Architecto,15,88788,13088,UPI
10482,08-05-2024,Piya Bhattacharyya,East,Ranchi,Furniture,Table Tenetur,0,151647,15286,UPI
10483,24-02-2025,Aarav Bal,North,Chandigarh,Books,Comics Eos,15,80529,6490,Net Banking
10484,04-04-2024,Lagan Thakur,West,Surat,Furniture,Bed Iure,5,237751,37337,Net Banking
10485,17-02-2024,Kiara Chahal,South,Hyderabad,Electronics,Mobile Sequi,10,99976,20889,COD
10486,02-07-2025,Farhan Ramachandran,West,Ahmedabad,Home Decor,Vase Perferendis,15,35183,6698,UPI
10487,19-08-2024,Suhana Sheth,North,Chandigarh,Books,Non-Fiction Optio,10,59810,12464,COD
10488,04-01-2024,Ritvik Dara,East,Kolkata,Home Decor,Lamp At,0,52459,7058,COD
10489,26-11-2023,Suhana Bumb,East,Guwahati,Furniture,Chair Tempora,15,157403,34631,Net Banking
10490,25-04-2025,Nayantara Rajagopalan,West,Pune,Groceries,Oil Explicabo,20,51640,10631,UPI
10491,16-10-2023,Damini Madan,South,Chennai,Electronics,Smartwatch Ipsa,5,47874,7675,Net Banking
10492,30-01-2024,Neelofar Hans,East,Bhubaneswar,Furniture,Table Ipsum,5,49898,11710,UPI
10493,23-12-2024,Suhana Mann,East,Ranchi,Electronics,Smartwatch Consectetur,5,121553,18973,COD
10494,05-01-2024,Vidur Bahl,West,Pune,Sports,Yoga Mat Et,0,9722,2292,UPI
10495,05-05-2024,Kiaan Gour,West,Ahmedabad,Toys,Doll Recusandae,15,133768,22538,UPI
10496,21-05-2025,Divyansh Ratta,South,Bangalore,Furniture,Sofa Voluptatibus,0,111888,14864,UPI
10497,07-07-2024,Heer Kuruvilla,West,Pune,Beauty,Face Cream Corrupti,20,20960,2876,Credit Card
10498,22-06-2024,Aniruddh Dhingra,East,Bhubaneswar,Kitchen,Refrigerator Perferendis,0,253748,16868,Credit Card
10499,15-02-2024,Yashvi Sarraf,South,Coimbatore,Sports,Cricket Bat Consequuntur,15,18238,1272,COD
10500,11-10-2024,Purab Kulkarni,West,Surat,Books,Non-Fiction Explicabo,15,111614,18435,Net Banking
10501,29-08-2024,Anahi Rattan,South,Chennai,Toys,RC Car Magnam,15,56384,3174,Credit Card
10502,20-01-2024,Taimur Krishnamurthy,South,Thiruvananthapuram,Clothing,Shoes Totam,0,30586,6366,COD
10503,30-10-2023,Heer Korpal,East,Kolkata,Kitchen,Cookware Set Quam,5,32220,5866,COD
10504,24-04-2024,Dhruv Aurora,North,Amritsar,Kitchen,Refrigerator Impedit,0,71520,9229,Debit Card
10505,11-07-2024,Mahika Bail,North,Delhi,Clothing,Kids Wear Distinctio,10,241362,46925,Net Banking
10506,02-03-2024,Aarav Bakshi,East,Bhubaneswar,Home Decor,Clock Necessitatibus,10,21528,1168,COD
10507,19-07-2024,Parinaaz Bhandari,North,Amritsar,Electronics,Mobile Nulla,10,250101,15999,Net Banking
10508,02-10-2025,Amani Sankaran,East,Guwahati,Books,Textbook Doloribus,10,18745,3955,COD
10509,25-07-2024,Shaan Master,North,Chandigarh,Electronics,Camera Eius,0,74924,17324,Credit Card
10510,17-12-2023,Advik Dey,South,Hyderabad,Home Decor,Vase Beatae,10,97754,4988,Credit Card
10511,12-05-2025,Samarth Sandhu,East,Guwahati,Books,Non-Fiction Pariatur,20,10382,1938,COD
10512,02-09-2024,Trisha Dutt,West,Ahmedabad,Beauty,Lipstick Illo,5,84677,19554,Net Banking
10513,11-01-2025,Parinaaz Rama,North,Delhi,Toys,RC Car Illo,20,156367,11129,Debit Card
10514,20-10-2023,Samaira Loyal,South,Bangalore,Beauty,Face Cream Ab,0,136596,17650,Credit Card
10515,24-02-2024,Raunak Mane,South,Coimbatore,Beauty,Lipstick Tenetur,0,317352,24679,COD
10516,13-11-2023,Riya Date,West,Goa,Home Decor,Vase Inventore,5,54080,12005,COD
10517,24-04-2025,Charvi Brar,South,Chennai,Electronics,Smartwatch Similique,0,54815,8558,Debit Card
10518,23-02-2025,Heer Dhawan,West,Pune,Furniture,Table Consequuntur,15,38990,5105,Net Banking
10519,26-06-2024,Samaira Dugar,West,Pune,Groceries,Spices Accusantium,20,84675,13613,UPI
10520,27-08-2024,Sumer Goda,North,Delhi,Home Decor,Clock Rerum,10,59008,4038,Debit Card
10521,25-07-2024,Akarsh Balan,North,Chandigarh,Groceries,Wheat Voluptatem,20,83244,8272,Debit Card
10522,10-08-2025,Abram Bansal,West,Pune,Groceries,Rice Rem,5,203159,27827,Debit Card
10523,23-04-2024,Bhamini Gulati,North,Jaipur,Clothing,Kids Wear Quidem,10,184491,32779,COD
10524,14-09-2024,Nishith Sankar,West,Surat,Books,Non-Fiction Ipsam,0,201708,45298,Credit Card
10525,15-02-2024,Alia Suri,North,Jaipur,Clothing,Kids Wear Voluptatum,15,125894,12613,Credit Card
10526,22-03-2024,Raghav Sachdeva,North,Jaipur,Sports,Football Deleniti,15,142130,8563,COD
10527,10-03-2025,Zain Sarkar,North,Delhi,Kitchen,Refrigerator Laboriosam,0,119124,11695,Debit Card
10528,13-10-2023,Mohanlal Kapoor,South,Chennai,Toys,Action Figure Voluptatum,20,27818,6886,Credit Card
10529,12-11-2023,Faiyaz Rattan,West,Ahmedabad,Kitchen,Mixer Grinder Provident,5,235757,32491,Net Banking
10530,02-04-2025,Aayush Sood,North,Chandigarh,Kitchen,Cookware Set Nulla,20,44726,9396,Debit Card
10531,19-08-2024,Shamik Ahluwalia,East,Bhubaneswar,Kitchen,Cookware Set Recusandae,15,106165,19709,COD
10532,23-01-2025,Ishaan Chopra,East,Bhubaneswar,Clothing,Shoes Quos,10,69646,12770,Debit Card
10533,11-12-2024,Seher Dhar,East,Patna,Books,Biography Eaque,0,58312,11073,Credit Card
10534,27-12-2024,Ishita De,West,Mumbai,Beauty,Lipstick Autem,15,9787,2213,COD
10535,21-03-2024,Miraya Aurora,North,Amritsar,Clothing,Shoes Autem,20,51672,11810,Net Banking
10536,07-06-2024,Indranil Lall,East,Guwahati,Furniture,Bed Iure,0,84732,5238,UPI
10537,04-05-2025,Tiya Sandhu,South,Bangalore,Groceries,Wheat Minima,0,63093,8195,Credit Card
10538,11-10-2023,Madhav Mandal,East,Bhubaneswar,Toys,Doll Culpa,5,142738,11387,Net Banking
10539,31-10-2023,Navya Kale,South,Chennai,Furniture,Cabinet Deleniti,20,250918,33577,UPI
10540,07-04-2024,Pari Agate,South,Chennai,Kitchen,Juicer Excepturi,10,118587,28063,Debit Card
10541,22-11-2024,Shanaya Gokhale,North,Delhi,Sports,Football Dolorem,0,179721,40381,Credit Card
10542,29-07-2025,Vivaan Ranganathan,East,Kolkata,Electronics,Smartwatch At,0,60217,4725,Credit Card
10543,01-09-2025,Prerak Barad,East,Guwahati,Furniture,Cabinet Ullam,20,21521,1786,Credit Card
10544,27-11-2024,Akarsh Chacko,North,Delhi,Kitchen,Cookware Set Minus,10,34274,2234,Net Banking
10545,13-05-2024,Faiyaz Srinivas,South,Bangalore,Beauty,Foundation Ullam,0,129969,13216,COD
10546,04-03-2024,Yasmin Vala,South,Chennai,Kitchen,Juicer Inventore,0,343040,77964,Net Banking
10547,05-09-2024,Parinaaz Swaminathan,South,Chennai,Books,Textbook Quibusdam,20,34790,7099,UPI
10548,18-01-2025,Romil Chana,North,Lucknow,Books,Fiction Dicta,15,82892,14455,COD
10549,17-01-2025,Rohan Varty,East,Bhubaneswar,Sports,Dumbbells Illum,10,135419,26702,Credit Card
10550,29-09-2025,Dhanuk Kapur,West,Pune,Groceries,Oil Omnis,20,125208,7747,Credit Card
10551,23-10-2023,Sana Gulati,East,Patna,Kitchen,Juicer Nobis,15,257887,55319,Credit Card
10552,01-08-2025,Vedika Jha,South,Bangalore,Furniture,Table Nobis,20,50885,4667,Credit Card
10553,12-02-2025,Bhavin Dhawan,East,Bhubaneswar,Electronics,Smartwatch Cumque,0,132952,10594,COD
10554,31-10-2023,Eva Khatri,North,Chandigarh,Kitchen,Juicer Esse,10,2514,535,Credit Card
10555,26-02-2024,Shlok Master,South,Bangalore,Toys,Board Game Reiciendis,15,175619,30597,COD
10556,16-04-2025,Aaryahi Madan,North,Jaipur,Groceries,Oil Pariatur,10,244426,57853,COD
10557,05-04-2025,Manjari Bhavsar,East,Patna,Groceries,Rice Quis,0,203964,50851,UPI
10558,22-01-2024,Shayak Mane,South,Hyderabad,Furniture,Chair Impedit,20,133172,19316,Credit Card
10559,08-02-2024,Ehsaan Majumdar,East,Kolkata,Groceries,Rice Aperiam,20,19714,3850,Net Banking
10560,27-07-2024,Bhavin Venkatesh,South,Hyderabad,Books,Fiction Dicta,0,47097,11282,Credit Card
10561,25-12-2024,Pranay Chauhan,South,Bangalore,Furniture,Cabinet Non,10,136627,26816,UPI
10562,23-09-2024,Kiaan Saini,South,Bangalore,Furniture,Chair Vero,20,119613,14359,Credit Card
10563,16-11-2023,Shayak Lal,West,Pune,Electronics,Camera Fugiat,10,111380,16794,Debit Card
10564,20-11-2023,Stuvan Ray,East,Kolkata,Home Decor,Vase Nam,0,134037,13699,COD
10565,28-07-2024,Riaan Srivastava,South,Bangalore,Home Decor,Lamp Similique,20,299116,25441,Net Banking
10566,03-01-2024,Armaan Kara,South,Hyderabad,Home Decor,Vase Modi,5,71299,10868,Credit Card
10567,07-02-2025,Hansh Ghosh,East,Bhubaneswar,Books,Non-Fiction Velit,0,103724,23260,Debit Card
10568,08-11-2024,Aaina Chopra,West,Ahmedabad,Kitchen,Cookware Set Aspernatur,5,49016,10827,COD
10569,05-02-2025,Vritika Cherian,North,Lucknow,Toys,Board Game Sed,10,67728,8682,Credit Card
10570,05-02-2024,Vivaan Gole,South,Chennai,Sports,Yoga Mat Provident,20,96844,20979,Credit Card
10571,19-07-2024,Rasha Rana,South,Chennai,Books,Non-Fiction Incidunt,15,41281,5692,UPI
10572,27-05-2025,Raghav Kari,North,Lucknow,Kitchen,Mixer Grinder Illo,15,10107,2267,Net Banking
10573,14-10-2023,Saanvi Gulati,North,Delhi,Books,Fiction Cumque,0,130779,24348,UPI
10574,01-07-2024,Jayan Doshi,West,Pune,Kitchen,Microwave Nam,5,65897,6174,Debit Card
10575,18-02-2025,Ryan Sem,East,Patna,Toys,RC Car Eligendi,10,163204,26150,COD
10576,27-07-2025,Onkar Buch,West,Mumbai,Kitchen,Mixer Grinder Asperiores,15,34359,4217,Credit Card
10577,03-12-2023,Rati Bawa,North,Chandigarh,Furniture,Table Excepturi,5,131151,8563,Debit Card
10578,04-03-2025,Shamik Tak,East,Ranchi,Books,Biography Laudantium,15,74662,14278,Debit Card
10579,24-02-2024,Amira Kala,West,Pune,Toys,Action Figure Quidem,20,165724,23182,UPI
10580,12-01-2025,Samiha Bhagat,North,Lucknow,Books,Textbook Dolore,0,313508,31019,UPI
10581,26-06-2024,Kiaan Khosla,West,Mumbai,Home Decor,Clock Modi,5,53500,11704,COD
10582,17-04-2024,Charvi Raman,East,Patna,Home Decor,Cushion Minus,0,340765,26431,Credit Card
10583,20-10-2023,Pihu Gola,South,Hyderabad,Electronics,Mobile Deleniti,20,287952,45956,Net Banking
10584,09-07-2024,Neysa Saraf,East,Patna,Toys,Action Figure Totam,0,254635,53140,Credit Card
10585,18-04-2025,Fateh Maharaj,North,Amritsar,Furniture,Cabinet Quos,15,10965,1856,Credit Card
10586,16-04-2025,Manikya Chacko,North,Amritsar,Sports,Dumbbells Accusamus,10,76677,15750,COD
10587,08-06-2024,Azad Anne,South,Coimbatore,Books,Biography Consectetur,20,98650,15473,UPI
10588,17-06-2024,Mishti Grover,North,Jaipur,Books,Textbook Ut,5,96575,6508,COD
10589,23-12-2024,Shaan Sharaf,South,Chennai,Electronics,Camera Et,10,335565,56792,UPI
10590,22-01-2024,Amira Ganesh,East,Patna,Books,Comics Unde,15,46038,7592,UPI
10591,06-01-2024,Pari Mane,South,Hyderabad,Clothing,Women's Wear Enim,0,146220,26678,UPI
10592,18-02-2024,Vardaniya Date,West,Goa,Clothing,Accessories Animi,15,12509,2312,UPI
10593,28-05-2024,Mamooty Kapur,North,Delhi,Electronics,Laptop Voluptas,0,26325,5599,COD
10594,09-12-2024,Ritvik Majumdar,South,Thiruvananthapuram,Toys,Doll Hic,5,22884,5031,Credit Card
10595,17-02-2025,Raghav Rama,East,Guwahati,Home Decor,Wall Art Est,15,173395,26088,Net Banking
10596,26-10-2023,Ishaan Banik,South,Bangalore,Books,Non-Fiction Vel,15,26653,4348,UPI
10597,29-12-2023,Khushi Kale,North,Jaipur,Clothing,Men's Wear Facere,5,94559,8200,Net Banking
10598,04-08-2025,Anvi Tak,East,Guwahati,Furniture,Sofa Quibusdam,5,51248,9806,Debit Card
10599,13-02-2024,Aaina Raval,North,Jaipur,Home Decor,Lamp Consequatur,5,101162,8121,Debit Card
10600,26-07-2025,Ishita Choudhary,North,Jaipur,Kitchen,Cookware Set Fugit,15,242565,17023,UPI
10601,25-09-2025,Jayesh Bath,South,Bangalore,Books,Non-Fiction Recusandae,20,13362,2755,Debit Card
10602,05-01-2025,Kanav Suresh,North,Amritsar,Furniture,Chair Assumenda,20,96893,14303,COD
10603,29-09-2025,Anay Bhakta,North,Lucknow,Electronics,Camera Sit,5,86303,16365,Net Banking
10604,24-02-2025,Azad Bhatti,South,Thiruvananthapuram,Sports,Tennis Racket Exercitationem,5,44965,10363,Credit Card
10605,20-04-2024,Miraya Ravi,West,Ahmedabad,Books,Biography Optio,20,62445,7678,Credit Card
10606,29-03-2025,Taran Bedi,West,Goa,Books,Non-Fiction Debitis,15,24822,3183,Credit Card
10607,22-12-2023,Veer Sule,North,Delhi,Toys,Action Figure Corporis,0,117605,22119,Net Banking
10608,16-06-2024,Ela Lanka,West,Pune,Clothing,Men's Wear Harum,20,133656,30876,Debit Card
10609,16-07-2024,Hansh Bobal,West,Goa,Electronics,Camera Voluptas,10,102793,9118,UPI
10610,10-08-2025,Vaibhav Viswanathan,North,Delhi,Furniture,Cabinet In,10,214110,52461,UPI
10611,05-07-2024,Sahil Chandran,South,Bangalore,Sports,Tennis Racket Quibusdam,10,89129,17634,Debit Card
10612,17-04-2024,Fateh Iyengar,North,Amritsar,Groceries,Oil Natus,0,306705,54810,COD
10613,22-01-2024,Riya Magar,East,Guwahati,Kitchen,Juicer Minima,20,38994,2501,UPI
10614,17-02-2024,Urvi Krishnan,North,Chandigarh,Kitchen,Refrigerator Temporibus,15,60308,3767,Net Banking
10615,29-08-2025,Madhup Subramaniam,South,Thiruvananthapuram,Kitchen,Mixer Grinder In,0,40354,7569,COD
10616,05-03-2025,Aaryahi Das,West,Goa,Toys,Puzzle Temporibus,10,77549,9065,Net Banking
10617,27-11-2024,Manjari Gera,East,Ranchi,Beauty,Lipstick Ab,15,145993,26081,Credit Card
10618,09-03-2024,Kismat Mand,West,Goa,Beauty,Face Cream Ipsam,15,18862,3783,Net Banking
10619,26-10-2024,Divij Gulati,North,Delhi,Furniture,Bed Distinctio,5,8845,503,Credit Card
10620,14-07-2024,Shlok Keer,East,Kolkata,Kitchen,Microwave Nihil,20,95987,23976,UPI
10621,08-06-2024,Alisha Rajagopalan,South,Thiruvananthapuram,Furniture,Bed Id,15,14263,2971,Net Banking
10622,03-08-2024,Taran Iyengar,East,Guwahati,Clothing,Women's Wear Ducimus,5,173973,38352,Net Banking
10623,10-03-2024,Zaina Chanda,South,Thiruvananthapuram,Toys,Puzzle Excepturi,5,99015,8489,Net Banking
10624,06-01-2024,Aarna Khare,North,Jaipur,Groceries,Spices Dolor,0,39768,5768,Credit Card
10625,30-10-2024,Abram Date,West,Goa,Electronics,Laptop Reiciendis,0,358200,58880,Net Banking
10626,14-12-2023,Jivika Magar,West,Goa,Beauty,Lipstick Modi,5,142509,16380,Debit Card
10627,04-11-2024,Lakshit Wagle,South,Hyderabad,Furniture,Sofa Dignissimos,10,248990,16310,Debit Card
10628,03-07-2024,Sara Kannan,East,Guwahati,Electronics,Mobile Exercitationem,20,154392,12756,Credit Card
10629,18-03-2024,Indranil Kakar,North,Lucknow,Furniture,Bed Sapiente,15,1898,439,UPI
10630,19-06-2025,Advik Subramaniam,South,Bangalore,Books,Comics Vitae,10,124839,12059,COD
10631,07-10-2024,Madhav Jani,East,Patna,Beauty,Face Cream Magni,20,31098,2237,Credit Card
10632,18-10-2023,Kartik Lall,West,Goa,Kitchen,Microwave Consectetur,20,87514,18437,COD
10633,08-11-2023,Vedika Atwal,North,Chandigarh,Sports,Cricket Bat Labore,5,133236,32120,UPI
10634,27-03-2025,Ahana  Sampath,West,Pune,Books,Textbook Placeat,0,7870,844,Debit Card
10635,14-03-2024,Nishith Kara,South,Thiruvananthapuram,Books,Non-Fiction Reprehenderit,0,289980,60817,COD
10636,08-05-2025,Anya Sandhu,West,Mumbai,Toys,Puzzle Veritatis,20,59570,4505,Credit Card
10637,24-01-2024,Kiara Keer,West,Surat,Clothing,Shoes Voluptas,20,51262,5086,Credit Card
10638,25-08-2025,Rhea Saxena,East,Ranchi,Clothing,Shoes Voluptate,15,47007,10278,Debit Card
10639,20-10-2024,Oorja Sandal,West,Ahmedabad,Groceries,Spices Quo,15,154520,30780,Credit Card
10640,28-02-2024,Kanav Sanghvi,West,Surat,Toys,Puzzle Quo,15,163167,34854,Net Banking
10641,25-07-2025,Elakshi Chatterjee,East,Kolkata,Books,Biography Veniam,0,4432,1076,Net Banking
10642,27-05-2024,Hazel Varma,East,Guwahati,Kitchen,Juicer Distinctio,5,58986,7879,UPI
10643,06-11-2023,Abram Balasubramanian,North,Chandigarh,Toys,RC Car Necessitatibus,10,5528,924,Credit Card
10644,07-05-2024,Diya Sagar,North,Chandigarh,Clothing,Accessories Sit,5,348223,24672,Credit Card
10645,03-09-2025,Mamooty Zachariah,South,Thiruvananthapuram,Books,Comics Libero,10,26762,4031,Net Banking
10646,02-03-2025,Tiya Warrior,South,Coimbatore,Clothing,Shoes At,0,13768,1659,Debit Card
10647,03-12-2024,Rhea Sabharwal,North,Jaipur,Toys,Action Figure Molestias,15,272612,18473,COD
10648,13-10-2023,Lavanya Desai,North,Lucknow,Books,Fiction Consequatur,15,101958,5116,Credit Card
10649,29-10-2024,Ivan Shenoy,East,Patna,Groceries,Spices Ullam,20,76157,9593,UPI
10650,04-05-2024,Kismat Bhatti,South,Hyderabad,Books,Comics Asperiores,20,108086,23168,Net Banking
10651,14-11-2024,Anahi Sharaf,West,Goa,Groceries,Oil Beatae,10,28318,6101,UPI
10652,31-08-2024,Vedika Johal,North,Delhi,Toys,Doll Quaerat,5,127828,22608,Credit Card
10653,17-10-2024,Abram Baral,East,Kolkata,Kitchen,Refrigerator Deleniti,10,36304,5994,Debit Card
10654,25-08-2024,Jivika Sani,East,Patna,Sports,Dumbbells Accusamus,5,16859,2506,COD
10655,15-06-2025,Pihu Datta,East,Kolkata,Sports,Yoga Mat Cum,15,160024,25992,Net Banking
10656,03-07-2025,Anika Thaker,North,Jaipur,Electronics,Camera Veritatis,20,243212,48162,Credit Card
10657,02-04-2025,Sumer Lanka,North,Lucknow,Furniture,Bed Eveniet,15,64766,6006,UPI
10658,12-11-2024,Nehmat Rattan,North,Lucknow,Electronics,Mobile Adipisci,15,99850,11088,Net Banking
10659,11-08-2025,Riaan Banik,East,Guwahati,Sports,Yoga Mat Officiis,20,175891,34106,UPI
10660,21-08-2024,Fateh Sahota,North,Amritsar,Beauty,Foundation Nostrum,10,192607,44324,UPI
10661,11-09-2024,Saanvi Solanki,South,Thiruvananthapuram,Clothing,Accessories Libero,15,86496,11194,UPI
10662,12-07-2024,Bhavin Date,South,Chennai,Books,Fiction Officiis,5,8502,1070,COD
10663,06-06-2025,Ivana Goswami,West,Mumbai,Home Decor,Vase Perferendis,0,76363,18403,UPI
10664,10-06-2024,Zain Mani,North,Jaipur,Clothing,Shoes Doloremque,5,182130,30388,Net Banking
10665,03-01-2025,Ahana  Chanda,East,Bhubaneswar,Electronics,Laptop Quaerat,5,205348,35865,Debit Card
10666,13-01-2024,Ojas Bhalla,North,Chandigarh,Books,Fiction Blanditiis,10,28858,4467,UPI
10667,09-03-2024,Riaan Char,East,Guwahati,Books,Non-Fiction Officiis,5,130802,31514,Net Banking
10668,10-03-2025,Anaya Bhasin,East,Ranchi,Beauty,Foundation Cumque,10,158450,14340,UPI
10669,08-03-2024,Eshani Chana,North,Amritsar,Groceries,Rice Molestiae,5,236649,13046,Credit Card
10670,27-02-2025,Aradhya Ganguly,North,Lucknow,Electronics,Camera Provident,5,78623,19128,Credit Card
10671,03-12-2023,Lagan Ram,West,Pune,Sports,Dumbbells Cupiditate,5,48237,7333,Debit Card
10672,22-02-2025,Yuvaan Gokhale,East,Guwahati,Sports,Yoga Mat Hic,15,29776,3839,COD
10673,03-06-2024,Indrans Venkatesh,East,Patna,Books,Comics Ea,20,108896,11664,Debit Card
10674,17-07-2024,Nakul Bahri,South,Coimbatore,Toys,Board Game Veritatis,5,131388,30695,UPI
10675,30-01-2025,Dharmajan Comar,East,Patna,Furniture,Chair At,20,283352,59930,UPI
10676,25-08-2025,Reyansh Shenoy,South,Thiruvananthapuram,Furniture,Table Repudiandae,5,141149,10115,COD
10677,18-01-2024,Yasmin Johal,West,Ahmedabad,Books,Biography Quaerat,10,38752,3809,Credit Card
10678,20-06-2024,Keya Kalla,North,Lucknow,Groceries,Spices Inventore,0,174627,29135,Debit Card
10679,11-09-2025,Divij Chada,East,Patna,Beauty,Shampoo Animi,5,62193,4352,Credit Card
10680,16-05-2025,Kanav Gaba,North,Lucknow,Furniture,Chair Unde,10,138359,30204,Debit Card
10681,11-07-2025,Riaan Korpal,North,Jaipur,Books,Comics Eveniet,10,111413,22665,Net Banking
10682,10-01-2025,Ryan Ben,South,Chennai,Furniture,Chair Optio,15,29714,5848,Credit Card
10683,20-04-2024,Tara Walia,East,Kolkata,Electronics,Smartwatch Culpa,5,126196,26302,Net Banking
10684,22-06-2024,Rohan Sachar,East,Bhubaneswar,Clothing,Women's Wear Corporis,20,29254,3541,Credit Card
10685,04-12-2023,Dhruv Sule,West,Mumbai,Sports,Football Repellat,5,31295,3533,Credit Card
10686,08-02-2025,Piya Ranganathan,North,Lucknow,Beauty,Shampoo Voluptate,20,252908,19686,Net Banking
10687,28-02-2025,Saanvi Chaudhari,South,Chennai,Toys,RC Car Exercitationem,0,154275,38388,COD
10688,09-09-2024,Kiaan Desai,North,Jaipur,Clothing,Women's Wear Eos,5,215186,40621,Credit Card
10689,23-02-2024,Krish Subramanian,East,Guwahati,Sports,Football Alias,10,169857,12285,COD
10690,21-09-2024,Kanav Anne,South,Thiruvananthapuram,Kitchen,Microwave Eum,10,145067,34641,Credit Card
10691,29-09-2025,Indranil Ramachandran,East,Guwahati,Furniture,Bed Doloremque,5,10311,1231,Debit Card
10692,29-05-2025,Advik Behl,South,Chennai,Clothing,Men's Wear Consequatur,0,63468,4890,Debit Card
10693,06-09-2024,Umang Shanker,North,Lucknow,Toys,Puzzle Dignissimos,10,205776,38039,Credit Card
10694,25-05-2024,Devansh Ram,South,Hyderabad,Kitchen,Juicer Fugit,20,91324,9776,Net Banking
10695,13-04-2025,Devansh Rao,North,Delhi,Kitchen,Cookware Set Ab,20,103406,7841,Debit Card
10696,30-11-2023,Samarth Toor,North,Amritsar,Books,Non-Fiction Ut,5,136631,26339,Debit Card
10697,09-07-2024,Saira Bumb,East,Kolkata,Groceries,Wheat Maiores,0,64669,5062,Net Banking
10698,28-07-2024,Dhanush Bora,East,Guwahati,Books,Non-Fiction Quos,10,216166,27200,COD
10699,12-01-2025,Mannat Wagle,East,Guwahati,Furniture,Cabinet Suscipit,0,66670,3372,COD
10700,15-12-2024,Devansh Swaminathan,East,Kolkata,Books,Fiction Ad,0,22975,3383,UPI
10701,17-04-2025,Diya Gaba,East,Guwahati,Home Decor,Cushion Minima,5,180166,33139,Credit Card
10702,24-03-2025,Indrans Sharma,West,Ahmedabad,Books,Biography Praesentium,10,19175,1274,UPI
10703,31-05-2025,Saksham Rau,West,Ahmedabad,Books,Biography Voluptates,0,112340,18601,COD
10704,01-12-2024,Mehul Kuruvilla,West,Ahmedabad,Kitchen,Mixer Grinder Eos,15,114839,12451,UPI
10705,28-05-2025,Anika Bhattacharyya,North,Lucknow,Home Decor,Wall Art Saepe,10,20855,3448,Net Banking
10706,16-12-2023,Kavya Rau,East,Ranchi,Books,Fiction Consectetur,20,235236,53955,Net Banking
10707,30-07-2025,Shlok Deep,West,Goa,Toys,Action Figure Nobis,10,1064,124,Net Banking
10708,31-03-2025,Seher Maharaj,West,Goa,Furniture,Chair Numquam,5,370956,80162,Net Banking
10709,28-11-2023,Kanav Tak,South,Chennai,Groceries,Sugar Reiciendis,0,19369,1171,UPI
10710,22-09-2024,Ayesha Sampath,East,Ranchi,Kitchen,Refrigerator Voluptatibus,10,28539,2622,Net Banking
10711,10-03-2025,Vanya Sachdeva,North,Lucknow,Sports,Tennis Racket Quae,10,53444,8011,UPI
10712,09-11-2023,Misha Dar,West,Pune,Sports,Football Eaque,5,129598,24023,Credit Card
10713,11-11-2023,Vivaan Suresh,North,Chandigarh,Beauty,Face Cream Sint,10,88934,9232,Net Banking
10714,25-02-2024,Ayesha Ray,East,Bhubaneswar,Kitchen,Refrigerator Maiores,20,266460,22430,COD
10715,07-03-2024,Vritika Sachar,North,Amritsar,Beauty,Lipstick Tempora,20,18558,2111,Debit Card
10716,15-06-2025,Hunar Toor,East,Kolkata,Kitchen,Microwave Incidunt,15,96135,5211,UPI
10717,26-04-2024,Dhruv Shroff,South,Thiruvananthapuram,Sports,Tennis Racket Nihil,20,114360,8035,Debit Card
10718,12-09-2024,Krish Maharaj,East,Kolkata,Furniture,Table Nulla,5,20792,5177,UPI
10719,11-02-2024,Sahil Bakshi,South,Chennai,Kitchen,Mixer Grinder Nulla,0,155086,30092,UPI
10720,18-11-2023,Kaira Rana,South,Coimbatore,Clothing,Shoes Eligendi,20,1864,182,Debit Card
10721,09-05-2025,Tiya Raja,East,Ranchi,Kitchen,Microwave In,5,17685,4267,UPI
10722,05-08-2024,Parinaaz Gola,South,Thiruvananthapuram,Clothing,Women's Wear Ad,5,49449,8415,COD
10723,31-01-2024,Diya Borah,North,Jaipur,Furniture,Bed Dolor,5,232669,52173,Debit Card
10724,09-10-2023,Kabir Malhotra,West,Goa,Kitchen,Microwave Sapiente,10,142209,14090,UPI
10725,24-09-2025,Akarsh Sule,South,Coimbatore,Sports,Football Nemo,20,39509,5278,Debit Card
10726,02-02-2025,Sana Gole,East,Kolkata,Home Decor,Lamp Maxime,15,118864,7041,Net Banking
10727,08-06-2024,Seher Chana,North,Lucknow,Electronics,Camera Vitae,20,37357,9098,UPI
10728,27-11-2024,Nirvaan Dhillon,North,Chandigarh,Beauty,Shampoo Blanditiis,5,33843,2892,Net Banking
10729,19-09-2025,Aaina Bhargava,East,Kolkata,Furniture,Chair Nesciunt,5,26412,3768,Debit Card
10730,09-12-2024,Jiya Dhar,South,Thiruvananthapuram,Toys,Puzzle Asperiores,15,84082,13907,UPI
10731,17-05-2025,Aradhya Buch,North,Delhi,Beauty,Shampoo Distinctio,15,58186,9037,UPI
10732,24-04-2024,Romil Basak,West,Mumbai,Electronics,Headphones Sunt,20,32173,2339,COD
10733,11-03-2025,Divyansh Desai,North,Jaipur,Clothing,Women's Wear Delectus,5,72180,12084,UPI
10734,21-08-2025,Farhan Golla,East,Guwahati,Sports,Football Suscipit,15,154627,7902,UPI
10735,25-12-2023,Anahi Vig,North,Chandigarh,Books,Non-Fiction Recusandae,20,40734,3773,Credit Card
10736,01-01-2025,Yasmin Kaur,North,Lucknow,Groceries,Wheat At,5,53986,8784,COD
10737,27-08-2024,Arhaan Bansal,North,Lucknow,Groceries,Sugar Voluptates,20,179254,18806,COD
10738,08-04-2025,Ahana  Gupta,South,Coimbatore,Home Decor,Lamp Doloremque,5,173642,22960,Debit Card
10739,13-10-2023,Bhamini Sharaf,East,Guwahati,Furniture,Chair Possimus,5,145688,19982,Debit Card
10740,02-02-2024,Shaan Bhasin,East,Ranchi,Groceries,Oil Quia,20,912,170,UPI
10741,25-03-2024,Onkar Desai,East,Patna,Sports,Yoga Mat Architecto,0,49429,8414,Debit Card
10742,04-01-2025,Riaan Rajan,West,Ahmedabad,Sports,Football Quos,0,30752,1663,Credit Card
10743,19-11-2023,Lagan Chanda,North,Jaipur,Books,Biography Occaecati,10,94901,11153,UPI
10744,13-09-2024,Aarush Salvi,North,Lucknow,Beauty,Lipstick Tempore,0,53116,8171,UPI
10745,19-07-2024,Jayant Gill,East,Ranchi,Books,Textbook Distinctio,5,250710,43392,UPI
10746,04-08-2024,Tejas Hayre,East,Bhubaneswar,Home Decor,Wall Art Laboriosam,20,35493,2738,COD
10747,28-09-2024,Divyansh Bajwa,West,Goa,Sports,Dumbbells Suscipit,10,29918,3077,UPI
10748,07-03-2025,Raghav Kaur,North,Chandigarh,Groceries,Wheat Quia,20,174264,16186,Credit Card
10749,22-07-2024,Sumer Lal,West,Goa,Sports,Yoga Mat Aspernatur,0,89808,11164,UPI
10750,17-03-2025,Dharmajan Dhaliwal,East,Patna,Groceries,Oil Sint,0,28313,4569,Debit Card
10751,20-10-2023,Kaira Mall,North,Lucknow,Clothing,Kids Wear Mollitia,0,345000,35734,Net Banking
10752,31-05-2024,Aniruddh Lal,East,Guwahati,Home Decor,Clock Magni,15,1003,53,Net Banking
10753,24-09-2024,Baiju Bains,East,Patna,Books,Biography Accusamus,20,7778,1211,Credit Card
10754,03-05-2025,Neelofar Tella,East,Patna,Sports,Yoga Mat Dolore,20,281836,40119,Debit Card
10755,28-01-2024,Hansh Warrior,South,Thiruvananthapuram,Electronics,Smartwatch Ad,15,138530,21893,COD
10756,03-02-2025,Jiya Srinivasan,South,Bangalore,Books,Non-Fiction Enim,0,241784,38189,Debit Card
10757,01-05-2024,Diya Edwin,East,Ranchi,Kitchen,Mixer Grinder Voluptatem,5,133696,10082,Credit Card
10758,09-06-2024,Rati Aggarwal,South,Bangalore,Books,Biography Veniam,0,100312,8301,Debit Card
10759,13-04-2024,Veer Barad,South,Coimbatore,Beauty,Face Cream Facilis,5,12556,3052,UPI
10760,27-01-2024,Zeeshan Kaur,South,Thiruvananthapuram,Groceries,Rice Nemo,15,46643,7201,COD
10761,06-04-2025,Priyansh Mahajan,South,Chennai,Groceries,Spices Nobis,20,86074,21352,Credit Card
10762,28-10-2023,Sana Chacko,West,Surat,Toys,Action Figure Quibusdam,0,154774,30950,Net Banking
10763,11-10-2023,Akarsh Virk,South,Hyderabad,Toys,RC Car Voluptatum,15,198686,37416,Credit Card
10764,02-04-2025,Lakshit Kar,North,Delhi,Clothing,Men's Wear Ea,20,138662,9148,COD
10765,17-05-2025,Riya Kalita,South,Chennai,Kitchen,Refrigerator Cupiditate,15,48389,10859,Debit Card
10766,26-08-2025,Riaan Korpal,South,Chennai,Beauty,Shampoo Necessitatibus,5,14402,3536,UPI
10767,08-05-2025,Mannat Raju,North,Jaipur,Clothing,Men's Wear Recusandae,20,10649,1936,Net Banking
10768,19-11-2024,Inaaya  Bajaj,South,Thiruvananthapuram,Kitchen,Juicer Itaque,15,257363,20850,Credit Card
10769,09-03-2024,Manjari Chokshi,West,Ahmedabad,Clothing,Men's Wear Molestias,20,3839,835,Debit Card
10770,09-05-2025,Krish Suri,East,Guwahati,Toys,Board Game Rem,20,116746,12534,COD
10771,20-11-2023,Onkar Tripathi,West,Surat,Electronics,Headphones Error,20,61948,14141,UPI
10772,24-06-2025,Kiara Doctor,South,Coimbatore,Toys,RC Car Iure,0,28845,2965,UPI
10773,29-06-2024,Madhup Sahni,North,Amritsar,Beauty,Lipstick Reprehenderit,5,8864,920,UPI
10774,03-06-2025,Tarini Thaman,North,Chandigarh,Sports,Yoga Mat Quidem,20,198934,32046,Credit Card
10775,04-02-2024,Eva Jhaveri,North,Amritsar,Clothing,Women's Wear Corporis,20,60854,5831,Credit Card
10776,30-07-2025,Vanya Dhar,North,Chandigarh,Home Decor,Clock Qui,20,213670,21770,Credit Card
10777,01-07-2024,Yuvraj  Chandra,South,Coimbatore,Furniture,Bed Iste,10,136426,27425,Net Banking
10778,26-09-2025,Aaryahi Babu,North,Chandigarh,Groceries,Rice Ex,5,156811,34043,COD
10779,13-06-2025,Rohan Dugal,South,Thiruvananthapuram,Clothing,Men's Wear Quaerat,20,8731,1345,Credit Card
10780,22-02-2025,Seher Balasubramanian,North,Amritsar,Home Decor,Wall Art Dolores,10,73661,14687,COD
10781,29-05-2024,Nishith Saha,South,Chennai,Kitchen,Cookware Set Dolore,5,255807,27845,Net Banking
10782,01-09-2025,Mehul D’Alia,West,Goa,Beauty,Perfume Minima,15,124658,10900,COD
10783,11-01-2025,Drishya Rao,West,Mumbai,Kitchen,Refrigerator Ut,15,71077,13264,COD
10784,03-01-2025,Reyansh Dubey,North,Amritsar,Groceries,Oil Recusandae,20,20292,3547,COD
10785,04-03-2025,Ehsaan Chakraborty,East,Ranchi,Kitchen,Microwave Dolorem,20,49866,11234,Net Banking
10786,18-09-2025,Tejas Sidhu,East,Bhubaneswar,Sports,Football Officia,20,98560,24063,Credit Card
10787,30-06-2025,Aarna Halder,West,Mumbai,Books,Textbook Nisi,0,55368,4213,Credit Card
10788,08-12-2024,Shamik Grewal,East,Bhubaneswar,Toys,Board Game Aut,10,77463,9962,Credit Card
10789,15-03-2025,Anika Sodhi,South,Chennai,Groceries,Wheat Omnis,15,76514,5447,Debit Card
10790,19-03-2025,Veer Bhardwaj,South,Coimbatore,Electronics,Smartwatch Iusto,20,144922,10208,Debit Card
10791,13-01-2024,Eva Lalla,North,Amritsar,Beauty,Lipstick Deserunt,15,60254,8228,COD
10792,02-04-2024,Anay Rau,East,Bhubaneswar,Books,Biography Tenetur,10,4421,366,Credit Card
10793,06-04-2024,Lagan Sood,West,Ahmedabad,Groceries,Oil Autem,5,12814,2571,UPI
10794,29-12-2023,Jiya Bahri,East,Patna,Groceries,Spices Dolores,15,293845,26123,Net Banking
10795,01-07-2025,Kiaan Din,East,Kolkata,Electronics,Camera Magnam,20,144348,26313,COD
10796,11-12-2024,Rasha Yadav,North,Chandigarh,Furniture,Sofa Deleniti,15,6379,1079,Credit Card
10797,23-05-2025,Prerak Saha,East,Ranchi,Clothing,Kids Wear Culpa,5,280729,64668,Net Banking
10798,12-10-2024,Kiara Bhatia,North,Lucknow,Clothing,Kids Wear Dolorem,15,8116,774,Debit Card
10799,08-06-2025,Zoya Behl,South,Coimbatore,Electronics,Laptop Commodi,0,335135,54837,Credit Card
10800,15-09-2025,Anaya Goyal,East,Kolkata,Electronics,Smartwatch Vero,0,56186,12413,UPI
10801,15-12-2024,Neelofar Gill,West,Surat,Electronics,Smartwatch Expedita,5,214807,15456,Net Banking
10802,20-06-2025,Oorja Raval,West,Surat,Toys,Doll Incidunt,5,171983,23013,Net Banking
10803,10-05-2025,Kaira Gaba,North,Amritsar,Beauty,Lipstick Eum,5,233107,55240,Net Banking
10804,07-04-2025,Neysa Divan,West,Goa,Clothing,Shoes Nobis,10,3454,504,UPI
10805,20-08-2025,Kanav Dave,West,Goa,Books,Textbook Laborum,0,42910,8444,Net Banking
10806,18-01-2024,Dhruv Arya,South,Hyderabad,Home Decor,Lamp Non,15,147612,19763,Debit Card
10807,02-10-2024,Tushar Gara,North,Lucknow,Electronics,Smartwatch Adipisci,5,46533,5586,COD
10808,07-05-2024,Eva Sarma,North,Lucknow,Sports,Football Fugiat,15,7635,1421,Net Banking
10809,18-01-2025,Vidur Hari,West,Mumbai,Furniture,Bed Sint,10,85619,10020,Net Banking
10810,03-07-2024,Aarna Tailor,North,Amritsar,Groceries,Rice Corporis,5,99080,24756,COD
10811,29-03-2024,Adah Kibe,West,Surat,Electronics,Smartwatch Veniam,0,103944,15595,UPI
10812,05-09-2025,Prerak Dixit,East,Ranchi,Kitchen,Mixer Grinder Doloribus,15,327956,45670,Credit Card
10813,27-04-2024,Saanvi Soman,North,Chandigarh,Electronics,Camera Quisquam,10,29044,4512,Net Banking
10814,29-08-2024,Uthkarsh Bora,West,Goa,Books,Comics Minima,15,34996,8623,COD
10815,17-09-2025,Lakshay Som,West,Pune,Furniture,Table Commodi,20,17156,2424,Net Banking
10816,11-12-2023,Jhanvi Balay,South,Bangalore,Kitchen,Juicer Iure,20,16248,3057,Credit Card
10817,28-10-2024,Ryan Raj,West,Goa,Kitchen,Microwave Itaque,10,41099,6307,Net Banking
10818,07-08-2024,Neysa Kala,South,Bangalore,Furniture,Chair Earum,10,195885,23293,UPI
10819,25-03-2024,Shayak Ramesh,East,Bhubaneswar,Groceries,Sugar Officia,5,219097,16651,Credit Card
10820,07-08-2025,Oorja Kota,East,Ranchi,Toys,Puzzle Qui,20,104294,9183,UPI
10821,07-09-2025,Vanya Bora,West,Ahmedabad,Beauty,Foundation Sed,10,276185,32995,Debit Card
10822,05-06-2025,Samarth Sagar,North,Chandigarh,Furniture,Chair Occaecati,10,186270,33629,Credit Card
10823,05-12-2024,Adira Contractor,North,Chandigarh,Sports,Yoga Mat Amet,0,62772,13882,UPI
10824,08-06-2024,Bhamini Bumb,South,Thiruvananthapuram,Toys,Doll Libero,15,66484,10903,UPI
10825,08-02-2025,Nehmat Viswanathan,West,Ahmedabad,Furniture,Cabinet Inventore,15,61496,5466,COD
10826,09-12-2024,Tanya Ramanathan,South,Bangalore,Kitchen,Microwave Fuga,5,140214,21191,Debit Card
10827,29-04-2024,Tara Chaudhary,South,Hyderabad,Home Decor,Wall Art Error,10,32889,7504,Credit Card
10828,14-04-2025,Kismat Sagar,East,Guwahati,Beauty,Foundation At,10,114053,16829,Net Banking
10829,10-03-2024,Zaina Dass,East,Ranchi,Clothing,Accessories Aliquid,0,10808,2068,Net Banking
10830,27-12-2024,Yashvi Gade,North,Lucknow,Beauty,Foundation Nisi,20,181774,43910,Net Banking
10831,15-07-2025,Vaibhav Chand,West,Mumbai,Toys,RC Car Ipsum,20,114382,16226,Credit Card
10832,25-08-2024,Pari Gera,West,Surat,Electronics,Camera Eum,0,104500,21595,Credit Card
10833,01-01-2025,Nayantara Sharaf,East,Patna,Sports,Football Magni,10,91319,8856,UPI
10834,13-10-2023,Indrans Choudhary,South,Coimbatore,Kitchen,Refrigerator Maxime,15,31507,2576,Credit Card
10835,12-05-2024,Dhanush Jayaraman,North,Jaipur,Toys,Action Figure Possimus,5,209898,33205,Debit Card
10836,22-03-2024,Tarini Ravi,East,Ranchi,Furniture,Table Eaque,0,147570,34951,Net Banking
10837,11-08-2025,Shanaya Chacko,East,Kolkata,Furniture,Bed Distinctio,5,217429,45945,UPI
10838,14-05-2024,Prisha Guha,West,Goa,Groceries,Rice Dignissimos,20,63885,10892,Credit Card
10839,15-06-2024,Kiaan Batra,East,Bhubaneswar,Sports,Yoga Mat Perferendis,0,138984,13131,Net Banking
10840,25-04-2025,Tara Ratti,South,Coimbatore,Kitchen,Refrigerator Ad,0,129746,9934,COD
10841,16-01-2025,Anahita Rama,West,Mumbai,Groceries,Rice Deleniti,20,63299,11971,COD
10842,08-06-2024,Yakshit Contractor,East,Bhubaneswar,Clothing,Shoes Consectetur,15,22712,2991,Debit Card
10843,19-11-2023,Ehsaan Bhatnagar,North,Lucknow,Groceries,Sugar Vitae,5,283855,64523,UPI
10844,14-04-2025,Prerak Amble,West,Mumbai,Sports,Dumbbells Numquam,10,49060,4058,Net Banking
10845,23-01-2025,Rati Raja,East,Patna,Toys,RC Car Atque,5,163381,15829,COD
10846,23-05-2024,Onkar Sahota,South,Thiruvananthapuram,Clothing,Shoes Asperiores,20,17126,1853,COD
10847,17-06-2024,Mishti Mahajan,South,Coimbatore,Home Decor,Vase Modi,15,65081,12033,Debit Card
10848,05-10-2023,Zara Chander,North,Delhi,Sports,Tennis Racket Maxime,15,121445,26941,COD
10849,21-05-2025,Vedika Kaur,North,Delhi,Home Decor,Wall Art Cumque,0,128592,25751,UPI
10850,12-01-2025,Tarini Dass,East,Kolkata,Books,Fiction Id,0,308860,29594,UPI
10851,02-06-2025,Darshit Bhardwaj,South,Chennai,Books,Biography Dicta,0,149645,17538,UPI
10852,25-07-2025,Zara Shenoy,West,Mumbai,Furniture,Sofa Totam,10,78674,15118,Credit Card
10853,02-11-2024,Shalv Trivedi,South,Chennai,Kitchen,Refrigerator Aliquid,20,1139,269,Net Banking
10854,10-04-2025,Mahika Basu,West,Goa,Beauty,Face Cream Quam,0,110130,11997,UPI
10855,15-10-2024,Rasha Halder,East,Guwahati,Books,Fiction Doloremque,20,199805,37462,COD
10856,03-01-2025,Kavya Goyal,West,Ahmedabad,Home Decor,Wall Art Voluptatem,5,161683,31501,Debit Card
10857,24-02-2024,Miraan Sibal,South,Coimbatore,Home Decor,Vase Non,0,6876,407,Net Banking
10858,09-06-2024,Indranil Mahal,South,Bangalore,Electronics,Headphones A,15,85585,19249,Net Banking
10859,22-07-2024,Indrajit Butala,North,Jaipur,Home Decor,Lamp Suscipit,5,352051,41928,Debit Card
10860,18-02-2025,Adah Konda,West,Ahmedabad,Electronics,Laptop Doloremque,20,36632,6295,Debit Card
10861,15-02-2024,Pari Kurian,West,Surat,Sports,Cricket Bat Neque,20,42118,4400,COD
10862,08-11-2024,Saanvi Vora,East,Kolkata,Furniture,Table Molestias,20,27185,5963,Net Banking
10863,01-06-2024,Dishani Baral,North,Jaipur,Sports,Football Natus,10,32374,2880,Credit Card
10864,04-10-2023,Mehul Chakrabarti,North,Lucknow,Sports,Yoga Mat Eum,10,6458,725,Debit Card
10865,01-12-2024,Adah Tandon,East,Patna,Kitchen,Refrigerator Reprehenderit,20,38595,2285,UPI
10866,30-05-2025,Yakshit Din,South,Thiruvananthapuram,Books,Textbook Fugiat,0,131814,22926,UPI
10867,21-10-2023,Vaibhav Rana,East,Patna,Home Decor,Clock Debitis,20,86986,20604,COD
10868,29-05-2025,Himmat Ahluwalia,East,Bhubaneswar,Kitchen,Mixer Grinder Laborum,15,124213,30220,Net Banking
10869,19-12-2024,Aradhya Bansal,North,Chandigarh,Books,Biography Odio,10,96696,6499,UPI
10870,06-05-2025,Dishani Wali,West,Pune,Furniture,Table Animi,5,21370,4191,Debit Card
10871,28-01-2024,Ritvik Ramakrishnan,West,Goa,Kitchen,Mixer Grinder Tempora,0,69530,10563,Credit Card
10872,11-01-2025,Renee Sanghvi,East,Bhubaneswar,Furniture,Cabinet Quos,20,102770,16063,Debit Card
10873,20-06-2025,Vidur Dora,South,Bangalore,Furniture,Sofa Voluptates,20,79574,6281,Credit Card
10874,29-11-2023,Sara Warrior,West,Pune,Books,Fiction Excepturi,0,71301,17210,Credit Card
10875,19-04-2024,Ivan Acharya,North,Lucknow,Groceries,Spices Officia,5,112039,22203,Debit Card
10876,28-12-2023,Badal Chana,North,Lucknow,Toys,Puzzle Saepe,5,22924,4044,Credit Card
10877,23-03-2025,Hrishita Atwal,West,Surat,Groceries,Wheat Voluptate,20,288632,67742,UPI
10878,10-05-2024,Aniruddh Sarin,North,Amritsar,Groceries,Rice A,0,391910,34001,Debit Card
10879,24-12-2024,Arhaan Khatri,South,Thiruvananthapuram,Beauty,Face Cream Dicta,10,27590,3554,Credit Card
10880,25-02-2025,Lagan Cherian,North,Jaipur,Furniture,Table Ab,0,21650,1195,Credit Card
10881,04-08-2025,Anvi Sangha,North,Amritsar,Electronics,Laptop Numquam,15,16924,2827,Debit Card
10882,22-06-2025,Tushar Koshy,West,Ahmedabad,Groceries,Oil Et,20,116614,22353,Debit Card
10883,12-05-2024,Damini Gupta,South,Bangalore,Books,Non-Fiction Hic,0,195531,40406,Debit Card
10884,06-09-2024,Anahi Sarin,North,Delhi,Furniture,Table Ex,0,77064,15433,Credit Card
10885,05-11-2024,Jayant Chada,East,Ranchi,Toys,RC Car Deserunt,0,122894,24583,Debit Card
10886,27-06-2024,Vaibhav Bhalla,North,Chandigarh,Sports,Dumbbells Fugiat,5,45874,7741,Credit Card
10887,03-11-2024,Anya Lata,West,Pune,Toys,Doll Accusamus,15,134766,31635,UPI
10888,31-12-2023,Aarav Barad,East,Bhubaneswar,Groceries,Rice Alias,0,156909,15346,Debit Card
10889,29-12-2023,Navya Chanda,North,Chandigarh,Sports,Tennis Racket Harum,20,38316,8371,COD
10890,19-06-2025,Ryan Kurian,East,Guwahati,Books,Comics Et,20,82188,6456,Credit Card
10891,30-01-2025,Jayant Khurana,West,Ahmedabad,Beauty,Face Cream Numquam,20,44730,4590,COD
10892,23-08-2025,Inaaya  Kannan,South,Bangalore,Furniture,Chair Quae,15,182764,16631,COD
10893,05-03-2025,Manjari Rao,South,Chennai,Beauty,Face Cream Aliquid,5,244085,33741,Net Banking
10894,14-03-2025,Seher Gole,West,Goa,Groceries,Spices Dolorem,5,33504,1999,COD
10895,04-12-2023,Fateh Madan,West,Surat,Books,Textbook Corporis,10,240268,47396,UPI
10896,15-05-2025,Kiaan Goyal,West,Goa,Electronics,Mobile Nesciunt,0,268650,37732,Net Banking
10897,05-11-2024,Manjari Sane,South,Bangalore,Home Decor,Vase Esse,10,69997,9560,Net Banking
10898,06-08-2025,Arnav Ravi,North,Chandigarh,Home Decor,Lamp At,5,44615,3061,Credit Card
10899,04-09-2024,Madhup Dhar,South,Coimbatore,Home Decor,Wall Art Labore,15,81460,5976,COD
10900,26-11-2023,Kartik Sant,East,Bhubaneswar,Books,Biography Libero,20,178540,43517,Debit Card
10901,05-01-2024,Mohanlal Deshmukh,South,Thiruvananthapuram,Books,Comics Dolor,20,90582,18514,Credit Card
10902,27-05-2024,Saira Balay,South,Thiruvananthapuram,Books,Textbook Laboriosam,5,100928,23331,COD
10903,05-06-2024,Divij Bawa,South,Thiruvananthapuram,Kitchen,Refrigerator Iusto,10,115576,15643,COD
10904,30-08-2025,Misha Raman,West,Surat,Clothing,Accessories Corporis,0,110673,27610,Credit Card
10905,18-02-2024,Arhaan Raja,West,Ahmedabad,Electronics,Smartwatch Placeat,10,289805,38369,Debit Card
10906,22-11-2023,Kimaya Vala,South,Hyderabad,Furniture,Sofa Odit,0,230735,24815,UPI
10907,22-07-2024,Arhaan Basu,West,Ahmedabad,Books,Non-Fiction Inventore,20,232650,20110,COD
10908,27-05-2024,Dhanuk Talwar,West,Ahmedabad,Electronics,Mobile Cupiditate,0,113768,18563,Debit Card
10909,30-10-2024,Jivin Sarkar,South,Thiruvananthapuram,Beauty,Shampoo Hic,20,5647,1409,UPI
10910,25-03-2024,Riya Ghose,North,Lucknow,Electronics,Camera Repellendus,0,382185,20629,UPI
10911,15-09-2025,Reyansh Sahni,North,Jaipur,Sports,Tennis Racket Consequuntur,0,25641,3075,UPI
10912,17-12-2023,Lakshay Bobal,West,Ahmedabad,Sports,Dumbbells Illum,5,16696,1665,COD
10913,29-09-2024,Armaan Shukla,East,Patna,Electronics,Smartwatch Illum,10,73276,14442,COD
10914,08-06-2024,Ojas D’Alia,South,Chennai,Books,Comics Atque,0,279064,36618,COD
10915,24-11-2024,Riya Dada,East,Bhubaneswar,Clothing,Women's Wear Tenetur,0,26961,2535,UPI
10916,06-07-2025,Jhanvi Raval,North,Amritsar,Kitchen,Mixer Grinder Incidunt,5,68527,4229,COD
10917,08-03-2024,Indrans Bakshi,East,Kolkata,Groceries,Spices Dolor,5,16135,3039,COD
10918,27-12-2023,Tanya Shenoy,West,Goa,Furniture,Cabinet Est,0,7773,1806,COD
10919,31-08-2024,Arnav Sidhu,West,Ahmedabad,Sports,Cricket Bat Incidunt,20,115004,9548,Debit Card
10920,19-08-2025,Khushi Rana,East,Patna,Books,Biography Iusto,20,97598,20703,COD
10921,06-01-2025,Raghav Khurana,East,Guwahati,Beauty,Lipstick Unde,0,98280,7434,Net Banking
10922,01-09-2025,Tara Sharaf,South,Hyderabad,Home Decor,Wall Art Quos,10,23670,4728,Credit Card
10923,21-06-2024,Hiran Buch,North,Delhi,Furniture,Bed Iusto,10,63998,4593,Debit Card
10924,26-05-2025,Vaibhav Sarraf,West,Surat,Clothing,Accessories Alias,10,29466,2216,Debit Card
10925,30-12-2024,Eshani Sahota,South,Thiruvananthapuram,Kitchen,Juicer Vero,5,220562,48661,Net Banking
10926,27-03-2025,Stuvan Dayal,North,Jaipur,Groceries,Sugar Dolor,0,33125,6898,UPI
10927,11-09-2025,Damini Majumdar,West,Goa,Furniture,Cabinet Nihil,0,17599,1393,UPI
10928,14-02-2025,Vritika Subramaniam,North,Lucknow,Kitchen,Juicer Blanditiis,10,210281,42655,COD
10929,27-10-2023,Kanav Chaudhari,North,Lucknow,Furniture,Sofa Aut,5,109497,12674,COD
10930,17-06-2024,Taran Karan,West,Mumbai,Kitchen,Juicer Laboriosam,20,110912,9668,COD
10931,20-04-2024,Taran Goyal,East,Kolkata,Electronics,Smartwatch Ut,5,143879,27407,Credit Card
10932,29-08-2025,Lakshay Dasgupta,West,Pune,Electronics,Camera Iusto,0,147048,31515,UPI
10933,05-03-2024,Yasmin Shroff,South,Chennai,Electronics,Headphones Esse,20,2360,380,Debit Card
10934,08-12-2023,Taran Singh,North,Delhi,Kitchen,Cookware Set Praesentium,15,97913,19892,UPI
10935,25-05-2025,Hunar Wason,East,Patna,Kitchen,Microwave Molestiae,5,136738,26610,UPI
10936,31-08-2025,Saanvi Raj,East,Patna,Groceries,Rice Dicta,0,134250,22469,Credit Card
10937,10-02-2024,Jayesh Thakkar,West,Mumbai,Books,Biography Similique,15,177229,36719,Net Banking
10938,25-10-2024,Hrishita Chana,North,Amritsar,Home Decor,Vase Eveniet,20,28658,1832,Credit Card
10939,04-04-2025,Anya Sarraf,North,Jaipur,Groceries,Oil Nihil,15,172625,20223,UPI
10940,09-08-2024,Lavanya Yogi,North,Lucknow,Clothing,Shoes Incidunt,5,100058,18468,Credit Card
10941,01-01-2024,Indranil Char,South,Coimbatore,Sports,Cricket Bat Distinctio,20,37841,8627,Net Banking
10942,28-05-2024,Gokul Chacko,South,Hyderabad,Home Decor,Wall Art Saepe,15,200405,47036,COD
10943,14-09-2025,Samarth Subramaniam,East,Bhubaneswar,Beauty,Lipstick Autem,10,70187,8192,UPI
10944,28-07-2025,Himmat Srinivasan,South,Chennai,Toys,Puzzle Illo,20,129056,28396,Credit Card
10945,23-10-2024,Rati Dayal,East,Guwahati,Beauty,Perfume Ipsam,20,61675,10995,Credit Card
10946,02-01-2024,Ranbir Cheema,South,Bangalore,Groceries,Sugar Quasi,0,130281,7740,Net Banking
10947,04-04-2024,Dhanuk Chawla,West,Mumbai,Toys,Puzzle Ex,20,6722,1422,Credit Card
10948,20-11-2024,Jivika Vohra,West,Pune,Toys,RC Car Natus,15,242216,51974,Debit Card
10949,17-11-2023,Kiaan Golla,North,Jaipur,Groceries,Spices Officiis,15,69416,10822,Debit Card
10950,13-07-2025,Shayak Kannan,South,Bangalore,Clothing,Women's Wear Optio,5,8522,1574,UPI
10951,17-04-2024,Shanaya Raja,North,Amritsar,Home Decor,Wall Art Eius,5,116687,23787,COD
10952,05-09-2025,Vardaniya Vala,West,Surat,Kitchen,Mixer Grinder Sequi,0,79166,16369,UPI
10953,16-09-2025,Nitara Saraf,South,Hyderabad,Groceries,Sugar Nostrum,5,184347,27786,UPI
10954,15-10-2024,Eshani Dora,West,Mumbai,Home Decor,Lamp Nostrum,0,185212,45900,COD
10955,15-01-2024,Lavanya Ahuja,West,Pune,Clothing,Kids Wear Velit,15,220609,29885,Debit Card
10956,11-11-2024,Kabir Bajwa,West,Ahmedabad,Furniture,Sofa Voluptatibus,10,115825,23232,COD
10957,12-03-2024,Anahi Upadhyay,North,Lucknow,Books,Fiction Quisquam,20,54053,3843,Credit Card
10958,16-02-2024,Alisha Balakrishnan,South,Bangalore,Furniture,Bed Sit,15,123749,9391,COD
10959,15-04-2024,Trisha Tiwari,East,Guwahati,Books,Biography Qui,15,53482,4787,Credit Card
10960,20-08-2024,Aaina Ramaswamy,North,Jaipur,Kitchen,Refrigerator Fuga,10,86202,6240,UPI
10961,01-03-2025,Ranbir Khanna,South,Thiruvananthapuram,Toys,Puzzle Magni,0,23716,1921,COD
10962,21-02-2025,Mishti Venkatesh,East,Patna,Kitchen,Mixer Grinder Cumque,10,38599,6238,COD
10963,17-06-2024,Ehsaan Shanker,South,Chennai,Furniture,Sofa Temporibus,0,23826,5582,COD
10964,18-10-2024,Dhanuk Ratti,East,Bhubaneswar,Sports,Dumbbells Maxime,20,101965,18544,UPI
10965,15-06-2024,Saira Sastry,East,Bhubaneswar,Toys,Action Figure Ipsum,20,169059,27423,Debit Card
10966,02-05-2025,Ritvik Dua,West,Mumbai,Books,Comics Distinctio,10,6646,916,Credit Card
10967,23-01-2025,Shray Sundaram,South,Bangalore,Beauty,Perfume Soluta,0,47648,4557,UPI
10968,09-11-2023,Inaaya  Mand,North,Amritsar,Sports,Yoga Mat Et,0,128282,19421,Net Banking
10969,28-01-2024,Shlok Gade,West,Pune,Kitchen,Juicer Magni,15,147071,29650,UPI
10970,27-11-2024,Indrajit Reddy,South,Coimbatore,Sports,Football Aliquid,10,61199,12278,UPI
10971,22-09-2025,Tushar Sankaran,West,Ahmedabad,Groceries,Rice Facilis,15,196070,24399,Net Banking
10972,28-12-2024,Jhanvi Subramaniam,South,Chennai,Kitchen,Refrigerator Magni,15,36481,3113,Net Banking
10973,04-12-2023,Rati Dhar,West,Ahmedabad,Home Decor,Vase Debitis,0,22260,3228,Credit Card
10974,06-01-2024,Taran Chahal,West,Pune,Home Decor,Wall Art Dolores,5,23765,1926,COD
10975,23-11-2024,Vritika Dube,West,Goa,Kitchen,Cookware Set Natus,20,121341,11472,COD
10976,11-05-2025,Kavya Mahal,North,Chandigarh,Furniture,Bed Consequuntur,15,111042,13068,Net Banking
10977,06-03-2024,Vaibhav Dhar,East,Bhubaneswar,Electronics,Headphones Aperiam,10,269413,47063,Net Banking
10978,11-01-2025,Jayan Hari,West,Pune,Furniture,Chair Quo,15,17300,1476,UPI
10979,07-08-2025,Keya Kunda,North,Chandigarh,Sports,Football Hic,20,147565,11330,COD
10980,07-05-2025,Vardaniya Ramachandran,South,Chennai,Kitchen,Cookware Set Quaerat,5,92796,10051,COD
10981,06-01-2024,Ryan Mand,West,Ahmedabad,Sports,Tennis Racket Omnis,10,193250,37738,COD
10982,20-04-2024,Devansh Sethi,South,Chennai,Kitchen,Mixer Grinder Et,15,125200,8827,Debit Card
10983,10-12-2024,Tejas Ramachandran,South,Hyderabad,Toys,Puzzle In,10,64619,13759,Net Banking
10984,24-02-2025,Pranay Mahal,West,Ahmedabad,Books,Non-Fiction Tenetur,20,89520,11392,Debit Card
10985,26-01-2024,Ira Andra,West,Mumbai,Groceries,Wheat Sit,15,95802,11205,UPI
10986,22-09-2025,Himmat Bahri,South,Thiruvananthapuram,Beauty,Foundation Temporibus,20,17120,1933,Credit Card
10987,18-04-2025,Vihaan Kannan,South,Chennai,Books,Non-Fiction Quod,0,20838,5084,Net Banking
10988,18-02-2024,Vihaan Varty,East,Guwahati,Clothing,Accessories Ipsum,5,119031,22803,Credit Card
10989,23-07-2025,Ayesha Srinivas,North,Lucknow,Furniture,Bed Tempora,10,9076,1480,UPI
10990,10-08-2024,Hansh Chaudhuri,East,Bhubaneswar,Toys,Puzzle Soluta,15,93587,20925,Credit Card
10991,04-01-2024,Aarush Bahl,East,Bhubaneswar,Books,Fiction Laborum,10,263837,56203,Debit Card
10992,06-12-2024,Rati Bhatti,East,Guwahati,Groceries,Oil Exercitationem,20,93478,10820,Credit Card
10993,05-06-2025,Shanaya Chaudry,West,Surat,Groceries,Sugar Similique,5,223925,13671,Credit Card
10994,21-10-2023,Anay Upadhyay,East,Bhubaneswar,Toys,Board Game Tempora,10,193082,16436,Net Banking
10995,14-09-2024,Darshit Keer,West,Mumbai,Books,Biography Sint,5,27223,5328,Debit Card
10996,29-05-2024,Umang Iyengar,North,Amritsar,Toys,RC Car Animi,5,22701,5388,COD
10997,07-05-2025,Zain Wadhwa,South,Chennai,Kitchen,Cookware Set Harum,15,21752,3356,UPI
10998,09-08-2024,Saira Ratti,North,Chandigarh,Clothing,Kids Wear Eveniet,15,60129,7808,COD
10999,07-07-2025,Zara Sinha,South,Coimbatore,Groceries,Sugar Nihil,10,4955,683,UPI
11000,10-05-2025,Anahi Rao,South,Bangalore,Books,Fiction Nisi,5,222616,11985,UPI
11001,04-02-2024,Miraya Jha,South,Coimbatore,Groceries,Wheat Necessitatibus,15,18347,2939,UPI
11002,27-11-2023,Farhan Kata,North,Lucknow,Groceries,Spices Dolores,15,64035,13472,Debit Card
11003,16-02-2024,Mehul Suri,North,Jaipur,Beauty,Lipstick Molestias,20,82061,7655,Debit Card
11004,29-01-2024,Tarini Ganesan,North,Chandigarh,Books,Comics Nesciunt,10,69777,5260,Credit Card
11005,20-12-2024,Nitya Dayal,West,Surat,Electronics,Camera Vel,5,150577,18926,COD
11006,16-05-2024,Inaaya  Sinha,West,Goa,Clothing,Shoes Sapiente,15,45506,5533,Credit Card
11007,08-12-2024,Eva Deshpande,South,Thiruvananthapuram,Groceries,Wheat Magni,5,188887,17971,Credit Card
11008,10-03-2024,Shanaya Gill,West,Ahmedabad,Toys,Doll Voluptatem,20,140518,7625,Net Banking
11009,09-11-2023,Keya Goswami,East,Bhubaneswar,Sports,Yoga Mat Dolor,15,243585,33130,Net Banking
11010,22-06-2024,Raghav Gala,East,Guwahati,Furniture,Bed Laudantium,15,54834,7153,Debit Card
11011,15-06-2025,Neysa Chacko,North,Jaipur,Home Decor,Vase Quia,15,16561,3250,UPI
11012,03-02-2024,Chirag Banik,West,Goa,Sports,Yoga Mat Sed,20,23856,1668,Credit Card
11013,14-10-2023,Nirvaan Bhargava,South,Bangalore,Home Decor,Vase Dolorum,5,61931,12071,COD
11014,14-02-2024,Ayesha Dani,South,Coimbatore,Groceries,Sugar Labore,10,25957,2731,Net Banking
11015,01-10-2024,Adira Tank,North,Amritsar,Kitchen,Cookware Set Ipsum,15,218351,27350,UPI
11016,16-12-2023,Romil Mall,East,Guwahati,Toys,RC Car Reiciendis,15,119715,10321,COD
11017,02-09-2025,Vritika Divan,North,Amritsar,Books,Comics Quo,5,193809,22076,Net Banking
11018,09-09-2024,Stuvan Saxena,West,Mumbai,Furniture,Bed Repellendus,10,146683,24928,Credit Card
11019,30-04-2024,Aarna Anand,North,Chandigarh,Beauty,Face Cream Reiciendis,20,147248,11285,UPI
11020,03-12-2024,Elakshi Mall,East,Kolkata,Clothing,Shoes Vitae,5,152056,28119,Debit Card
11021,07-05-2024,Taimur Kapoor,West,Goa,Home Decor,Lamp Sequi,20,111032,27245,Credit Card
11022,30-06-2024,Tejas Jayaraman,North,Jaipur,Kitchen,Microwave Perferendis,10,156618,36975,UPI
11023,28-10-2023,Farhan Kumar,West,Surat,Furniture,Chair Dolores,20,91027,20804,UPI
11024,22-08-2025,Vaibhav Borra,East,Patna,Beauty,Foundation Illum,5,158522,33382,COD
11025,20-02-2024,Mohanlal Kar,South,Thiruvananthapuram,Toys,Doll Dolorum,20,13406,3144,Net Banking
11026,21-03-2025,Zeeshan Bajaj,South,Chennai,Toys,Doll Incidunt,0,304932,36668,UPI
11027,11-12-2024,Romil Ghose,East,Guwahati,Electronics,Headphones At,15,39677,9113,COD
11028,12-03-2024,Prisha Gopal,South,Chennai,Electronics,Mobile Fugiat,5,80823,7678,UPI
11029,07-04-2025,Jayant Sem,East,Bhubaneswar,Sports,Tennis Racket Voluptate,20,134099,22271,Net Banking
11030,28-07-2024,Samar Bhalla,West,Surat,Books,Biography Non,0,36970,4223,Debit Card
11031,08-01-2025,Shayak Chaudhary,North,Amritsar,Clothing,Accessories Repellendus,15,112759,16442,Debit Card
11032,20-05-2025,Kimaya Kakar,West,Ahmedabad,Clothing,Kids Wear Accusamus,10,151862,26812,Net Banking
11033,29-10-2023,Dhruv Bahl,North,Lucknow,Toys,Action Figure Natus,15,1243,114,Credit Card
11034,04-06-2025,Yuvaan Vig,West,Surat,Clothing,Kids Wear Nemo,5,141048,13479,COD
11035,24-01-2025,Lakshit Sridhar,East,Guwahati,Home Decor,Clock Iure,20,70282,15372,Debit Card
11036,09-09-2024,Khushi Dugal,East,Kolkata,Home Decor,Clock Dolor,10,13598,2935,Net Banking
11037,06-02-2024,Sahil Kale,East,Bhubaneswar,Beauty,Foundation Totam,5,18326,2830,UPI
11038,29-08-2024,Kimaya Issac,East,Guwahati,Beauty,Face Cream Voluptas,20,173062,31705,Net Banking
11039,24-02-2025,Chirag Bera,South,Chennai,Beauty,Lipstick Esse,5,30845,6973,Credit Card
11040,06-09-2024,Devansh Walia,North,Chandigarh,Sports,Cricket Bat Modi,20,35699,4378,Net Banking
11041,23-03-2025,Riya Bhandari,South,Chennai,Home Decor,Lamp Nostrum,0,62043,10539,Credit Card
11042,26-10-2023,Neelofar Banerjee,West,Pune,Clothing,Women's Wear Tenetur,5,1017,147,Debit Card
11043,07-10-2023,Aaryahi Mahajan,West,Ahmedabad,Sports,Dumbbells Voluptates,10,9223,790,Net Banking
11044,13-06-2024,Mamooty Shankar,West,Ahmedabad,Kitchen,Cookware Set Quidem,5,86478,14192,Net Banking
11045,01-08-2025,Farhan De,West,Ahmedabad,Groceries,Spices Quibusdam,0,272724,47542,Credit Card
11046,13-09-2025,Anahi Date,South,Chennai,Electronics,Headphones Sed,0,134412,16686,Debit Card
11047,15-03-2024,Parinaaz Datta,West,Ahmedabad,Home Decor,Vase Ea,5,311690,67821,Net Banking
11048,12-05-2024,Rania Mand,South,Coimbatore,Books,Non-Fiction Cum,5,127515,19052,Net Banking
11049,04-05-2025,Rania Sanghvi,West,Pune,Books,Biography Deserunt,15,34194,7109,UPI
11050,28-10-2023,Anahi Date,West,Mumbai,Home Decor,Lamp Sed,5,20009,1003,COD
11051,28-01-2025,Zain Sha,West,Surat,Books,Biography Repudiandae,0,46017,11480,COD
11052,11-11-2024,Hunar Seth,East,Patna,Beauty,Face Cream Nisi,20,138432,13387,UPI
11053,03-09-2025,Mohanlal Sha,East,Guwahati,Home Decor,Cushion Praesentium,10,103770,18283,Debit Card
11054,28-02-2024,Farhan Dave,North,Amritsar,Beauty,Perfume Veniam,0,214496,13544,Net Banking
11055,02-10-2024,Myra Dua,South,Thiruvananthapuram,Groceries,Oil Iusto,0,265780,45958,Credit Card
11056,13-04-2024,Suhana Mani,North,Jaipur,Toys,RC Car Ab,20,223760,18817,Debit Card
11057,11-12-2024,Shanaya Devan,West,Mumbai,Toys,Puzzle Tempora,5,135138,8543,COD
11058,31-05-2025,Onkar Bora,West,Surat,Sports,Yoga Mat Voluptatem,10,278915,30971,UPI
11059,02-09-2025,Piya Koshy,South,Bangalore,Home Decor,Clock Animi,10,166381,18545,UPI
11060,24-07-2024,Kismat Chowdhury,West,Goa,Kitchen,Microwave Ex,15,111733,17414,COD
11061,01-02-2025,Akarsh Sastry,West,Ahmedabad,Groceries,Oil Quisquam,20,14973,3146,COD
11062,17-05-2025,Rati Ramaswamy,North,Chandigarh,Toys,Puzzle Commodi,0,2456,458,Credit Card
11063,24-11-2024,Prerak Shan,South,Thiruvananthapuram,Furniture,Table Excepturi,5,11265,670,Credit Card
11064,06-12-2024,Kashvi Raja,East,Kolkata,Books,Textbook Assumenda,0,198909,45907,COD
11065,11-10-2023,Onkar Johal,East,Ranchi,Books,Textbook Nihil,20,135718,9387,Debit Card
11066,10-05-2025,Ryan Srivastava,West,Mumbai,Electronics,Smartwatch Aperiam,20,31082,4063,Debit Card
11067,06-09-2025,Yakshit Brahmbhatt,South,Chennai,Home Decor,Lamp Ut,0,83368,8547,Credit Card
11068,15-10-2024,Baiju Jaggi,South,Coimbatore,Beauty,Face Cream Recusandae,15,17054,2562,Debit Card
11069,12-07-2025,Zaina Chakrabarti,West,Mumbai,Sports,Cricket Bat Officiis,0,83216,6068,Net Banking
11070,20-02-2024,Ivana Sandal,West,Surat,Kitchen,Mixer Grinder Earum,10,158094,32036,UPI
11071,10-02-2025,Kabir Dani,South,Bangalore,Electronics,Laptop Et,20,56542,5767,Debit Card
11072,03-09-2025,Alisha Bhagat,South,Hyderabad,Clothing,Women's Wear Explicabo,20,115843,27906,COD
11073,11-03-2024,Jivika Wali,West,Mumbai,Furniture,Cabinet Neque,20,49260,10533,Debit Card
11074,09-08-2024,Aradhya Bassi,North,Delhi,Groceries,Sugar Recusandae,20,4157,431,Credit Card
11075,31-08-2024,Jivin Lal,North,Lucknow,Books,Textbook Error,20,1238,284,UPI
11076,03-09-2024,Charvi Dora,North,Amritsar,Toys,Action Figure Voluptatem,20,22916,1925,UPI
11077,23-09-2025,Tarini Sant,East,Patna,Beauty,Foundation Sapiente,20,11200,1427,Credit Card
11078,14-01-2025,Emir Batta,North,Jaipur,Sports,Cricket Bat Officiis,10,33180,3695,COD
11079,08-05-2024,Prerak Dani,East,Guwahati,Electronics,Mobile Vitae,15,11336,2562,Credit Card
11080,14-02-2024,Drishya Amble,South,Coimbatore,Groceries,Oil Cupiditate,10,15638,1948,COD
11081,31-08-2024,Bhavin Chowdhury,East,Guwahati,Groceries,Spices Natus,15,223750,47404,Credit Card
11082,05-09-2024,Adah Jhaveri,East,Guwahati,Kitchen,Refrigerator Vero,10,168714,13617,Net Banking
11083,30-01-2025,Raunak Keer,North,Amritsar,Books,Textbook Placeat,15,48178,7140,Debit Card
11084,13-03-2024,Dhanush Samra,West,Mumbai,Electronics,Laptop Quasi,0,139862,27077,COD
11085,25-10-2023,Kaira Bera,South,Hyderabad,Electronics,Camera Facere,10,58393,3188,COD
11086,24-12-2023,Kiara Lad,West,Goa,Home Decor,Clock Fugit,20,173398,17230,COD
11087,02-10-2025,Anahita Chada,North,Delhi,Home Decor,Vase Et,5,6864,1181,Credit Card
11088,30-04-2025,Indranil Khurana,North,Amritsar,Electronics,Mobile Voluptates,20,244614,19458,COD
11089,25-03-2025,Navya Thakur,South,Coimbatore,Clothing,Women's Wear Maiores,10,38143,5555,Debit Card
11090,18-12-2024,Kismat Tara,North,Jaipur,Furniture,Sofa Praesentium,10,158158,25713,COD
11091,30-03-2024,Vanya Mallick,West,Mumbai,Groceries,Spices Temporibus,5,194188,37261,Net Banking
11092,22-07-2024,Kaira Solanki,South,Thiruvananthapuram,Beauty,Foundation Eveniet,20,111600,16186,Credit Card
11093,05-09-2024,Jivika Andra,South,Coimbatore,Electronics,Mobile In,15,19193,1298,Net Banking
11094,06-07-2025,Elakshi Singhal,South,Coimbatore,Electronics,Camera Ipsa,15,25441,1420,Credit Card
11095,24-05-2025,Jivin Bora,North,Lucknow,Electronics,Mobile Fuga,15,123893,7564,Debit Card
11096,30-08-2024,Bhamini Karan,East,Kolkata,Toys,Board Game Quam,0,98448,18681,COD
11097,31-10-2023,Parinaaz Som,West,Surat,Books,Fiction Ut,5,28303,5063,Debit Card
11098,18-12-2023,Shanaya Chatterjee,South,Thiruvananthapuram,Books,Comics Exercitationem,10,71645,16298,COD
11099,21-07-2025,Neysa Sheth,South,Coimbatore,Sports,Football Provident,10,134073,15987,Debit Card
11100,28-11-2023,Vivaan Verma,East,Bhubaneswar,Books,Non-Fiction Tempore,0,114194,17565,COD
11101,17-12-2023,Nehmat Hegde,North,Chandigarh,Electronics,Smartwatch Ipsam,15,100756,20731,Net Banking
11102,28-06-2025,Eva Sahota,North,Amritsar,Groceries,Rice Quas,0,306908,43169,Credit Card
11103,16-09-2025,Vivaan Bhardwaj,West,Goa,Clothing,Kids Wear Sed,15,64257,13076,UPI
11104,08-04-2025,Armaan Kaur,South,Thiruvananthapuram,Electronics,Camera Reprehenderit,20,205930,14098,COD
11105,14-12-2024,Abram Shanker,South,Chennai,Toys,Doll Soluta,10,248967,60565,COD
11106,29-05-2024,Vanya Sangha,West,Pune,Home Decor,Vase Distinctio,5,207161,47984,Credit Card
11107,26-03-2024,Miraan Iyer,South,Thiruvananthapuram,Groceries,Sugar Ipsum,15,17615,3323,UPI
11108,16-08-2024,Krish Kaul,West,Mumbai,Home Decor,Vase Laudantium,10,252495,36137,Net Banking
11109,11-04-2025,Mannat Yohannan,West,Surat,Clothing,Shoes Aliquid,0,168717,30408,UPI
11110,02-12-2024,Darshit Barman,North,Lucknow,Books,Non-Fiction Molestiae,20,52715,2862,Credit Card
11111,08-10-2023,Samarth Chacko,East,Ranchi,Groceries,Sugar Cupiditate,15,12967,1414,COD
11112,26-06-2024,Abram Ram,East,Kolkata,Electronics,Smartwatch Consequatur,0,294008,18131,Net Banking
11113,14-03-2024,Baiju Kalla,East,Ranchi,Clothing,Shoes Quod,0,127924,23531,UPI
11114,27-05-2024,Mannat Devan,East,Guwahati,Electronics,Camera Itaque,5,173252,20004,COD
11115,25-08-2025,Anay Gokhale,East,Guwahati,Beauty,Face Cream Quisquam,5,277129,19593,Debit Card
11116,20-10-2023,Hridaan Malhotra,North,Jaipur,Books,Textbook Voluptas,15,104555,8656,Net Banking
11117,14-04-2025,Mamooty Ghose,West,Goa,Books,Textbook Doloribus,0,127184,26219,Debit Card
11118,19-04-2024,Baiju Amble,South,Coimbatore,Toys,RC Car Voluptate,15,75354,17884,Net Banking
11119,29-01-2025,Priyansh Amble,South,Thiruvananthapuram,Groceries,Sugar Ratione,20,23907,3203,COD
11120,17-01-2025,Aniruddh Sant,North,Lucknow,Electronics,Laptop Aliquam,0,60813,12989,UPI
11121,24-05-2024,Piya Bhandari,North,Jaipur,Furniture,Table Rem,15,41121,7524,Credit Card
11122,14-01-2024,Ayesha Jain,East,Bhubaneswar,Toys,RC Car Omnis,0,314356,31464,Debit Card
11123,04-08-2025,Gatik Boase,North,Delhi,Toys,RC Car Veritatis,20,36017,6971,Debit Card
11124,23-09-2024,Biju Madan,West,Mumbai,Electronics,Mobile Officiis,20,41694,9105,Net Banking
11125,30-04-2025,Alisha Khare,West,Ahmedabad,Beauty,Shampoo Reprehenderit,5,372714,82744,Debit Card
11126,15-09-2024,Yakshit Venkataraman,North,Delhi,Furniture,Sofa Id,5,63920,8467,Credit Card
11127,25-08-2025,Madhav Banik,East,Ranchi,Books,Biography Occaecati,0,66175,11937,COD
11128,13-02-2025,Jayan Mani,North,Jaipur,Groceries,Oil Quam,15,2204,349,Net Banking
11129,01-12-2024,Anay Mander,North,Delhi,Clothing,Women's Wear Quo,5,48581,5848,COD
11130,23-01-2024,Ira Babu,South,Coimbatore,Electronics,Smartwatch Animi,10,76313,14690,Debit Card
11131,15-04-2025,Elakshi Mangat,West,Goa,Beauty,Shampoo Vitae,10,70992,14671,Net Banking
11132,22-08-2024,Lavanya Gour,East,Bhubaneswar,Home Decor,Vase Labore,5,294334,42327,Debit Card
11133,23-08-2024,Ahana  Rastogi,South,Chennai,Toys,Action Figure Dolores,10,330,73,Debit Card
11134,30-01-2025,Jivika Guha,West,Goa,Beauty,Perfume Autem,0,146680,24225,Net Banking
11135,04-01-2025,Priyansh Sane,West,Ahmedabad,Sports,Football Nulla,5,148419,21233,UPI
11136,31-05-2025,Suhana Doshi,West,Mumbai,Groceries,Rice Reiciendis,10,45758,3710,COD
11137,16-05-2024,Indrajit Chawla,East,Guwahati,Kitchen,Juicer Molestiae,0,2668,612,Credit Card
11138,21-02-2025,Anaya Hegde,West,Mumbai,Clothing,Shoes Fugit,10,15176,2398,Debit Card
11139,23-08-2025,Mahika Kaul,North,Chandigarh,Clothing,Accessories Facilis,20,313452,17201,Debit Card
11140,12-02-2024,Ishaan Gopal,North,Amritsar,Toys,Action Figure Dicta,15,94602,8635,Credit Card
11141,27-11-2023,Anika Saxena,West,Pune,Sports,Football Dolor,10,95697,18210,Net Banking
11142,25-03-2025,Miraya Sengupta,South,Bangalore,Books,Comics Omnis,0,133395,16581,Net Banking
11143,27-09-2025,Shalv Aurora,South,Bangalore,Clothing,Shoes Cumque,5,190350,45546,COD
11144,29-04-2024,Prisha Hayre,North,Amritsar,Clothing,Men's Wear Voluptatibus,10,314069,73961,Debit Card
11145,16-10-2024,Gokul Bhatnagar,East,Ranchi,Beauty,Shampoo Fugit,0,373500,43137,Net Banking
11146,09-01-2025,Hridaan Rege,East,Guwahati,Toys,RC Car Maxime,0,154464,27761,UPI
11147,22-08-2025,Raghav Majumdar,North,Delhi,Electronics,Smartwatch Fugiat,10,51952,9561,Debit Card
11148,09-03-2024,Renee Wali,North,Lucknow,Sports,Cricket Bat Et,5,12425,2531,UPI
11149,28-02-2025,Manjari Choudhry,South,Coimbatore,Toys,RC Car Aperiam,10,31250,5558,Debit Card
11150,30-11-2024,Ahana  Chaudhry,North,Lucknow,Kitchen,Cookware Set Aliquam,20,129022,13193,Debit Card
11151,30-05-2025,Vaibhav Sehgal,South,Coimbatore,Books,Biography Explicabo,20,34649,8177,Debit Card
11152,26-07-2025,Yasmin Doctor,West,Ahmedabad,Kitchen,Microwave Aspernatur,20,124936,30083,Credit Card
11153,15-02-2024,Yuvraj  Virk,East,Patna,Clothing,Women's Wear Incidunt,0,275852,30755,COD
11154,02-03-2024,Aarav Bahri,North,Jaipur,Clothing,Men's Wear Ullam,20,181930,41542,Credit Card
11155,16-08-2024,Prerak Sahni,North,Delhi,Electronics,Camera In,20,182707,42984,COD
11156,12-03-2025,Ishita Sengupta,East,Patna,Sports,Cricket Bat Illo,15,63354,14251,Debit Card
11157,16-11-2023,Sahil Chauhan,East,Kolkata,Clothing,Shoes Consequatur,20,86936,13753,Debit Card
11158,21-12-2023,Tushar Kakar,South,Coimbatore,Beauty,Lipstick Cupiditate,0,121773,23092,Net Banking
11159,17-08-2024,Samarth Reddy,East,Guwahati,Groceries,Rice Reiciendis,15,62747,14326,UPI
11160,18-07-2025,Indrans Kata,East,Kolkata,Home Decor,Lamp Quaerat,20,231888,28056,UPI
11161,11-12-2024,Fateh Rama,North,Amritsar,Toys,RC Car Doloremque,0,43644,2349,COD
11162,13-01-2025,Taran Balay,West,Mumbai,Clothing,Accessories Assumenda,15,292358,71421,COD
11163,31-01-2025,Kashvi Chaudry,North,Amritsar,Beauty,Foundation Fugiat,5,20121,1752,UPI
11164,26-11-2024,Riya Dalal,East,Guwahati,Sports,Tennis Racket Quos,20,36822,4281,Net Banking
11165,31-12-2023,Riaan Batra,East,Ranchi,Electronics,Mobile Quisquam,5,76141,6902,UPI
11166,25-06-2025,Riya Sidhu,East,Guwahati,Kitchen,Microwave Sit,10,57508,6021,UPI
11167,13-01-2025,Manjari Kaur,West,Surat,Kitchen,Refrigerator Modi,5,205704,23606,COD
11168,02-09-2025,Pihu Bahl,North,Lucknow,Sports,Tennis Racket Recusandae,0,5632,1115,UPI
11169,01-06-2024,Amira Varghese,North,Amritsar,Electronics,Camera Cupiditate,15,135017,31623,Debit Card
11170,21-10-2023,Riaan Krishna,South,Thiruvananthapuram,Home Decor,Wall Art Dolor,20,15851,2303,Debit Card
11171,07-08-2025,Vardaniya Bhagat,West,Pune,Clothing,Women's Wear Voluptate,10,87327,11100,UPI
11172,21-08-2024,Taimur Sachdeva,West,Surat,Books,Fiction Numquam,15,4720,384,Credit Card
11173,13-08-2024,Aarush Thakkar,North,Jaipur,Kitchen,Refrigerator Necessitatibus,20,80762,12752,Credit Card
11174,08-03-2025,Fateh Sama,West,Goa,Kitchen,Refrigerator Molestias,10,86386,6972,UPI
11175,12-05-2025,Rasha Chaudhari,West,Mumbai,Toys,Action Figure Numquam,10,28908,3815,Credit Card
11176,14-12-2024,Shaan Edwin,South,Chennai,Toys,Puzzle Aliquid,10,7631,1722,Credit Card
11177,27-01-2025,Jiya Bansal,West,Goa,Kitchen,Refrigerator Aliquid,20,206470,46387,COD
11178,05-07-2024,Shalv Gupta,North,Chandigarh,Books,Biography Tenetur,5,199947,29877,Debit Card
11179,13-12-2024,Aniruddh Bhat,West,Mumbai,Groceries,Spices Sed,20,3590,600,Credit Card
11180,18-05-2025,Yashvi Ravi,South,Thiruvananthapuram,Clothing,Shoes Eaque,5,127392,23442,Net Banking
11181,03-12-2024,Dharmajan Swaminathan,East,Bhubaneswar,Groceries,Wheat Nam,15,114937,20930,Debit Card
11182,16-07-2024,Baiju Sunder,East,Guwahati,Toys,Puzzle Nesciunt,5,112598,13167,Net Banking
11183,24-03-2024,Divij Mallick,North,Lucknow,Kitchen,Mixer Grinder Ullam,0,204681,44312,Credit Card
11184,02-03-2025,Aarush Mall,North,Delhi,Sports,Tennis Racket Ipsam,15,263575,59365,UPI
11185,12-12-2024,Neelofar Walia,West,Pune,Electronics,Mobile Esse,0,79714,17339,COD
11186,29-08-2025,Ryan Banik,North,Jaipur,Kitchen,Mixer Grinder Dolorem,5,103653,21673,Credit Card
11187,07-09-2024,Rati Tailor,South,Coimbatore,Home Decor,Lamp Eius,0,69812,14777,Credit Card
11188,07-01-2024,Amani Sabharwal,North,Amritsar,Books,Non-Fiction Ipsum,0,288955,40434,Debit Card
11189,26-02-2024,Manikya Tella,North,Lucknow,Books,Textbook Cum,15,102536,17979,Net Banking
11190,05-03-2024,Tarini Kuruvilla,South,Bangalore,Sports,Tennis Racket Suscipit,20,51262,6192,Net Banking
11191,19-11-2024,Zoya Aurora,North,Lucknow,Home Decor,Vase Occaecati,5,57703,10004,Credit Card
11192,22-09-2024,Tara Chanda,East,Ranchi,Home Decor,Lamp Totam,15,59180,5773,COD
11193,22-09-2025,Ryan De,East,Ranchi,Kitchen,Cookware Set Maiores,5,18914,2260,Debit Card
11194,05-09-2024,Mohanlal Roy,North,Delhi,Furniture,Table Soluta,15,129953,18030,UPI
11195,30-12-2023,Tejas Dara,North,Jaipur,Clothing,Accessories Enim,5,30801,3639,Net Banking
11196,27-09-2025,Divij Raj,East,Bhubaneswar,Kitchen,Cookware Set Neque,10,109075,18051,COD
11197,23-05-2024,Ehsaan Talwar,North,Chandigarh,Toys,Doll Error,20,115008,24998,Credit Card
11198,10-02-2024,Sara Sanghvi,West,Goa,Sports,Yoga Mat Aliquid,20,5916,1168,Net Banking
11199,05-07-2024,Sana Raju,East,Kolkata,Books,Non-Fiction Error,20,30553,5246,COD
11200,11-02-2025,Kismat Rau,West,Mumbai,Furniture,Chair Cumque,10,110426,13002,Credit Card
11201,17-08-2024,Anahita Dasgupta,West,Ahmedabad,Groceries,Wheat Possimus,5,44778,4570,UPI
11202,14-12-2023,Renee Talwar,West,Mumbai,Electronics,Camera Sit,20,160054,24509,Credit Card
11203,28-12-2024,Kabir Srinivasan,North,Chandigarh,Furniture,Chair Repellendus,10,49442,9561,Credit Card
11204,18-05-2025,Ira Dash,South,Bangalore,Toys,Doll Ab,10,96476,16943,Debit Card
11205,08-10-2024,Miraan Chokshi,North,Jaipur,Home Decor,Vase Ducimus,20,9689,1864,Credit Card
11206,11-03-2024,Aaina Chandran,East,Bhubaneswar,Electronics,Headphones A,5,43748,8557,UPI
11207,16-10-2023,Kiara Sarkar,North,Delhi,Beauty,Perfume Fugiat,20,61802,12863,UPI
11208,02-05-2024,Ojas Konda,East,Kolkata,Sports,Dumbbells Cum,20,54160,7072,UPI
11209,22-05-2025,Dhruv Lad,West,Pune,Electronics,Smartwatch Necessitatibus,0,189768,44301,Credit Card
11210,23-06-2025,Chirag Karan,West,Pune,Toys,RC Car Totam,10,158137,22594,Debit Card
11211,24-12-2024,Suhana Bala,North,Amritsar,Kitchen,Cookware Set Commodi,5,10346,1096,COD
11212,22-04-2024,Riaan Rajagopal,East,Bhubaneswar,Kitchen,Refrigerator Tempore,0,189342,32966,COD
11213,20-05-2024,Aradhya Sane,North,Delhi,Clothing,Kids Wear Harum,15,15395,3539,Debit Card
11214,09-09-2024,Badal Banik,East,Patna,Electronics,Smartwatch Neque,20,29770,4564,Debit Card
11215,22-01-2024,Alisha Tata,West,Goa,Books,Comics Illo,10,27328,4110,Debit Card
11216,12-01-2025,Gokul Bora,North,Amritsar,Clothing,Kids Wear Nobis,10,58065,6650,UPI
11217,07-06-2025,Dishani Tiwari,South,Thiruvananthapuram,Kitchen,Cookware Set Ea,0,104616,23986,UPI
11218,30-10-2023,Reyansh Bassi,South,Coimbatore,Kitchen,Refrigerator Cumque,0,342335,20450,UPI
11219,16-02-2024,Biju Sur,South,Coimbatore,Sports,Football Dolore,0,88928,6803,COD
11220,31-12-2024,Renee Gole,West,Mumbai,Electronics,Camera Tempora,20,27376,6620,Net Banking
11221,07-10-2024,Shanaya Kant,West,Mumbai,Home Decor,Vase Ullam,15,22466,1244,UPI
11222,20-07-2025,Shlok Thakkar,North,Jaipur,Furniture,Sofa Sed,0,97131,11166,COD
11223,13-01-2024,Jiya Mammen,North,Delhi,Furniture,Bed Culpa,10,10814,642,COD
11224,17-02-2024,Darshit Wali,West,Goa,Kitchen,Cookware Set In,5,22877,4883,COD
11225,14-04-2024,Kartik Dayal,North,Jaipur,Home Decor,Clock Voluptates,5,68503,16747,Credit Card
11226,21-01-2024,Rohan Karnik,East,Ranchi,Home Decor,Vase Enim,15,81689,4494,Net Banking
11227,14-02-2025,Priyansh Barman,South,Chennai,Electronics,Laptop Magnam,0,53001,7914,Credit Card
11228,16-08-2024,Rohan Dayal,West,Ahmedabad,Home Decor,Wall Art Ipsa,0,40814,7511,UPI
11229,29-06-2024,Jiya Agarwal,South,Bangalore,Clothing,Shoes Neque,20,114974,7335,COD
11230,05-07-2024,Divit Date,South,Chennai,Sports,Tennis Racket Quod,15,145360,19340,UPI
11231,20-10-2023,Madhup Dasgupta,East,Kolkata,Sports,Cricket Bat Cum,15,106369,16821,COD
11232,12-10-2024,Nirvi Sharma,North,Amritsar,Furniture,Bed Natus,20,159305,28378,COD
11233,06-12-2024,Krish Ghosh,East,Guwahati,Sports,Cricket Bat Cumque,10,37193,4468,UPI
11234,16-08-2025,Prerak Jha,North,Lucknow,Books,Biography Sequi,5,338219,74571,Net Banking
11235,03-08-2025,Eva Brar,East,Bhubaneswar,Electronics,Smartwatch Corrupti,10,344246,71279,Net Banking
11236,27-08-2024,Nayantara Sura,West,Ahmedabad,Kitchen,Microwave Provident,10,55134,8566,Debit Card
11237,15-07-2025,Shayak Verma,South,Coimbatore,Kitchen,Microwave Eveniet,10,19969,4051,COD
11238,15-09-2024,Ayesha Sibal,West,Pune,Home Decor,Wall Art Voluptate,0,75422,3784,Net Banking
11239,11-05-2024,Shray Amble,East,Guwahati,Toys,Board Game Eveniet,20,96384,6183,UPI
11240,07-02-2025,Indranil Banik,West,Mumbai,Electronics,Laptop Deleniti,15,4562,782,COD
11241,27-03-2025,Kabir Ratta,South,Thiruvananthapuram,Furniture,Sofa Adipisci,0,54240,3085,UPI
11242,04-09-2024,Nitya Chowdhury,East,Kolkata,Groceries,Spices Tenetur,0,53104,4195,Credit Card
11243,08-07-2024,Kabir Sastry,South,Thiruvananthapuram,Beauty,Perfume Debitis,15,4024,867,Net Banking
11244,22-05-2024,Vivaan Kumer,East,Bhubaneswar,Kitchen,Juicer Delectus,15,68289,11640,UPI
11245,28-08-2024,Vedika Tank,North,Lucknow,Sports,Cricket Bat Facilis,10,136688,26269,Net Banking
11246,11-03-2025,Armaan Sibal,South,Coimbatore,Home Decor,Lamp Omnis,10,151049,8096,Credit Card
11247,29-04-2025,Amira Chandran,South,Bangalore,Electronics,Laptop Porro,10,214418,20423,Debit Card
11248,27-11-2024,Abram Mani,North,Chandigarh,Sports,Football Architecto,15,193076,18581,COD
11249,26-06-2024,Rasha Dar,North,Jaipur,Kitchen,Juicer Quis,5,59512,4290,Net Banking
11250,08-04-2024,Krish Gulati,West,Goa,Beauty,Foundation Velit,15,187411,36537,Credit Card
11251,23-05-2025,Aaryahi Bhatia,West,Mumbai,Furniture,Chair Voluptatum,15,197003,32957,COD
11252,24-09-2025,Ivana Saraf,West,Ahmedabad,Kitchen,Refrigerator Ipsa,0,68898,10902,Net Banking
11253,26-10-2023,Divyansh Sarraf,North,Jaipur,Toys,Action Figure Iure,15,111754,7214,Credit Card
11254,03-08-2025,Manikya Halder,West,Pune,Electronics,Headphones Corporis,5,91134,9314,Credit Card
11255,24-08-2024,Ritvik Kapadia,East,Guwahati,Sports,Dumbbells Est,20,124987,11868,Net Banking
11256,23-09-2024,Anya Dua,South,Coimbatore,Groceries,Oil Iusto,5,186284,39618,Net Banking
11257,15-04-2024,Charvi Gokhale,West,Surat,Kitchen,Cookware Set Hic,20,22947,4436,COD
11258,13-06-2024,Nakul Sura,East,Patna,Home Decor,Lamp Molestiae,5,256405,59426,UPI
11259,11-10-2023,Nayantara Majumdar,East,Patna,Sports,Football Nostrum,0,148230,9688,Net Banking
11260,15-06-2024,Jhanvi Chaudhuri,North,Chandigarh,Furniture,Cabinet Quaerat,10,116459,19989,Credit Card
11261,06-08-2024,Samaira Gara,South,Bangalore,Beauty,Perfume Porro,10,124659,26106,UPI
11262,11-11-2023,Saanvi Konda,North,Chandigarh,Home Decor,Cushion Quos,10,1642,198,Net Banking
11263,31-08-2024,Jiya Tella,East,Kolkata,Kitchen,Mixer Grinder Aliquid,0,79297,10226,UPI
11264,10-11-2024,Piya Sura,North,Chandigarh,Kitchen,Refrigerator Minima,5,105802,24399,UPI
11265,07-01-2025,Amira Gupta,East,Ranchi,Kitchen,Microwave Ad,20,6431,803,Net Banking
11266,13-11-2024,Pihu Chana,North,Jaipur,Home Decor,Wall Art Reprehenderit,20,36325,3116,UPI
11267,04-02-2024,Saira Dara,West,Mumbai,Clothing,Shoes At,20,62406,9124,Credit Card
11268,19-08-2025,Divit Kumar,East,Ranchi,Books,Textbook Labore,5,133993,11479,UPI
11269,27-09-2024,Kashvi Kapoor,West,Mumbai,Electronics,Mobile Dolorem,20,24002,3934,UPI
11270,03-07-2024,Shaan Dube,North,Chandigarh,Sports,Yoga Mat Eaque,15,12432,1606,COD
11271,01-01-2024,Jayant Dugar,North,Lucknow,Furniture,Table Laudantium,0,147440,23444,Debit Card
11272,30-05-2024,Vihaan Salvi,North,Chandigarh,Kitchen,Cookware Set Voluptatem,15,73598,6356,Net Banking
11273,11-05-2025,Ryan Goswami,East,Patna,Groceries,Sugar Iste,15,13488,3316,UPI
11274,10-12-2023,Drishya Doshi,East,Bhubaneswar,Beauty,Perfume Aspernatur,0,111784,12439,Credit Card
11275,01-01-2025,Ojas Chakraborty,North,Chandigarh,Groceries,Sugar Quam,20,44724,11011,Debit Card
11276,12-08-2025,Farhan Bajaj,West,Pune,Kitchen,Microwave Quas,15,32949,2585,Debit Card
11277,14-08-2025,Prisha Yohannan,South,Hyderabad,Clothing,Women's Wear Perspiciatis,10,67662,6107,Credit Card
11278,25-02-2024,Aradhya Rout,South,Bangalore,Beauty,Shampoo Molestiae,15,112703,27946,Debit Card
11279,18-09-2024,Madhup Sem,East,Ranchi,Toys,RC Car Qui,10,125559,20223,Debit Card
11280,20-03-2024,Inaaya  Mannan,North,Lucknow,Sports,Cricket Bat Ullam,20,52074,6810,Debit Card
11281,13-06-2024,Indranil Suresh,South,Hyderabad,Toys,Puzzle Perspiciatis,0,312964,26867,Credit Card
11282,20-12-2024,Madhup Banerjee,West,Surat,Toys,RC Car Nihil,5,262271,60530,Net Banking
11283,14-02-2025,Ranbir Shenoy,East,Kolkata,Electronics,Laptop Repudiandae,10,92329,11027,UPI
11284,25-11-2024,Ehsaan Mahal,West,Pune,Kitchen,Cookware Set A,10,188471,33417,UPI
11285,01-10-2024,Taimur Dewan,West,Goa,Furniture,Bed Tenetur,5,75329,15386,Net Banking
11286,31-12-2023,Yasmin Sankar,South,Chennai,Furniture,Bed Soluta,20,76296,8592,Net Banking
11287,08-04-2025,Rati Thaker,South,Hyderabad,Groceries,Wheat Temporibus,15,60702,10338,Credit Card
11288,01-09-2025,Stuvan Tiwari,North,Lucknow,Beauty,Lipstick Voluptate,5,87712,16777,Debit Card
11289,11-05-2024,Raghav Yogi,West,Goa,Kitchen,Cookware Set Consequatur,0,185388,21048,Credit Card
11290,06-11-2024,Abram Sura,West,Ahmedabad,Sports,Cricket Bat Iure,0,161862,21216,Credit Card
11291,29-08-2025,Ishaan Bhatnagar,South,Thiruvananthapuram,Groceries,Wheat Doloremque,20,51055,10599,Credit Card
11292,28-09-2025,Vidur Hans,West,Surat,Toys,RC Car Tempora,15,94797,14127,UPI
11293,26-05-2024,Divij Kamdar,East,Guwahati,Books,Comics Dignissimos,15,193905,17820,Credit Card
11294,29-12-2024,Dishani Sane,East,Bhubaneswar,Electronics,Laptop Voluptatem,0,258648,33869,Net Banking
11295,22-03-2024,Nitya Chatterjee,South,Coimbatore,Home Decor,Cushion Deserunt,20,31776,5638,Debit Card
11296,07-08-2024,Zaina Sastry,North,Amritsar,Clothing,Men's Wear Voluptates,0,150540,31539,COD
11297,26-08-2025,Jhanvi Sidhu,West,Pune,Books,Comics Debitis,15,65236,4737,Credit Card
11298,23-09-2025,Shray Seth,North,Chandigarh,Sports,Yoga Mat Ipsam,0,110790,8082,Credit Card
11299,01-01-2024,Ela Wadhwa,South,Thiruvananthapuram,Books,Comics Nostrum,0,67362,9851,Net Banking
11300,21-05-2025,Nirvaan Ramanathan,South,Thiruvananthapuram,Clothing,Kids Wear Ipsam,5,152485,16564,UPI
11301,09-08-2025,Kiara Dani,West,Surat,Furniture,Cabinet Aliquid,5,262295,43947,Credit Card
11302,05-06-2025,Riaan Malhotra,North,Amritsar,Home Decor,Clock Excepturi,0,59604,5942,Debit Card
11303,27-02-2025,Dishani Thaman,East,Bhubaneswar,Beauty,Face Cream Dolorum,15,241165,40413,Credit Card
11304,01-04-2025,Dhanush Thaker,South,Bangalore,Toys,Action Figure Qui,0,2258,438,Debit Card
11305,20-01-2024,Kavya Sangha,North,Chandigarh,Furniture,Cabinet Quo,0,150494,27593,UPI
11306,27-07-2024,Arhaan Dalal,South,Bangalore,Groceries,Oil Hic,10,34488,6757,COD
11307,04-03-2025,Nitara Singhal,West,Ahmedabad,Clothing,Shoes Iusto,20,85198,11263,Debit Card
11308,23-04-2024,Vanya Choudhury,North,Delhi,Beauty,Lipstick Atque,20,111048,10218,UPI
11309,29-05-2025,Aradhya Atwal,West,Pune,Home Decor,Clock Beatae,5,103542,12563,Debit Card
11310,21-09-2024,Kartik Goyal,East,Guwahati,Furniture,Sofa Ducimus,5,70171,17214,Credit Card
11311,20-08-2024,Emir Tak,West,Surat,Groceries,Spices Consectetur,0,91945,10927,COD
11312,05-11-2023,Raunak Sankar,South,Bangalore,Clothing,Women's Wear Alias,20,59784,12405,Debit Card
11313,04-03-2025,Yashvi Gade,West,Pune,Groceries,Spices Quam,0,38464,7110,UPI
11314,21-10-2023,Amani Madan,North,Chandigarh,Beauty,Lipstick Amet,10,71998,5444,Credit Card
11315,25-03-2025,Raunak Badami,North,Chandigarh,Home Decor,Clock Repellendus,20,187968,44491,Net Banking
11316,07-12-2024,Piya Rout,East,Kolkata,Groceries,Oil Illo,0,51036,4993,COD
11317,11-05-2024,Anvi Sehgal,North,Delhi,Beauty,Face Cream Voluptatum,10,156029,23506,Credit Card
11318,15-12-2023,Baiju Goel,West,Ahmedabad,Sports,Yoga Mat Suscipit,15,178709,14874,COD
11319,14-10-2024,Himmat Ratta,South,Chennai,Books,Textbook Totam,0,54603,7129,Debit Card
11320,18-05-2025,Sara Sidhu,East,Kolkata,Books,Non-Fiction Rem,10,214153,44896,COD
11321,02-02-2024,Drishya Bahl,North,Lucknow,Sports,Cricket Bat Ratione,0,188732,29552,COD
11322,21-03-2024,Heer Cheema,West,Mumbai,Toys,Doll Sit,0,17904,2671,Credit Card
11323,14-04-2024,Siya Ahuja,South,Hyderabad,Books,Fiction Accusamus,0,216444,15676,UPI
11324,04-12-2023,Shaan Brahmbhatt,East,Ranchi,Clothing,Women's Wear Sequi,10,271355,29546,Debit Card
11325,26-01-2025,Stuvan Krish,North,Jaipur,Beauty,Foundation Excepturi,5,164844,38326,Net Banking
11326,02-12-2024,Sahil Deshpande,South,Chennai,Groceries,Rice Officia,20,10131,758,Credit Card
11327,22-05-2024,Vanya Sekhon,North,Lucknow,Books,Comics Nulla,5,115258,13503,Net Banking
11328,14-05-2024,Prerak Sarkar,West,Surat,Clothing,Kids Wear Nostrum,20,144828,19374,Credit Card
11329,06-09-2024,Trisha Dugar,North,Amritsar,Books,Textbook Quae,5,73944,14106,Debit Card
11330,05-02-2024,Rati Karan,East,Patna,Books,Textbook Quo,10,159723,21167,Net Banking
11331,15-08-2024,Renee Dhar,West,Surat,Books,Biography Animi,5,113682,17313,COD
11332,17-11-2024,Krish Subramaniam,North,Delhi,Groceries,Rice Doloremque,20,74632,14566,Credit Card
11333,16-05-2025,Adah D’Alia,West,Goa,Clothing,Kids Wear Iste,0,123054,8004,Credit Card
11334,29-08-2025,Rhea Savant,North,Jaipur,Beauty,Perfume Minus,20,51005,4226,Credit Card
11335,05-10-2024,Sahil Srivastava,North,Amritsar,Groceries,Wheat Ullam,0,76244,17850,COD
11336,03-07-2024,Inaaya  Zacharia,North,Chandigarh,Beauty,Shampoo Voluptatem,15,167599,16850,Net Banking
11337,18-06-2025,Elakshi Suresh,South,Hyderabad,Kitchen,Cookware Set Corporis,0,60692,12144,UPI
11338,27-01-2025,Anahita Halder,West,Goa,Sports,Cricket Bat Dignissimos,0,37181,7138,COD
11339,08-02-2025,Miraya Trivedi,East,Kolkata,Home Decor,Cushion Velit,15,92229,5254,COD
11340,29-12-2024,Anya Sagar,East,Patna,Toys,Puzzle Hic,5,76061,7299,UPI
11341,02-01-2024,Arhaan Bhatnagar,West,Ahmedabad,Beauty,Shampoo Vero,0,6543,424,Net Banking
11342,02-06-2024,Fateh Khanna,North,Amritsar,Beauty,Perfume Itaque,0,236048,19601,COD
11343,26-11-2024,Yuvraj  Madan,North,Chandigarh,Toys,RC Car Exercitationem,15,45434,9134,COD
11344,11-09-2024,Kartik Bedi,West,Mumbai,Kitchen,Refrigerator Aliquam,20,116678,14084,Credit Card
11345,06-04-2025,Indranil Handa,West,Goa,Books,Fiction Eaque,0,26132,2269,UPI
11346,03-05-2024,Zaina Kadakia,West,Pune,Home Decor,Lamp Veritatis,10,277794,35313,COD
11347,17-08-2024,Vardaniya Sethi,East,Guwahati,Books,Biography Repellat,10,33091,2875,Credit Card
11348,28-10-2024,Siya Hora,North,Jaipur,Furniture,Chair Vero,15,9863,1199,COD
11349,23-01-2025,Shlok Bajwa,West,Ahmedabad,Clothing,Accessories Eligendi,10,25790,5686,Net Banking
11350,01-06-2025,Siya Chad,South,Thiruvananthapuram,Toys,Doll Dignissimos,20,26826,6021,COD
11351,20-01-2025,Vardaniya Master,North,Jaipur,Furniture,Bed Tenetur,0,299560,30319,Credit Card
11352,30-12-2024,Stuvan Apte,North,Delhi,Furniture,Sofa Tempora,15,333200,72215,COD
11353,26-02-2024,Ranbir Kara,North,Chandigarh,Toys,Doll Quae,5,152313,8913,Debit Card
11354,24-10-2023,Yashvi Sankaran,South,Thiruvananthapuram,Kitchen,Refrigerator Quae,5,86931,4380,COD
11355,24-07-2025,Tushar Goel,East,Bhubaneswar,Sports,Cricket Bat Inventore,0,142989,29455,COD
11356,26-10-2024,Taimur Mann,South,Thiruvananthapuram,Kitchen,Juicer Commodi,20,111584,12090,Debit Card
11357,24-07-2024,Kiaan Wable,South,Hyderabad,Sports,Yoga Mat Repellat,5,22308,2350,COD
11358,25-10-2023,Jiya Vyas,North,Chandigarh,Home Decor,Cushion Et,0,94970,12609,COD
11359,03-07-2024,Abram Chaudhary,North,Jaipur,Sports,Yoga Mat Rerum,20,24438,1504,COD
11360,13-11-2024,Yakshit Singh,South,Bangalore,Sports,Dumbbells Cumque,0,237888,55089,UPI
11361,11-04-2025,Mannat Sandal,East,Kolkata,Toys,Puzzle Laborum,20,140291,15961,Net Banking
11362,11-07-2024,Jayan Walla,North,Amritsar,Books,Biography Doloribus,20,244248,35178,Net Banking
11363,18-12-2024,Azad Issac,East,Patna,Furniture,Chair Dolor,10,34729,2648,UPI
11364,31-07-2025,Uthkarsh Bahl,West,Goa,Furniture,Bed Praesentium,0,26036,4612,Net Banking
11365,28-10-2023,Hunar Dora,North,Amritsar,Groceries,Spices Dolore,5,119879,17243,COD
11366,02-10-2024,Nirvi Kunda,East,Patna,Clothing,Men's Wear Quia,10,29423,5975,COD
11367,10-07-2025,Dhanush Karpe,North,Amritsar,Books,Non-Fiction Quo,5,44736,10667,Credit Card
11368,09-07-2025,Vaibhav Keer,East,Guwahati,Electronics,Laptop Facilis,0,151860,9477,COD
11369,21-05-2025,Arnav Chakrabarti,East,Guwahati,Toys,Board Game Accusantium,5,30736,3811,UPI
11370,30-03-2025,Badal Din,North,Amritsar,Beauty,Shampoo Cumque,5,1691,359,Credit Card
11371,13-03-2025,Onkar Vasa,West,Surat,Home Decor,Clock Repudiandae,15,27673,4235,Net Banking
11372,24-03-2024,Mannat Barad,South,Chennai,Electronics,Headphones Aliquam,15,136422,19061,COD
11373,12-11-2024,Bhavin Gill,West,Goa,Beauty,Face Cream Quod,5,248410,48898,COD
11374,24-09-2024,Jivin Sarkar,North,Jaipur,Toys,Doll Amet,0,215780,49196,COD
11375,03-01-2025,Renee Sen,West,Ahmedabad,Sports,Cricket Bat Voluptatem,20,52594,8593,Credit Card
11376,17-12-2023,Aaryahi Khare,South,Chennai,Clothing,Shoes Ratione,10,205175,33028,COD
11377,06-05-2024,Prisha Chand,West,Mumbai,Sports,Yoga Mat Molestiae,10,46034,3887,COD
11378,12-11-2024,Pranay Dash,North,Amritsar,Clothing,Women's Wear Sit,0,373455,47948,COD
11379,02-12-2023,Navya Deshpande,South,Chennai,Clothing,Accessories Pariatur,5,283532,43006,Debit Card
11380,24-07-2025,Lakshit Keer,West,Mumbai,Kitchen,Cookware Set Sequi,15,117785,21282,UPI
11381,08-04-2024,Eva Devan,South,Chennai,Home Decor,Lamp Adipisci,15,16230,1242,Credit Card
11382,30-03-2025,Renee Bhatt,South,Chennai,Clothing,Shoes Numquam,5,198200,22915,Debit Card
11383,10-12-2023,Kimaya Mander,South,Coimbatore,Beauty,Lipstick Vitae,5,174469,9345,Debit Card
11384,09-03-2024,Darshit Kamdar,East,Patna,Home Decor,Lamp Culpa,15,122764,27355,Debit Card
11385,01-06-2024,Bhavin Ray,West,Surat,Furniture,Sofa Aperiam,10,3421,205,Credit Card
11386,18-06-2024,Bhavin Mani,East,Patna,Groceries,Spices Itaque,15,49240,7741,COD
11387,02-07-2024,Madhup Hayer,West,Ahmedabad,Groceries,Wheat Molestiae,10,96332,12981,Net Banking
11388,14-05-2024,Abram Datta,North,Lucknow,Home Decor,Lamp Nostrum,5,177471,28394,Credit Card
11389,24-01-2025,Anay Gopal,North,Delhi,Beauty,Lipstick Deserunt,15,25832,2886,UPI
11390,12-11-2024,Dishani Luthra,West,Pune,Home Decor,Vase Commodi,10,231948,13321,Credit Card
11391,10-10-2024,Vanya Bose,North,Chandigarh,Toys,RC Car Explicabo,10,27281,6487,Credit Card
11392,03-01-2025,Kimaya Atwal,North,Chandigarh,Kitchen,Cookware Set Consequatur,0,4842,1159,Net Banking
11393,22-04-2025,Jivin Shukla,North,Jaipur,Toys,Puzzle Unde,15,161265,9602,Debit Card
11394,12-04-2024,Lagan Kothari,East,Patna,Sports,Football Vel,5,4041,379,Net Banking
11395,17-01-2024,Elakshi Koshy,East,Bhubaneswar,Groceries,Sugar Quis,20,106765,25572,COD
11396,12-12-2024,Pihu Gaba,South,Coimbatore,Clothing,Kids Wear Sapiente,5,132692,8957,COD
11397,18-03-2024,Krish Gole,South,Bangalore,Sports,Cricket Bat Blanditiis,15,118713,6713,COD
11398,10-02-2025,Saksham Hayre,South,Thiruvananthapuram,Books,Textbook Expedita,10,75321,15368,UPI
11399,23-09-2024,Hazel Kulkarni,South,Hyderabad,Furniture,Cabinet Dolor,10,24656,2317,Net Banking
11400,10-02-2024,Bhavin Dasgupta,West,Ahmedabad,Groceries,Sugar Tempora,20,115818,11662,COD
11401,25-09-2024,Biju Chada,North,Chandigarh,Sports,Football Saepe,5,3389,236,Net Banking
11402,08-07-2025,Reyansh Deol,South,Bangalore,Books,Comics Corrupti,10,8213,872,UPI
11403,16-12-2023,Uthkarsh Sen,West,Ahmedabad,Sports,Tennis Racket Excepturi,20,136602,16887,Net Banking
11404,04-07-2025,Jivin Iyengar,East,Ranchi,Electronics,Laptop Voluptatum,5,271068,23096,Debit Card
11405,02-06-2025,Shlok Vaidya,West,Mumbai,Kitchen,Refrigerator Explicabo,0,166480,32962,UPI
11406,16-11-2024,Faiyaz Borde,North,Delhi,Electronics,Laptop Adipisci,5,35557,2975,COD
11407,13-12-2024,Arhaan Dhillon,West,Mumbai,Furniture,Bed Reprehenderit,15,43457,10061,Credit Card
11408,08-03-2025,Jayant Sachar,South,Bangalore,Toys,Doll Omnis,20,116680,10907,UPI
11409,09-07-2025,Romil Iyengar,East,Kolkata,Groceries,Oil Provident,10,190809,26050,Credit Card
11410,28-07-2024,Seher Agate,North,Lucknow,Home Decor,Vase Ex,0,187878,13929,COD
11411,11-12-2024,Samarth Chand,East,Ranchi,Books,Comics Laboriosam,0,27474,4052,Net Banking
11412,05-11-2024,Kavya Manne,West,Surat,Beauty,Perfume Laudantium,20,122290,10101,Net Banking
11413,05-08-2025,Azad Chaudhry,South,Thiruvananthapuram,Toys,Doll Corporis,20,8011,1969,COD
11414,20-02-2024,Kartik Bahl,West,Ahmedabad,Home Decor,Lamp Dolorem,10,223628,55725,Net Banking
11415,24-02-2025,Rhea Sanghvi,West,Pune,Beauty,Lipstick Iure,0,80868,6743,UPI
11416,30-03-2025,Jayan Dara,North,Jaipur,Sports,Dumbbells Distinctio,20,60737,11777,COD
11417,02-01-2024,Jivika Dua,West,Pune,Beauty,Foundation Quisquam,0,95664,15179,COD
11418,08-09-2024,Saksham Rana,North,Chandigarh,Books,Comics Voluptatibus,15,16358,1431,Credit Card
11419,15-12-2023,Mamooty Wagle,North,Delhi,Books,Non-Fiction Amet,10,158108,23976,Net Banking
11420,18-10-2023,Hrishita Bhargava,North,Lucknow,Electronics,Mobile Aperiam,10,195399,16213,Debit Card
11421,21-11-2023,Taran Chaudhary,East,Guwahati,Sports,Tennis Racket Dignissimos,0,108002,16629,COD
11422,20-07-2024,Diya Char,East,Patna,Toys,Puzzle Quaerat,5,52866,3136,COD
11423,18-08-2024,Mishti Yogi,North,Amritsar,Sports,Tennis Racket Pariatur,10,119937,14181,Net Banking
11424,01-07-2024,Mishti Keer,South,Coimbatore,Books,Fiction Ipsam,15,89767,11168,Credit Card
11425,20-10-2023,Rati Grewal,North,Lucknow,Books,Fiction Quibusdam,20,78099,5054,Debit Card
11426,31-08-2025,Chirag Chada,South,Chennai,Books,Fiction Velit,20,26824,3135,Net Banking
11427,15-03-2024,Azad Kota,West,Ahmedabad,Electronics,Headphones Laudantium,0,280820,59885,Net Banking
11428,24-05-2024,Sahil Raj,North,Delhi,Home Decor,Wall Art Unde,15,202404,48726,Net Banking
11429,09-11-2024,Aayush Toor,East,Kolkata,Electronics,Mobile Velit,0,50990,11838,UPI
11430,15-01-2024,Nayantara Sandhu,East,Ranchi,Groceries,Sugar Inventore,0,15095,858,Net Banking
11431,22-10-2023,Anahi Sarma,West,Surat,Kitchen,Juicer Illo,0,139772,23488,Debit Card
11432,29-05-2024,Shaan Dua,West,Ahmedabad,Kitchen,Mixer Grinder Iste,0,13377,1758,Debit Card
11433,22-08-2025,Lakshit Deo,North,Amritsar,Clothing,Men's Wear Error,20,128578,25558,Net Banking
11434,13-08-2025,Alisha Dhar,East,Ranchi,Home Decor,Clock Iusto,10,58172,10005,Credit Card
11435,18-09-2024,Tarini Doctor,West,Ahmedabad,Furniture,Bed Animi,15,186289,12178,UPI
11436,02-06-2024,Krish Solanki,South,Coimbatore,Books,Comics Molestiae,15,85020,4701,Credit Card
11437,18-03-2025,Saksham Kumar,West,Goa,Toys,RC Car Iure,5,281189,55794,COD
11438,14-07-2024,Hunar Goda,South,Thiruvananthapuram,Clothing,Women's Wear Nostrum,10,232875,13220,COD
11439,19-02-2024,Uthkarsh Bhat,South,Chennai,Beauty,Face Cream Corrupti,10,91206,17899,COD
11440,13-06-2025,Tarini Mall,East,Bhubaneswar,Clothing,Women's Wear Sint,5,220662,34600,Net Banking
11441,13-02-2025,Romil Divan,West,Surat,Sports,Tennis Racket Atque,20,16279,1773,Credit Card
11442,19-09-2024,Jivika Badami,East,Bhubaneswar,Beauty,Foundation Perspiciatis,0,140661,34963,Net Banking
11443,24-02-2025,Pranay Kumer,South,Bangalore,Books,Fiction Perspiciatis,10,219983,20736,Credit Card
11444,14-09-2024,Alia Chacko,East,Bhubaneswar,Clothing,Women's Wear Ea,5,144760,31253,UPI
11445,18-04-2024,Mamooty Kari,West,Pune,Furniture,Sofa Exercitationem,0,16997,2959,Credit Card
11446,14-08-2024,Vaibhav Sheth,South,Chennai,Beauty,Shampoo Incidunt,5,51472,12268,Debit Card
11447,04-07-2025,Ranbir Saraf,South,Chennai,Kitchen,Juicer Tempora,20,191642,30466,UPI
11448,23-10-2023,Kashvi Rout,South,Bangalore,Electronics,Headphones Accusantium,0,338545,81869,Credit Card
11449,21-06-2024,Himmat Tak,South,Coimbatore,Toys,RC Car Fugit,5,30518,3486,Credit Card
11450,17-03-2025,Anvi Mallick,West,Pune,Beauty,Foundation Cumque,5,198360,38148,COD
11451,27-09-2025,Azad Ravel,North,Delhi,Toys,Puzzle Labore,20,122979,20582,UPI
11452,29-03-2024,Manjari Ahuja,North,Delhi,Clothing,Kids Wear Impedit,20,113122,12565,Debit Card
11453,07-12-2023,Piya Saha,East,Guwahati,Toys,Doll Ab,15,43557,6661,Net Banking
11454,28-08-2024,Farhan Chhabra,South,Chennai,Beauty,Lipstick Eveniet,10,19015,4366,Net Banking
11455,09-11-2024,Anahi Vala,North,Chandigarh,Toys,Action Figure Laudantium,0,55335,5950,Net Banking
11456,08-05-2025,Faiyaz Aggarwal,North,Chandigarh,Sports,Tennis Racket Repellendus,15,95413,8223,Credit Card
11457,22-08-2024,Mannat Sani,East,Patna,Furniture,Cabinet Ab,10,131938,18463,Net Banking
11458,12-10-2023,Gatik Bhardwaj,West,Mumbai,Beauty,Lipstick Occaecati,20,18730,2265,Credit Card
11459,22-03-2024,Shanaya Bains,North,Delhi,Home Decor,Cushion Deserunt,15,100687,16586,COD
11460,29-09-2024,Nitara Chatterjee,North,Lucknow,Beauty,Foundation Ipsa,20,109682,23826,COD
11461,25-05-2025,Myra Borra,North,Jaipur,Home Decor,Clock Rerum,0,63974,13001,Net Banking
11462,06-01-2025,Sahil Sem,West,Mumbai,Books,Fiction Officiis,20,158326,33279,Debit Card
11463,30-11-2024,Heer Dar,South,Coimbatore,Books,Comics Voluptates,10,12113,2408,Credit Card
11464,11-06-2024,Shayak Agrawal,South,Chennai,Electronics,Camera Porro,10,26024,1622,UPI
11465,09-06-2025,Tara Salvi,South,Thiruvananthapuram,Groceries,Rice Ex,5,53463,12216,Credit Card
11466,23-09-2024,Faiyaz Gole,South,Coimbatore,Clothing,Women's Wear Sapiente,10,43772,5427,Net Banking
11467,30-04-2024,Sumer Doshi,East,Bhubaneswar,Toys,Doll Ad,15,158977,39374,Credit Card
11468,08-09-2024,Pranay Goel,South,Chennai,Toys,Doll Sit,15,114538,10230,COD
11469,11-04-2024,Jivin Dutt,South,Thiruvananthapuram,Sports,Football Ducimus,10,264762,36604,UPI
11470,03-11-2024,Ira Loke,North,Amritsar,Books,Fiction Voluptatibus,15,86231,6887,COD
11471,13-10-2024,Kartik Batta,North,Lucknow,Groceries,Spices Fugit,0,3135,448,Credit Card
11472,24-12-2024,Parinaaz Sankaran,North,Jaipur,Furniture,Table Ipsa,20,141802,31103,Debit Card
11473,27-10-2024,Aradhya Setty,North,Amritsar,Beauty,Foundation Saepe,10,123422,14489,Credit Card
11474,01-06-2025,Ayesha Grover,North,Delhi,Toys,Doll Eveniet,20,150426,29176,UPI
11475,03-01-2024,Ishita Trivedi,North,Delhi,Beauty,Shampoo Ullam,10,124859,9131,UPI
11476,08-11-2023,Umang Varty,East,Patna,Kitchen,Cookware Set Voluptates,5,312446,68447,Net Banking
11477,28-07-2024,Parinaaz Sodhi,East,Kolkata,Sports,Yoga Mat Distinctio,0,3600,499,UPI
11478,01-02-2024,Eshani Kari,North,Lucknow,Books,Fiction Quas,15,54092,12966,Credit Card
11479,10-06-2025,Zeeshan Bal,North,Delhi,Home Decor,Cushion Iure,0,191688,17388,COD
11480,02-05-2025,Navya Bahl,North,Chandigarh,Groceries,Spices Totam,10,89459,19425,Credit Card
11481,07-03-2025,Rati Solanki,East,Kolkata,Home Decor,Wall Art Corrupti,15,57378,3708,UPI
11482,18-12-2023,Inaaya  Wagle,South,Thiruvananthapuram,Sports,Yoga Mat Sint,5,108927,6013,Debit Card
11483,25-03-2025,Seher Hora,East,Patna,Kitchen,Microwave Labore,0,228572,29245,COD
11484,16-10-2023,Keya Basu,North,Amritsar,Toys,Board Game Hic,20,81067,6242,UPI
11485,01-03-2025,Chirag Desai,North,Amritsar,Groceries,Oil Earum,0,13630,1198,COD
11486,17-06-2025,Alia Khare,South,Bangalore,Kitchen,Juicer Consequatur,10,129495,13233,Debit Card
11487,04-05-2025,Nishith Vala,North,Lucknow,Clothing,Men's Wear Iure,20,140897,27019,COD
11488,27-05-2025,Rania Vig,East,Bhubaneswar,Furniture,Chair Minima,10,95873,9531,Credit Card
11489,02-01-2024,Zeeshan Dubey,South,Bangalore,Toys,Board Game Officiis,5,158964,20036,Net Banking
11490,29-01-2025,Shalv Varty,South,Coimbatore,Electronics,Smartwatch Magni,20,162209,18564,UPI
11491,23-12-2023,Vivaan Upadhyay,North,Lucknow,Home Decor,Wall Art Soluta,15,53344,11506,Net Banking
11492,12-05-2025,Myra Anand,North,Chandigarh,Furniture,Sofa Molestiae,0,140262,18548,Credit Card
11493,10-02-2024,Anay Kamdar,West,Surat,Toys,RC Car Eum,20,253352,41373,Credit Card
11494,09-04-2025,Rania Rege,South,Chennai,Beauty,Face Cream Earum,10,40716,2991,UPI
11495,16-02-2024,Ayesha Sant,South,Coimbatore,Toys,Puzzle Dolores,15,21997,2045,Debit Card
11496,01-05-2024,Mohanlal Suresh,West,Surat,Kitchen,Refrigerator Et,15,63482,10261,Net Banking
11497,07-06-2024,Misha Gulati,East,Patna,Home Decor,Cushion Consectetur,20,134762,14587,Credit Card
11498,26-03-2024,Misha Sem,South,Chennai,Groceries,Wheat Debitis,20,115458,27372,Debit Card
11499,13-08-2025,Madhup Tata,South,Chennai,Kitchen,Refrigerator Reiciendis,10,71669,11329,Credit Card
11500,06-03-2024,Aarav Batra,South,Coimbatore,Home Decor,Clock Exercitationem,15,26459,3222,UPI
11501,27-08-2025,Urvi Shenoy,West,Pune,Electronics,Smartwatch At,5,12915,1870,Debit Card
11502,16-11-2024,Damini Loke,West,Ahmedabad,Books,Biography Neque,0,6343,871,UPI
11503,04-11-2023,Dhanush Sankaran,East,Kolkata,Electronics,Laptop Similique,15,115862,28242,UPI
11504,07-06-2024,Jayesh Ganguly,North,Delhi,Clothing,Women's Wear Placeat,10,67369,4446,COD
11505,06-11-2024,Taimur Anand,South,Thiruvananthapuram,Clothing,Men's Wear Quaerat,20,110644,7473,UPI
11506,02-03-2024,Dhanush Khanna,South,Bangalore,Home Decor,Clock Odit,10,53654,12127,Net Banking
11507,25-01-2025,Yashvi Sastry,South,Hyderabad,Beauty,Perfume Similique,5,132601,14414,Debit Card
11508,10-06-2024,Urvi Chad,South,Chennai,Groceries,Sugar Et,15,33329,7453,Net Banking
11509,16-04-2025,Zaina Chokshi,West,Ahmedabad,Sports,Tennis Racket Quos,10,41835,7939,Credit Card
11510,26-07-2025,Mamooty Maharaj,West,Ahmedabad,Toys,Board Game Veniam,10,148919,14928,Credit Card
11511,29-01-2024,Anaya Singh,East,Patna,Home Decor,Clock Impedit,20,34406,1761,Credit Card
11512,26-02-2025,Yasmin Yogi,South,Coimbatore,Sports,Tennis Racket Molestiae,15,192392,41425,UPI
11513,01-12-2024,Krish Chada,South,Chennai,Sports,Yoga Mat Ipsam,15,35761,4486,Debit Card
11514,15-08-2025,Tejas Gupta,South,Thiruvananthapuram,Beauty,Lipstick Deleniti,0,8435,1710,Credit Card
11515,15-12-2024,Taran Lad,South,Thiruvananthapuram,Furniture,Bed Labore,20,47255,10614,Debit Card
11516,02-11-2024,Miraya Hans,North,Chandigarh,Groceries,Spices Cumque,10,262238,28564,Net Banking
11517,18-01-2024,Kavya Sastry,South,Coimbatore,Books,Textbook Quia,20,180784,10462,Net Banking
11518,18-09-2024,Kabir Sandal,North,Lucknow,Beauty,Foundation Libero,10,105140,7281,COD
11519,31-01-2025,Anahi Ram,East,Bhubaneswar,Toys,Puzzle Perspiciatis,15,63116,14966,Credit Card
11520,17-08-2024,Madhup Tiwari,South,Thiruvananthapuram,Groceries,Oil Tempora,5,52712,8356,Debit Card
11521,20-10-2024,Samar Sachdeva,South,Hyderabad,Electronics,Smartwatch Ipsa,15,66694,13966,UPI
11522,10-04-2025,Damini Sekhon,West,Surat,Clothing,Women's Wear Nulla,15,179599,11602,Net Banking
11523,01-02-2024,Manikya Kannan,South,Coimbatore,Groceries,Spices Eveniet,15,41096,6503,UPI
11524,03-10-2025,Pranay Saraf,West,Mumbai,Beauty,Foundation Veritatis,15,80057,13932,Net Banking
11525,31-07-2024,Anika Bansal,West,Goa,Sports,Yoga Mat Enim,0,34350,2833,UPI
11526,05-01-2024,Yakshit Dara,North,Delhi,Kitchen,Cookware Set Possimus,20,124093,11166,Debit Card
11527,01-07-2025,Gatik Savant,West,Surat,Furniture,Cabinet Quasi,20,20973,2194,Net Banking
11528,27-08-2025,Aarav Bail,West,Pune,Electronics,Mobile Dolores,15,147602,12104,Net Banking
11529,10-07-2025,Hunar Mani,East,Guwahati,Clothing,Women's Wear Ratione,10,115358,13829,Credit Card
11530,14-04-2024,Heer Raj,West,Goa,Beauty,Perfume Error,0,167871,10701,Credit Card
11531,24-05-2025,Baiju Bhakta,East,Guwahati,Sports,Tennis Racket Perferendis,15,193004,46228,Net Banking
11532,29-05-2025,Vanya Shan,North,Chandigarh,Clothing,Accessories Deserunt,10,133846,22114,Credit Card
11533,02-09-2025,Yuvraj  Bhavsar,South,Bangalore,Electronics,Mobile Architecto,5,31029,5368,Credit Card
11534,04-10-2023,Advik Sarraf,West,Surat,Furniture,Bed Sapiente,20,178044,41210,COD
11535,08-10-2023,Pari Kalita,North,Jaipur,Furniture,Chair Dicta,5,163229,26318,UPI
11536,17-03-2024,Anahi Dixit,West,Surat,Groceries,Wheat Nulla,0,290885,63620,Debit Card
11537,04-09-2025,Piya Kakar,South,Thiruvananthapuram,Toys,Action Figure Est,5,205401,21439,UPI
11538,01-07-2025,Taimur Talwar,North,Delhi,Electronics,Headphones Incidunt,0,147385,21637,Net Banking
11539,12-06-2024,Jayant Sood,South,Bangalore,Electronics,Mobile Quidem,5,212948,52225,COD
11540,20-01-2025,Kiara Garde,South,Hyderabad,Sports,Football Corporis,5,61893,4293,Net Banking
11541,17-07-2024,Romil Sani,West,Goa,Kitchen,Refrigerator Molestias,0,163035,34457,Debit Card
11542,16-05-2025,Alisha Sarma,South,Bangalore,Sports,Football Magni,5,172775,20564,Credit Card
11543,14-04-2024,Saanvi Seth,North,Jaipur,Toys,Board Game Alias,20,128486,31527,Credit Card
11544,08-03-2025,Veer Luthra,North,Jaipur,Books,Textbook Non,15,143986,21968,COD
11545,13-09-2025,Jivin Chandran,North,Jaipur,Books,Biography Officia,10,123559,13468,Credit Card
11546,31-05-2025,Siya Desai,South,Hyderabad,Furniture,Table Molestiae,20,202214,15631,Debit Card
11547,16-08-2025,Kabir Ramaswamy,West,Goa,Groceries,Rice Corporis,0,172605,42853,Credit Card
11548,13-06-2025,Priyansh Singhal,East,Patna,Kitchen,Cookware Set Asperiores,15,4213,663,Net Banking
11549,28-06-2025,Zaina Dave,West,Mumbai,Electronics,Headphones Accusantium,10,184683,30436,Debit Card
11550,18-04-2025,Samarth Khare,North,Delhi,Books,Comics Eos,0,151915,35359,Net Banking
11551,17-07-2024,Nehmat Tiwari,East,Kolkata,Books,Textbook Blanditiis,0,75876,8554,Debit Card
11552,13-02-2025,Advika Sidhu,North,Delhi,Home Decor,Vase Quisquam,5,296867,35530,Credit Card
11553,06-05-2024,Charvi Rama,West,Goa,Clothing,Men's Wear Quisquam,15,170019,37823,Net Banking
11554,19-03-2024,Lagan Sidhu,North,Amritsar,Kitchen,Cookware Set Optio,10,48523,3280,Debit Card
11555,05-02-2024,Nehmat Batra,South,Thiruvananthapuram,Toys,Board Game A,0,211775,41919,Debit Card
11556,08-01-2025,Zaina Agarwal,West,Ahmedabad,Books,Biography Similique,20,23366,3270,Credit Card
11557,18-12-2024,Devansh Kakar,East,Bhubaneswar,Books,Comics Iste,15,95445,12913,Net Banking
11558,26-03-2024,Lakshay Kurian,North,Jaipur,Electronics,Mobile Maxime,0,277952,62479,Net Banking
11559,03-08-2024,Arhaan Loyal,North,Jaipur,Groceries,Wheat Provident,15,46566,3985,Debit Card
11560,15-11-2023,Miraya Gera,North,Jaipur,Electronics,Headphones Explicabo,15,108164,26474,Net Banking
11561,28-06-2024,Trisha Dewan,West,Pune,Home Decor,Lamp Exercitationem,0,66261,14117,Debit Card
11562,25-04-2025,Taran Sahni,North,Lucknow,Sports,Football Natus,15,179431,14017,UPI
11563,03-02-2025,Samiha Yadav,East,Guwahati,Home Decor,Lamp Placeat,20,54064,4728,Net Banking
11564,22-03-2024,Tara Sanghvi,West,Surat,Beauty,Lipstick Quos,20,57674,9876,COD
11565,24-12-2024,Ishaan Dhaliwal,South,Coimbatore,Sports,Tennis Racket Corrupti,10,122129,13141,Net Banking
11566,31-03-2024,Yashvi Dewan,North,Amritsar,Beauty,Foundation Dolorem,5,38907,9435,UPI
11567,12-12-2024,Purab Kari,South,Thiruvananthapuram,Home Decor,Wall Art Ipsum,20,82685,10797,Debit Card
11568,27-10-2023,Adira Chander,East,Guwahati,Furniture,Table Similique,10,56876,11137,COD
11569,01-12-2023,Anika Lala,South,Coimbatore,Beauty,Perfume Sequi,20,101563,23837,Debit Card
11570,01-12-2023,Tara Sagar,West,Ahmedabad,Sports,Cricket Bat Aliquid,20,156748,36612,Net Banking
11571,13-06-2025,Lakshit Salvi,North,Delhi,Sports,Dumbbells Facere,10,196514,25236,UPI
11572,05-05-2024,Indrans Reddy,North,Lucknow,Furniture,Table Voluptas,15,52786,7000,UPI
11573,25-07-2024,Riaan Choudhry,East,Ranchi,Toys,Action Figure Pariatur,15,17150,1071,COD
11574,21-03-2025,Anay Sangha,North,Lucknow,Sports,Football A,0,318848,36875,Debit Card
11575,09-07-2025,Inaaya  Zachariah,West,Goa,Home Decor,Lamp Fugit,20,187992,39194,UPI
11576,20-10-2024,Navya Sampath,North,Jaipur,Sports,Yoga Mat Facilis,5,283214,66074,Net Banking
11577,18-08-2025,Uthkarsh Khosla,South,Thiruvananthapuram,Home Decor,Cushion Explicabo,0,7782,1097,Credit Card
11578,05-02-2024,Dhanuk Shukla,East,Guwahati,Home Decor,Vase Dignissimos,0,214410,51786,COD
11579,12-05-2025,Miraya Raju,West,Goa,Books,Fiction Aperiam,0,187100,33418,UPI
11580,24-03-2025,Arnav Karpe,North,Amritsar,Clothing,Accessories Ratione,20,99514,18527,UPI
11581,04-06-2025,Azad Viswanathan,North,Delhi,Electronics,Headphones Aliquid,0,15154,2026,UPI
11582,10-10-2023,Lavanya Sabharwal,North,Amritsar,Groceries,Spices Quidem,20,78442,11585,COD
11583,31-07-2024,Priyansh Sidhu,West,Goa,Groceries,Oil Id,0,234355,12870,Net Banking
11584,02-03-2024,Bhamini Subramaniam,East,Patna,Sports,Yoga Mat Velit,15,76191,7521,COD
11585,28-12-2024,Indrajit Grewal,South,Thiruvananthapuram,Groceries,Spices Iste,0,68412,12356,Debit Card
11586,16-10-2023,Nakul Krishnan,West,Ahmedabad,Groceries,Wheat Nam,10,8842,1589,Net Banking
11587,07-08-2025,Taran Dhingra,North,Jaipur,Books,Comics Excepturi,10,165791,23146,UPI
11588,11-08-2024,Shlok Bhatia,South,Chennai,Books,Biography Consequatur,0,13618,1033,Debit Card
11589,18-07-2025,Umang Kapadia,East,Kolkata,Books,Fiction Quod,0,324950,37183,Debit Card
11590,15-09-2025,Purab Sarraf,South,Hyderabad,Sports,Football Similique,20,41153,6786,COD
11591,23-09-2024,Kanav Hayer,North,Amritsar,Kitchen,Mixer Grinder Quisquam,20,108560,21693,UPI
11592,19-10-2024,Samaira Jain,North,Chandigarh,Home Decor,Lamp Nostrum,20,172010,18486,COD
11593,16-08-2024,Mehul Johal,South,Hyderabad,Toys,Board Game Rem,10,63491,11507,Debit Card
11594,24-08-2025,Chirag Sarma,East,Guwahati,Beauty,Foundation Ullam,0,77782,7989,Net Banking
11595,21-05-2025,Himmat Ramanathan,South,Chennai,Home Decor,Cushion Ad,20,16960,2057,COD
11596,09-08-2025,Aarav Sami,West,Surat,Home Decor,Lamp Voluptatibus,0,185280,10419,Debit Card
11597,10-06-2025,Dhanush Talwar,East,Bhubaneswar,Books,Biography Odit,20,13716,2129,Credit Card
11598,19-12-2024,Jiya Sem,South,Bangalore,Kitchen,Cookware Set Facere,5,195946,40263,COD
11599,11-05-2025,Divyansh Chowdhury,West,Surat,Electronics,Headphones Illo,15,67150,8068,Credit Card
11600,11-04-2024,Mishti Sha,East,Ranchi,Books,Biography Facere,15,11212,1890,COD
11601,11-04-2025,Saksham Chandra,East,Bhubaneswar,Electronics,Mobile Libero,0,134728,11246,Net Banking
11602,05-10-2023,Ishita Bala,North,Delhi,Beauty,Foundation Dignissimos,15,192984,23986,Credit Card
11603,08-02-2024,Veer Dara,West,Mumbai,Groceries,Rice Adipisci,0,38881,4094,UPI
11604,19-02-2024,Rohan Lad,South,Chennai,Groceries,Sugar Dicta,5,57861,9906,Debit Card
11605,01-07-2024,Shlok Singhal,North,Delhi,Groceries,Rice Exercitationem,15,109854,11446,UPI
11606,22-02-2024,Kiaan Saini,East,Guwahati,Furniture,Sofa Nobis,5,189824,20131,Debit Card
11607,27-10-2024,Kanav Kale,North,Jaipur,Furniture,Chair Voluptatum,0,49024,4941,UPI
11608,11-11-2024,Ojas Jaggi,East,Guwahati,Groceries,Rice Voluptatibus,0,127022,30831,Net Banking
11609,07-12-2023,Kismat Jaggi,North,Lucknow,Furniture,Cabinet Explicabo,0,76977,9755,Debit Card
11610,15-09-2024,Pihu Shan,North,Delhi,Books,Comics Dolorem,0,12702,925,Net Banking
11611,10-09-2024,Saira Salvi,East,Ranchi,Sports,Cricket Bat Necessitatibus,15,37991,3809,Debit Card
11612,27-08-2025,Jivika Lalla,West,Goa,Groceries,Spices Omnis,15,243852,39830,COD
11613,14-03-2025,Kavya Rao,West,Mumbai,Sports,Cricket Bat Ex,15,30889,4149,Credit Card
11614,23-06-2024,Parinaaz Sule,East,Guwahati,Sports,Dumbbells Perferendis,5,58305,11038,Net Banking
11615,12-09-2025,Farhan Yadav,North,Lucknow,Groceries,Wheat Repellat,5,120190,19481,COD
11616,07-08-2025,Hazel Varty,East,Patna,Home Decor,Wall Art Fuga,15,51112,10326,COD
11617,30-01-2025,Ishita Divan,South,Hyderabad,Clothing,Shoes Ullam,0,54250,4679,UPI
11618,21-05-2024,Krish Randhawa,East,Ranchi,Sports,Dumbbells Vero,0,71382,4565,UPI
11619,05-08-2025,Hrishita Vora,East,Ranchi,Home Decor,Clock Atque,0,49454,11369,Debit Card
11620,28-07-2025,Raunak Tara,North,Chandigarh,Sports,Football Ea,10,139334,16926,Net Banking
11621,26-02-2025,Keya Bhalla,West,Mumbai,Home Decor,Vase Occaecati,10,44681,7182,UPI
11622,02-09-2025,Kashvi Bera,East,Ranchi,Electronics,Mobile Modi,0,141186,8558,Credit Card
11623,07-08-2024,Yasmin Borde,North,Lucknow,Clothing,Men's Wear Quidem,15,162703,29052,Credit Card
11624,26-05-2024,Riya Manda,South,Bangalore,Books,Fiction Doloremque,0,315732,42110,COD
11625,27-03-2025,Indrans Lalla,North,Amritsar,Clothing,Men's Wear Eaque,0,61502,8436,Net Banking
11626,09-01-2024,Dharmajan Bhandari,West,Ahmedabad,Sports,Cricket Bat Earum,5,125769,19628,Credit Card
11627,07-09-2024,Rasha Dhingra,East,Bhubaneswar,Home Decor,Vase Tempore,20,170208,27051,Net Banking
11628,27-08-2024,Kabir Chauhan,West,Goa,Sports,Yoga Mat Esse,20,140842,21148,Net Banking
11629,25-09-2025,Neelofar Batta,West,Ahmedabad,Furniture,Bed Rem,10,109143,13551,Credit Card
11630,30-03-2024,Hiran Rama,North,Jaipur,Beauty,Foundation Assumenda,15,56649,10434,COD
11631,17-01-2025,Shaan Varty,North,Delhi,Electronics,Smartwatch Veniam,0,144962,30909,Credit Card
11632,22-10-2023,Alia Shenoy,South,Chennai,Electronics,Smartwatch Aliquid,0,169416,24115,Debit Card
11633,01-06-2025,Elakshi Lanka,East,Bhubaneswar,Kitchen,Microwave At,10,154670,30425,UPI
11634,22-07-2025,Jayesh Batra,North,Lucknow,Kitchen,Mixer Grinder Alias,20,26314,6364,Credit Card
11635,01-09-2024,Prisha Chaudhary,East,Patna,Beauty,Shampoo Eveniet,5,10403,2260,COD
11636,20-01-2025,Drishya Ahluwalia,North,Chandigarh,Clothing,Accessories Error,5,96155,18348,UPI
11637,16-03-2024,Advik Jha,West,Ahmedabad,Sports,Football Esse,10,126464,10751,Credit Card
11638,14-10-2023,Renee Ramesh,East,Patna,Electronics,Smartwatch Quia,10,277088,65900,COD
11639,21-07-2025,Zara Sehgal,North,Lucknow,Kitchen,Cookware Set Necessitatibus,20,48242,4372,Net Banking
11640,31-08-2024,Jayant Karnik,North,Lucknow,Toys,Action Figure Aliquam,20,170736,35803,UPI
11641,06-06-2024,Gokul Dixit,North,Delhi,Furniture,Chair Iusto,20,14637,3549,Debit Card
11642,15-12-2024,Romil Sankar,North,Lucknow,Furniture,Bed Numquam,15,212129,39302,Net Banking
11643,25-02-2024,Saksham Balan,South,Chennai,Electronics,Smartwatch Cumque,5,70321,10953,Credit Card
11644,06-10-2023,Anahita Sathe,North,Jaipur,Home Decor,Cushion Ratione,10,21994,5464,Net Banking
11645,28-06-2025,Armaan Bawa,East,Ranchi,Furniture,Chair Iure,5,68460,5223,Net Banking
11646,23-08-2025,Anvi Bawa,North,Lucknow,Groceries,Spices Expedita,0,55914,3181,Net Banking
11647,02-11-2023,Shalv Gole,East,Kolkata,Electronics,Headphones Corporis,20,190608,41601,Credit Card
11648,19-10-2023,Vaibhav Banik,East,Kolkata,Beauty,Foundation Assumenda,0,171700,28767,Debit Card
11649,15-03-2025,Shalv Rattan,West,Mumbai,Furniture,Sofa Quisquam,0,193608,22576,COD
11650,27-12-2023,Vivaan Biswas,North,Delhi,Furniture,Chair Aut,20,52803,12398,UPI
11651,23-10-2024,Myra Chaudhuri,West,Surat,Kitchen,Cookware Set Beatae,0,16644,2668,Net Banking
11652,11-04-2024,Kaira Goswami,East,Bhubaneswar,Beauty,Face Cream Tempora,15,321151,40473,Credit Card
11653,26-01-2024,Nayantara Sunder,West,Surat,Books,Comics Impedit,0,39595,2517,COD
11654,21-01-2025,Zara Dugar,South,Chennai,Toys,Doll Odio,0,4120,226,Net Banking
11655,12-01-2025,Kiara Rout,South,Thiruvananthapuram,Beauty,Perfume Eius,0,205314,33448,Net Banking
11656,12-02-2025,Yuvraj  Majumdar,South,Chennai,Groceries,Oil Ex,10,51710,6634,Debit Card
11657,25-12-2023,Yuvraj  Kanda,East,Kolkata,Home Decor,Vase Reiciendis,5,108363,11472,Debit Card
11658,18-05-2025,Samarth Basu,East,Patna,Electronics,Mobile Blanditiis,5,4019,594,UPI
11659,24-05-2025,Jayant Kothari,North,Lucknow,Books,Fiction Voluptates,0,373915,43358,Net Banking
11660,17-12-2023,Rhea Sarma,West,Pune,Toys,Action Figure Dolorem,10,53193,3178,Credit Card
11661,14-03-2024,Faiyaz Garde,East,Patna,Groceries,Oil Corporis,20,9644,693,Net Banking
11662,10-06-2024,Shanaya Ranganathan,West,Surat,Books,Fiction Praesentium,20,47464,9469,Net Banking
11663,14-01-2025,Alisha Grewal,South,Chennai,Furniture,Chair Quaerat,20,135092,32752,Credit Card
11664,19-12-2024,Riya Sankaran,East,Kolkata,Toys,RC Car Optio,10,261032,59195,COD
11665,08-02-2025,Advik Kakar,South,Chennai,Groceries,Spices Exercitationem,0,107504,25624,Debit Card
11666,06-12-2023,Zara Bhat,South,Chennai,Clothing,Women's Wear Officiis,0,63433,15133,Net Banking
11667,07-07-2024,Anvi Kalita,North,Jaipur,Toys,RC Car Eius,20,239988,46159,Credit Card
11668,02-02-2024,Baiju Sandhu,West,Ahmedabad,Furniture,Bed Illum,10,54140,11831,COD
11669,18-04-2025,Yuvaan Thaman,North,Amritsar,Electronics,Headphones Officia,10,250985,36370,COD
11670,15-07-2024,Rasha Buch,North,Jaipur,Electronics,Mobile Nesciunt,20,79317,18206,UPI
11671,12-01-2024,Prisha Kala,East,Guwahati,Sports,Football Quia,10,50306,5124,Net Banking
11672,18-07-2025,Anvi Biswas,West,Surat,Sports,Dumbbells Repellendus,10,285754,63249,COD
11673,02-11-2023,Elakshi Comar,East,Bhubaneswar,Kitchen,Juicer Odio,5,44046,8914,Debit Card
11674,04-03-2024,Vedika Khalsa,North,Jaipur,Electronics,Laptop Perspiciatis,20,93979,17449,Debit Card
11675,19-10-2023,Anika Talwar,East,Bhubaneswar,Furniture,Cabinet Ratione,20,44440,2545,UPI
11676,29-02-2024,Prerak Magar,West,Pune,Toys,Board Game Culpa,0,56155,4903,Credit Card
11677,27-10-2024,Aaryahi Madan,West,Goa,Kitchen,Cookware Set Omnis,10,63560,4851,COD
11678,09-05-2025,Ranbir Khatri,North,Lucknow,Home Decor,Clock Quisquam,20,12104,2076,COD
11679,07-11-2024,Biju Uppal,South,Coimbatore,Books,Fiction Velit,20,52741,4635,UPI
11680,11-05-2024,Priyansh Srinivas,West,Mumbai,Sports,Tennis Racket Asperiores,5,140770,32407,Credit Card
11681,02-12-2024,Shanaya Sidhu,East,Bhubaneswar,Books,Comics Unde,15,123675,20159,Net Banking
11682,01-03-2024,Miraya Bhalla,South,Bangalore,Clothing,Accessories Repellendus,20,221152,54249,COD
11683,07-01-2025,Nitya Basak,East,Bhubaneswar,Books,Biography Ipsa,5,66250,10451,Debit Card
11684,18-11-2023,Anahita Datta,North,Lucknow,Clothing,Kids Wear Eos,15,102840,18090,COD
11685,28-12-2023,Aaryahi Ben,North,Lucknow,Home Decor,Vase Ut,5,223596,28226,Net Banking
11686,03-04-2024,Prerak Arora,East,Bhubaneswar,Furniture,Sofa Repellendus,10,149135,19304,Debit Card
11687,27-09-2024,Vivaan Bobal,North,Lucknow,Books,Non-Fiction Reiciendis,20,234605,29815,COD
11688,09-04-2024,Zeeshan Bail,East,Kolkata,Home Decor,Vase Officiis,5,57325,11541,COD
11689,24-05-2025,Aaina Bir,South,Chennai,Furniture,Sofa Praesentium,20,231044,57568,Debit Card
11690,09-05-2025,Hiran Goda,South,Hyderabad,Groceries,Sugar Cupiditate,20,12614,1472,Credit Card
11691,21-01-2025,Alisha Devi,North,Lucknow,Beauty,Foundation Odit,0,101012,6703,Credit Card
11692,21-01-2025,Damini Sengupta,East,Patna,Clothing,Women's Wear Incidunt,10,190499,33378,Net Banking
11693,30-03-2024,Purab Dixit,North,Chandigarh,Home Decor,Clock Maiores,10,155898,11347,COD
11694,30-01-2025,Manikya Mahal,East,Ranchi,Clothing,Men's Wear Architecto,20,187601,28058,UPI
11695,20-07-2025,Lakshay Arya,West,Goa,Electronics,Camera Optio,10,323478,42505,Net Banking
11696,22-11-2024,Ishaan Singhal,East,Kolkata,Electronics,Laptop Recusandae,0,35658,5755,UPI
11697,10-05-2025,Jivika Baral,East,Guwahati,Beauty,Lipstick Labore,15,128505,7003,Net Banking
11698,12-07-2025,Krish Mall,South,Hyderabad,Home Decor,Vase Quam,15,4451,1050,Debit Card
11699,18-10-2023,Taran Aggarwal,West,Ahmedabad,Toys,Action Figure Mollitia,0,12301,2273,UPI
11700,19-08-2024,Hansh Ram,South,Chennai,Sports,Tennis Racket Modi,20,310512,69855,Net Banking
11701,29-10-2024,Mohanlal Sampath,North,Delhi,Groceries,Rice Nam,20,296664,54818,COD
11702,29-08-2024,Pari Anand,West,Mumbai,Groceries,Wheat Quod,10,272956,60122,UPI
11703,17-04-2025,Samaira Ramanathan,West,Surat,Beauty,Face Cream Distinctio,20,52946,3283,UPI
11704,25-07-2025,Khushi Sridhar,West,Mumbai,Clothing,Shoes Necessitatibus,0,62796,12979,Credit Card
11705,28-12-2023,Riya Dhawan,North,Amritsar,Electronics,Smartwatch Rerum,10,96682,9240,Debit Card
11706,12-11-2023,Bhavin Chahal,West,Ahmedabad,Kitchen,Juicer Vitae,15,53274,2838,Net Banking
11707,26-04-2024,Shray Salvi,West,Goa,Groceries,Spices Nostrum,10,81551,16619,COD
11708,31-12-2024,Pihu Gopal,North,Amritsar,Electronics,Smartwatch Dolorum,20,10495,1731,Debit Card
11709,24-08-2025,Siya Bhatt,West,Ahmedabad,Kitchen,Mixer Grinder Neque,0,118834,19244,UPI
11710,17-10-2024,Umang Saran,East,Guwahati,Clothing,Women's Wear Pariatur,10,60454,9287,UPI
11711,12-04-2024,Dhanush Kaul,West,Pune,Books,Fiction Quisquam,10,113634,11752,Credit Card
11712,03-06-2024,Heer Saini,South,Hyderabad,Clothing,Men's Wear Ipsam,15,29835,2153,Net Banking
11713,19-12-2023,Shlok Sarna,West,Goa,Books,Comics Iste,15,111192,24561,Credit Card
11714,08-09-2025,Taran Setty,East,Patna,Clothing,Kids Wear Fugit,0,19871,1381,Debit Card
11715,12-08-2025,Kimaya Divan,West,Ahmedabad,Furniture,Bed Ullam,0,239790,40315,Net Banking
11716,07-06-2024,Anahi Bail,North,Jaipur,Kitchen,Cookware Set Ducimus,15,94160,7837,UPI
11717,07-04-2025,Baiju Kakar,North,Delhi,Beauty,Perfume Labore,5,216523,30634,Debit Card
11718,27-09-2025,Arhaan Venkataraman,South,Thiruvananthapuram,Home Decor,Lamp Quos,20,3962,319,Debit Card
11719,19-09-2025,Anika Lanka,East,Ranchi,Kitchen,Refrigerator Modi,10,10276,707,Credit Card
11720,17-04-2024,Ranbir Tailor,West,Goa,Home Decor,Wall Art Aspernatur,0,21299,3062,Credit Card
11721,05-08-2024,Dhanush Kothari,South,Chennai,Beauty,Face Cream Labore,10,86405,12311,Net Banking
11722,19-04-2025,Stuvan Raman,East,Guwahati,Furniture,Table Debitis,20,53338,7881,Debit Card
11723,12-06-2024,Samarth Raval,North,Chandigarh,Furniture,Cabinet Dignissimos,5,130516,22802,Net Banking
11724,30-06-2025,Shanaya Seshadri,West,Mumbai,Beauty,Perfume Numquam,10,53870,9809,COD
11725,23-10-2023,Inaaya  Cheema,South,Coimbatore,Toys,Doll Quia,5,40223,5391,COD
11726,12-03-2025,Jivin Manne,South,Bangalore,Kitchen,Juicer Harum,0,48597,3777,UPI
11727,07-05-2025,Raunak Dalal,West,Pune,Electronics,Mobile Aut,0,111711,26905,UPI
11728,10-01-2024,Mannat Dugar,North,Lucknow,Home Decor,Clock Enim,10,300758,47167,Debit Card
11729,11-07-2024,Myra Sharaf,East,Bhubaneswar,Electronics,Camera Quod,10,16421,2105,COD
11730,02-10-2024,Dhanush Sandal,South,Hyderabad,Furniture,Table Cum,5,74759,4954,UPI
11731,23-09-2024,Lagan Bora,East,Guwahati,Home Decor,Cushion Eligendi,15,338810,56858,UPI
11732,04-12-2024,Samar Sant,North,Amritsar,Sports,Football Qui,10,177063,16632,COD
11733,17-05-2024,Anya Dyal,North,Lucknow,Books,Textbook Debitis,10,253627,43553,Net Banking
11734,27-05-2025,Dishani Sethi,North,Lucknow,Home Decor,Wall Art Amet,10,282877,41965,UPI
11735,21-08-2025,Tanya Sha,North,Lucknow,Sports,Tennis Racket Commodi,15,4148,1007,Debit Card
11736,01-08-2024,Gokul Bava,West,Surat,Toys,Doll Debitis,15,15434,2682,Debit Card
11737,11-06-2024,Madhav Gandhi,North,Lucknow,Books,Biography Nam,5,24638,5117,UPI
11738,23-05-2024,Jivin Shah,North,Chandigarh,Clothing,Men's Wear Eum,10,95294,12177,Credit Card
11739,02-02-2025,Zeeshan Sule,North,Delhi,Home Decor,Wall Art Quae,15,63181,3552,COD
11740,25-11-2024,Parinaaz Dhingra,West,Goa,Kitchen,Cookware Set Culpa,15,34131,3337,Debit Card
11741,22-11-2023,Hrishita Yohannan,West,Surat,Kitchen,Microwave Cumque,20,56314,11499,Credit Card
11742,06-03-2024,Emir Vasa,South,Hyderabad,Groceries,Oil Fuga,15,31246,6160,Credit Card
11743,21-07-2024,Saksham Lal,West,Mumbai,Home Decor,Vase Nihil,10,103955,13413,Net Banking
11744,18-02-2024,Kimaya Aurora,North,Lucknow,Home Decor,Vase Adipisci,10,96287,22652,Credit Card
11745,03-08-2025,Advika Sood,South,Thiruvananthapuram,Beauty,Foundation Quisquam,5,309657,52876,UPI
11746,02-09-2025,Keya Gupta,East,Kolkata,Kitchen,Mixer Grinder Animi,0,205587,29841,Net Banking
11747,27-02-2024,Onkar Bandi,North,Chandigarh,Electronics,Smartwatch Illo,20,6957,761,UPI
11748,11-12-2023,Darshit Iyengar,South,Coimbatore,Furniture,Chair Culpa,5,113187,16560,Debit Card
11749,17-07-2024,Ehsaan Karpe,West,Surat,Clothing,Women's Wear Eligendi,0,75960,4292,UPI
11750,21-07-2025,Manikya Kumer,North,Lucknow,Beauty,Lipstick Facere,10,105430,8293,COD
11751,26-09-2025,Samaira Rana,South,Chennai,Electronics,Mobile Rem,0,52824,5742,COD
11752,04-03-2024,Vedika Sridhar,East,Ranchi,Books,Biography Nihil,0,147312,31263,Debit Card
11753,21-03-2025,Tejas Ramesh,East,Kolkata,Home Decor,Clock Corporis,10,18038,1794,Credit Card
11754,21-02-2024,Kashvi Sabharwal,East,Ranchi,Clothing,Shoes Architecto,15,75335,13642,UPI
11755,11-01-2025,Emir Bhat,West,Mumbai,Sports,Football Animi,5,93712,16471,COD
11756,10-12-2024,Shanaya Sura,North,Jaipur,Electronics,Laptop Reprehenderit,0,6745,1631,UPI
11757,18-12-2023,Zaina Dora,East,Patna,Kitchen,Refrigerator Ad,0,118860,16062,Net Banking
11758,20-12-2023,Taran Bhandari,South,Coimbatore,Groceries,Sugar Quaerat,0,45377,4593,Net Banking
11759,03-03-2025,Kanav Hari,South,Bangalore,Electronics,Mobile Debitis,10,25530,5464,Debit Card
11760,07-08-2025,Farhan Saran,West,Ahmedabad,Beauty,Shampoo Molestias,15,267053,64508,Net Banking
11761,30-04-2025,Reyansh Shan,East,Ranchi,Kitchen,Refrigerator Doloribus,5,31308,4765,COD
11762,24-10-2024,Dharmajan Doctor,East,Kolkata,Toys,Action Figure Deserunt,10,22241,1545,Debit Card
11763,09-06-2024,Kiara Bhandari,West,Pune,Groceries,Rice Labore,5,162165,25330,Net Banking
11764,01-10-2024,Mishti Halder,West,Pune,Clothing,Men's Wear Incidunt,15,316493,60045,Debit Card
11765,11-12-2023,Kartik Tella,East,Patna,Clothing,Shoes Consectetur,0,47489,5912,Credit Card
11766,16-03-2024,Hansh Randhawa,West,Ahmedabad,Furniture,Sofa Animi,0,272830,49265,COD
11767,07-03-2025,Samar Tripathi,South,Hyderabad,Kitchen,Juicer Quisquam,15,212248,37717,Credit Card
11768,27-07-2024,Dhanuk Rama,North,Lucknow,Sports,Yoga Mat Perferendis,10,77499,13480,Credit Card
11769,30-09-2024,Ranbir Jain,East,Guwahati,Beauty,Face Cream Dolores,20,26366,4228,Credit Card
11770,28-08-2024,Kashvi Zachariah,West,Surat,Home Decor,Lamp Enim,20,71024,7183,Debit Card
11771,22-04-2024,Faiyaz Saha,West,Pune,Home Decor,Wall Art A,5,328102,47968,COD
11772,23-09-2024,Hazel Choudhury,North,Amritsar,Electronics,Laptop Ea,5,74070,7417,Debit Card
11773,02-10-2024,Vidur Zacharia,East,Guwahati,Electronics,Camera Dolore,5,35422,1776,UPI
11774,25-01-2025,Hunar Savant,East,Ranchi,Kitchen,Cookware Set Numquam,10,63758,5162,Debit Card
11775,05-06-2025,Vedika Biswas,South,Chennai,Kitchen,Cookware Set Saepe,5,147168,36465,Net Banking
11776,28-06-2025,Shlok Ghose,South,Bangalore,Beauty,Perfume Qui,5,73445,10608,COD
11777,21-11-2023,Yasmin Sidhu,South,Hyderabad,Beauty,Lipstick Error,10,194918,36019,COD
11778,28-11-2024,Nitya Amble,East,Bhubaneswar,Groceries,Spices Magni,5,118221,27086,Debit Card
11779,20-03-2024,Nehmat Jhaveri,West,Pune,Clothing,Kids Wear Vel,5,133251,26250,UPI
11780,24-06-2025,Aradhya Choudhry,North,Chandigarh,Furniture,Sofa Quisquam,0,193602,40568,UPI
11781,09-09-2025,Shamik Korpal,North,Chandigarh,Furniture,Chair Impedit,0,29842,2580,UPI
11782,03-05-2025,Jayant Sahni,East,Kolkata,Kitchen,Juicer Aperiam,5,26540,4014,Debit Card
11783,02-03-2025,Amani Sunder,West,Surat,Electronics,Headphones Non,15,8832,891,Credit Card
11784,06-05-2024,Anvi Sridhar,North,Jaipur,Books,Fiction Quis,15,259617,46079,COD
11785,06-06-2025,Saira Dyal,North,Chandigarh,Clothing,Women's Wear Et,15,70897,17619,UPI
11786,21-04-2024,Jayant Khatri,North,Chandigarh,Furniture,Sofa Quod,15,25796,2741,Debit Card
11787,06-09-2024,Yasmin Sur,North,Lucknow,Electronics,Mobile Suscipit,20,84602,8386,Credit Card
11788,20-01-2024,Lavanya Bora,West,Ahmedabad,Furniture,Sofa Asperiores,20,174776,8841,Net Banking
11789,09-09-2024,Kabir Hans,East,Patna,Beauty,Foundation Officiis,0,171156,13519,Credit Card
11790,13-02-2025,Kabir Deep,West,Ahmedabad,Toys,Doll Temporibus,5,59765,5967,COD
11791,22-01-2025,Alisha Thaker,East,Guwahati,Books,Biography Impedit,20,10963,1957,Debit Card
11792,11-05-2024,Yakshit Lall,North,Lucknow,Clothing,Men's Wear Nobis,5,46795,11139,Net Banking
11793,27-12-2023,Seher Chadha,North,Delhi,Toys,Action Figure Aut,0,60989,4948,COD
11794,25-10-2023,Renee Zachariah,North,Lucknow,Furniture,Bed Tenetur,5,296106,54529,Debit Card
11795,12-03-2025,Mishti Sant,East,Patna,Groceries,Sugar Ratione,10,37723,3664,UPI
11796,26-12-2024,Tushar Behl,South,Coimbatore,Clothing,Accessories Sint,20,69154,5670,COD
11797,12-01-2024,Aarna Shah,East,Kolkata,Electronics,Headphones At,0,61848,5579,COD
11798,28-04-2024,Manikya Gupta,North,Chandigarh,Books,Fiction Eos,10,120103,19913,COD
11799,12-01-2024,Rati Kapadia,East,Patna,Clothing,Men's Wear Quis,10,85219,6845,Credit Card
11800,22-07-2025,Lavanya Varma,North,Chandigarh,Beauty,Lipstick Rem,10,145764,16625,COD
11801,23-11-2023,Taimur Mand,East,Guwahati,Electronics,Camera Enim,0,142332,21316,COD
11802,05-03-2025,Miraan Ram,West,Surat,Clothing,Shoes Quo,0,236286,52845,Debit Card
11803,23-12-2024,Dhruv Sen,West,Pune,Electronics,Laptop Itaque,10,47253,9975,Net Banking
11804,17-10-2024,Lakshay Salvi,South,Bangalore,Furniture,Cabinet Sed,15,65112,6437,Debit Card
11805,09-04-2025,Azad Handa,West,Surat,Electronics,Smartwatch Omnis,5,232736,27681,Net Banking
11806,03-08-2024,Adira Bir,West,Surat,Clothing,Men's Wear Laborum,15,177916,26218,COD
11807,25-08-2025,Nitara Chadha,East,Guwahati,Kitchen,Refrigerator At,20,16641,2573,COD
11808,17-03-2024,Samaira Vaidya,North,Jaipur,Furniture,Sofa Ea,20,139448,24703,Debit Card
11809,09-07-2024,Neysa Baral,North,Jaipur,Toys,Doll Tempore,10,90315,5812,Debit Card
11810,17-07-2025,Akarsh Agarwal,West,Surat,Furniture,Chair Explicabo,5,288895,16879,Debit Card
11811,12-01-2025,Zeeshan Sidhu,West,Surat,Furniture,Chair Perferendis,5,47932,10324,COD
11812,08-04-2025,Devansh Agate,North,Chandigarh,Beauty,Lipstick Veniam,15,34233,5035,UPI
11813,23-08-2024,Lavanya Mammen,North,Chandigarh,Groceries,Oil Ullam,20,18086,2273,Credit Card
11814,06-06-2024,Saanvi Chacko,East,Guwahati,Clothing,Women's Wear Vel,10,230274,17085,Debit Card
11815,09-02-2025,Shayak Bath,South,Thiruvananthapuram,Electronics,Mobile Nesciunt,20,43728,7216,Credit Card
11816,07-08-2025,Shaan Badal,North,Chandigarh,Groceries,Rice Similique,5,14877,2554,Credit Card
11817,29-09-2025,Mohanlal Grover,South,Chennai,Beauty,Lipstick Voluptatibus,20,104652,6766,COD
11818,26-12-2024,Nirvaan Krishnan,West,Ahmedabad,Beauty,Face Cream Ea,10,57998,5290,Debit Card
11819,19-04-2025,Anay Bhagat,East,Kolkata,Home Decor,Vase Sunt,0,191520,40664,Debit Card
11820,18-10-2024,Neelofar Goswami,North,Delhi,Sports,Dumbbells Ipsa,20,76109,7332,Credit Card
11821,09-06-2024,Khushi Boase,East,Bhubaneswar,Electronics,Headphones Neque,0,81316,9938,Debit Card
11822,26-07-2025,Veer Bora,North,Chandigarh,Beauty,Lipstick Repellendus,0,55533,10283,Debit Card
11823,15-09-2025,Jiya Gopal,South,Bangalore,Home Decor,Lamp Fugit,10,42293,7895,Credit Card
11824,09-05-2025,Akarsh Chauhan,East,Guwahati,Sports,Cricket Bat Possimus,15,31113,2979,Credit Card
11825,29-05-2025,Ayesha Vasa,East,Patna,Beauty,Face Cream Ipsam,10,79169,10614,UPI
11826,03-04-2025,Bhamini Devi,West,Pune,Clothing,Men's Wear Excepturi,15,167130,13429,COD
11827,09-08-2025,Yuvaan Toor,East,Bhubaneswar,Beauty,Face Cream Quia,20,55992,12191,COD
11828,18-11-2023,Gatik Choudhry,West,Goa,Electronics,Smartwatch Unde,0,15975,1907,UPI
11829,11-04-2024,Akarsh Viswanathan,East,Bhubaneswar,Sports,Cricket Bat Molestiae,0,2109,523,Debit Card
11830,19-04-2025,Purab Shenoy,East,Kolkata,Furniture,Cabinet Nostrum,20,266808,57998,Net Banking
11831,21-08-2024,Samarth Thakur,East,Ranchi,Clothing,Men's Wear Eius,10,345416,17880,Debit Card
11832,08-08-2025,Arhaan Basu,East,Patna,Electronics,Mobile Quae,10,193914,19363,Net Banking
11833,12-09-2025,Prisha Andra,East,Patna,Electronics,Camera Aperiam,15,61662,6035,Net Banking
11834,30-07-2025,Vidur Hans,South,Hyderabad,Toys,Board Game Nulla,0,240780,14790,UPI
11835,05-09-2024,Inaaya  Borah,North,Chandigarh,Kitchen,Microwave Illum,20,30789,5286,Credit Card
11836,04-05-2025,Ahana  Yohannan,South,Coimbatore,Beauty,Perfume Nihil,5,214439,50724,Net Banking
11837,05-01-2025,Tanya Swamy,West,Pune,Beauty,Face Cream Excepturi,0,104400,18021,COD
11838,09-02-2024,Onkar Keer,North,Lucknow,Toys,Doll Quisquam,5,115664,7811,Credit Card
11839,01-08-2025,Mamooty Banik,West,Mumbai,Toys,Board Game Aliquid,10,226332,13421,Credit Card
11840,28-02-2025,Kashvi Bir,East,Patna,Clothing,Shoes Aliquam,15,53795,9995,COD
11841,31-10-2023,Hansh Sundaram,South,Hyderabad,Toys,Doll Odio,5,269914,65934,Net Banking
11842,11-10-2023,Yuvraj  Manda,South,Bangalore,Clothing,Men's Wear Saepe,20,302904,32229,Net Banking
11843,26-09-2025,Ranbir Srinivasan,South,Coimbatore,Toys,Doll Nemo,5,19652,3465,Debit Card
11844,11-11-2023,Abram Badal,South,Chennai,Kitchen,Juicer Quas,20,293572,37545,Credit Card
11845,17-02-2025,Alisha Basak,East,Guwahati,Beauty,Foundation Magnam,15,93500,13146,Debit Card
11846,27-07-2025,Taimur Bhardwaj,South,Bangalore,Electronics,Laptop Consectetur,5,61411,13219,Net Banking
11847,30-11-2023,Myra Bhatt,East,Patna,Toys,Doll Labore,10,194916,21472,Net Banking
11848,21-03-2024,Zoya Reddy,North,Chandigarh,Beauty,Lipstick Iure,5,79620,8370,UPI
11849,10-04-2024,Charvi Balasubramanian,North,Jaipur,Home Decor,Lamp Voluptatibus,10,312912,52683,COD
11850,21-06-2024,Dhanuk Raja,South,Thiruvananthapuram,Books,Non-Fiction Dicta,20,14850,3463,Debit Card
11851,23-11-2024,Anaya Sridhar,East,Kolkata,Books,Biography Dignissimos,20,85471,19381,UPI
11852,05-06-2024,Raghav Chada,South,Bangalore,Clothing,Accessories Exercitationem,5,92658,22299,Credit Card
11853,08-01-2024,Trisha Gandhi,North,Jaipur,Home Decor,Clock Fuga,20,82582,9531,Net Banking
11854,04-03-2025,Akarsh Shanker,West,Ahmedabad,Furniture,Chair Quibusdam,5,111245,25389,Debit Card
11855,26-04-2024,Sahil Hegde,North,Delhi,Beauty,Perfume Quos,10,153417,18309,Credit Card
11856,08-01-2024,Aarush Gupta,North,Amritsar,Beauty,Perfume Eligendi,20,112714,17154,UPI
11857,05-12-2024,Veer Sharaf,West,Ahmedabad,Electronics,Camera Et,15,1537,224,Debit Card
11858,01-04-2025,Nitara Krish,East,Ranchi,Beauty,Shampoo Nihil,20,62790,12979,Credit Card
11859,01-04-2025,Yasmin Ratta,South,Coimbatore,Sports,Dumbbells Amet,20,33530,2572,COD
11860,27-07-2024,Nakul Agarwal,South,Coimbatore,Home Decor,Lamp Aliquid,5,44235,10642,Credit Card
11861,15-07-2024,Miraan Goda,East,Patna,Home Decor,Vase Dolorem,5,128307,17731,Debit Card
11862,05-07-2024,Aayush Dass,South,Bangalore,Clothing,Shoes Dolorum,15,57474,9466,Debit Card
11863,14-03-2024,Vritika Bhalla,East,Bhubaneswar,Toys,Board Game Accusantium,5,189522,45137,Credit Card
11864,14-12-2023,Taimur Mall,South,Coimbatore,Kitchen,Juicer Odio,0,23237,3227,UPI
11865,23-09-2024,Vedika Dave,South,Thiruvananthapuram,Kitchen,Microwave Itaque,15,100082,6031,COD
11866,24-01-2024,Krish Deshpande,West,Mumbai,Clothing,Men's Wear Cumque,20,13618,1112,Net Banking
11867,24-07-2024,Uthkarsh Batta,West,Surat,Groceries,Oil Reiciendis,5,217788,11120,UPI
11868,07-02-2024,Azad Baral,North,Jaipur,Groceries,Rice Quas,20,75176,6252,Net Banking
11869,18-09-2025,Baiju Thakur,North,Delhi,Beauty,Perfume Natus,15,95448,6677,Credit Card
11870,12-08-2025,Shamik Badal,West,Mumbai,Sports,Yoga Mat Voluptate,5,94771,5250,Credit Card
11871,07-09-2025,Vardaniya Dave,North,Lucknow,Furniture,Sofa Dolor,0,2252,338,Net Banking
11872,20-07-2024,Shray Sastry,South,Hyderabad,Kitchen,Juicer Libero,0,56456,3886,Net Banking
11873,04-06-2025,Priyansh Dhingra,South,Hyderabad,Furniture,Chair Iure,20,47449,3560,Net Banking
11874,22-11-2024,Indranil Batta,West,Goa,Groceries,Spices Et,20,58600,8408,Credit Card
11875,29-01-2025,Hazel Kunda,North,Lucknow,Furniture,Table Ipsa,5,31801,6994,UPI
11876,11-12-2024,Rasha Seshadri,West,Surat,Beauty,Face Cream Occaecati,20,39304,9688,COD
11877,24-09-2025,Ivan Ramesh,East,Patna,Toys,Action Figure Odit,15,160566,32719,Credit Card
11878,17-12-2023,Ahana  Kumar,North,Delhi,Groceries,Spices Earum,20,109380,5927,Net Banking
11879,02-12-2024,Drishya Cheema,South,Coimbatore,Groceries,Oil Debitis,10,38282,7876,Debit Card
11880,03-08-2024,Emir Sastry,South,Hyderabad,Toys,Doll Eos,20,150101,28260,Debit Card
11881,19-11-2023,Aaina Comar,North,Jaipur,Electronics,Laptop Quibusdam,5,177551,43134,Debit Card
11882,11-08-2025,Trisha Bora,East,Kolkata,Kitchen,Microwave Optio,15,60626,13804,COD
11883,06-03-2025,Miraan Mahajan,North,Jaipur,Books,Non-Fiction Soluta,5,167871,13692,Credit Card
11884,08-10-2024,Purab Batta,South,Chennai,Groceries,Oil Pariatur,20,106634,10159,Credit Card
11885,08-09-2025,Sahil Bhatti,South,Coimbatore,Groceries,Rice Aut,0,28781,3126,Debit Card
11886,01-10-2025,Advik Chaudhuri,South,Hyderabad,Groceries,Oil Vel,15,322014,19696,Net Banking
11887,27-05-2025,Zaina Dua,South,Thiruvananthapuram,Groceries,Rice Ut,20,37329,4374,COD
11888,05-04-2024,Pari Kalita,East,Guwahati,Sports,Football Molestiae,10,24932,2441,UPI
11889,17-07-2024,Zain Brar,North,Delhi,Furniture,Cabinet Id,20,14630,1675,Debit Card
11890,18-08-2025,Lakshay Bobal,West,Goa,Home Decor,Lamp Quae,5,344703,34712,COD
11891,04-02-2025,Armaan Sankaran,North,Chandigarh,Sports,Football Provident,15,54096,2906,UPI
11892,03-09-2025,Lakshit Jha,North,Delhi,Groceries,Sugar Magni,0,108345,17017,Debit Card
11893,04-11-2023,Anay Ratti,West,Mumbai,Kitchen,Juicer Sit,10,62704,12713,Debit Card
11894,14-09-2025,Siya Malhotra,South,Chennai,Furniture,Table Eius,0,59304,10543,Debit Card
11895,17-11-2024,Fateh Dhar,West,Surat,Home Decor,Clock At,20,19016,4633,Debit Card
11896,25-03-2025,Anahita Sampath,West,Ahmedabad,Kitchen,Cookware Set Beatae,10,63783,15237,UPI
11897,11-03-2025,Arnav Shanker,West,Ahmedabad,Sports,Football Et,20,54186,8205,UPI
11898,03-09-2025,Mahika Char,West,Ahmedabad,Books,Textbook Consequuntur,20,58658,10719,COD
11899,12-06-2024,Azad Comar,South,Coimbatore,Groceries,Wheat Fugit,5,7910,1750,Debit Card
11900,01-01-2025,Renee Balakrishnan,North,Amritsar,Home Decor,Clock Sed,5,34217,5128,UPI
11901,04-03-2025,Nishith Das,North,Lucknow,Home Decor,Vase Tenetur,0,33317,1943,COD
11902,29-07-2025,Aarav Choudhry,North,Lucknow,Clothing,Accessories Ipsum,5,169693,14287,Credit Card
11903,06-06-2024,Tiya Kannan,East,Kolkata,Groceries,Spices Voluptates,5,47897,6336,Net Banking
11904,19-07-2024,Aaina Vasa,East,Patna,Sports,Dumbbells Suscipit,15,26506,3839,Debit Card
11905,28-02-2024,Anya Goyal,South,Thiruvananthapuram,Books,Fiction Facere,5,63893,11117,Net Banking
11906,19-10-2023,Zeeshan Roy,West,Goa,Kitchen,Cookware Set Autem,5,210629,21870,UPI
11907,26-08-2024,Onkar Bail,East,Guwahati,Electronics,Camera Nobis,5,207222,45485,UPI
11908,11-03-2024,Adah Basak,North,Lucknow,Books,Non-Fiction Quo,20,176352,35659,Debit Card
11909,04-01-2024,Ira Ray,North,Jaipur,Toys,Doll Debitis,5,125688,22363,Net Banking
11910,16-02-2024,Kimaya Ratta,West,Ahmedabad,Books,Fiction Amet,5,9970,791,Net Banking
11911,21-04-2024,Eshani Kala,North,Delhi,Groceries,Oil Fugiat,5,108919,14287,COD
11912,19-01-2025,Heer Ghosh,South,Coimbatore,Furniture,Sofa Ex,10,178614,26419,COD
11913,15-08-2024,Ritvik Bajaj,North,Lucknow,Beauty,Shampoo Qui,15,224494,13876,COD
11914,09-08-2024,Zoya Kashyap,West,Pune,Sports,Football Magni,0,20680,3091,COD
11915,03-05-2024,Pranay Sarma,North,Jaipur,Groceries,Spices Corporis,20,2226,263,Credit Card
11916,01-06-2025,Khushi Chad,North,Delhi,Toys,Doll Quasi,15,265761,39305,Net Banking
11917,27-09-2024,Jayant Khurana,East,Bhubaneswar,Furniture,Sofa Perspiciatis,0,358385,44018,UPI
11918,13-06-2025,Navya Raval,East,Bhubaneswar,Groceries,Spices Laudantium,0,9070,1769,Credit Card
11919,13-02-2025,Nitara Mani,North,Lucknow,Home Decor,Wall Art Similique,15,42738,5354,UPI
11920,22-09-2025,Dhanush Dani,South,Chennai,Clothing,Kids Wear Sapiente,20,8781,2062,UPI
11921,08-04-2024,Kiaan Luthra,North,Amritsar,Furniture,Bed Corrupti,20,157754,17600,COD
11922,25-02-2025,Jayant Sandal,East,Guwahati,Beauty,Foundation Deleniti,15,33626,4094,UPI
11923,25-02-2025,Ivana Bail,East,Kolkata,Furniture,Table Aliquam,5,34803,3478,Net Banking
11924,17-08-2025,Samar Bose,North,Lucknow,Books,Textbook Praesentium,0,10736,1917,COD
11925,18-10-2024,Shray Hora,West,Goa,Kitchen,Juicer Nostrum,20,60330,14570,Net Banking
11926,03-03-2024,Divij Bawa,East,Bhubaneswar,Groceries,Spices Hic,5,45215,3433,Debit Card
11927,08-08-2024,Hansh Bal,South,Chennai,Toys,Board Game Quidem,0,98708,19972,UPI
11928,16-04-2024,Hazel Shanker,South,Bangalore,Kitchen,Refrigerator Officia,15,200343,15779,Net Banking
11929,04-12-2024,Farhan Bhatti,North,Lucknow,Books,Textbook Dolore,20,59385,4117,Credit Card
11930,14-06-2025,Vaibhav Chaudhari,South,Coimbatore,Furniture,Bed Quaerat,0,22486,2266,Net Banking
11931,03-09-2024,Purab Chaudhari,North,Amritsar,Groceries,Spices Pariatur,0,78795,13932,Credit Card
11932,13-03-2025,Shray Date,South,Chennai,Groceries,Sugar Quisquam,0,19192,3002,Debit Card
11933,18-01-2025,Kanav Mander,North,Delhi,Clothing,Kids Wear Enim,10,61461,13012,UPI
11934,28-04-2025,Ryan Gera,East,Guwahati,Toys,Puzzle Cupiditate,10,72041,14845,COD
11935,03-08-2025,Kiara Sarma,South,Bangalore,Books,Biography Tempora,10,169736,33451,UPI
11936,02-04-2025,Lagan Chatterjee,North,Lucknow,Books,Biography Aliquam,10,195305,32369,Credit Card
11937,13-03-2025,Krish Wable,East,Bhubaneswar,Electronics,Smartwatch Voluptate,10,34510,6229,Credit Card
11938,08-01-2024,Kismat Tara,South,Chennai,Sports,Yoga Mat Totam,15,117485,27955,COD
11939,19-12-2024,Ranbir Dada,West,Mumbai,Sports,Dumbbells Aperiam,15,89338,4923,Credit Card
11940,08-06-2025,Yuvraj  Hayre,North,Amritsar,Home Decor,Lamp Sit,10,162176,30401,Net Banking
11941,25-01-2024,Vanya Bhavsar,South,Bangalore,Electronics,Headphones Et,20,108496,23988,Debit Card
11942,16-02-2025,Jivin Dara,West,Surat,Toys,RC Car Quaerat,10,16643,878,Net Banking
11943,03-12-2024,Keya Biswas,West,Mumbai,Beauty,Lipstick Eos,10,80652,5187,COD
11944,11-04-2024,Aradhya Borah,North,Amritsar,Books,Non-Fiction Pariatur,10,53618,5274,Credit Card
11945,26-12-2024,Taran Anand,South,Coimbatore,Furniture,Chair Excepturi,20,56990,8632,COD
11946,29-04-2025,Anay Anand,North,Jaipur,Groceries,Spices Quae,15,75878,15650,Credit Card
11947,13-01-2025,Tarini Kuruvilla,East,Guwahati,Electronics,Smartwatch Numquam,20,12979,801,Debit Card
11948,10-06-2025,Veer Basu,North,Amritsar,Books,Biography Quibusdam,5,337454,69191,Debit Card
11949,08-12-2023,Anya Karpe,North,Chandigarh,Kitchen,Cookware Set Beatae,0,118029,19795,COD
11950,16-03-2024,Mamooty Bhat,North,Jaipur,Beauty,Lipstick Aut,10,159908,11870,Net Banking
11951,28-08-2024,Devansh Lad,North,Jaipur,Home Decor,Clock Debitis,10,83095,11243,UPI
11952,10-07-2025,Adah Chhabra,East,Bhubaneswar,Toys,Action Figure Quos,20,21630,5064,Credit Card
11953,18-11-2024,Rasha Bora,North,Chandigarh,Books,Textbook Soluta,5,335573,18607,COD
11954,01-06-2025,Shlok Dalal,North,Jaipur,Beauty,Perfume Deserunt,10,54015,8448,UPI
11955,02-04-2024,Hiran Gole,East,Patna,Furniture,Bed Alias,5,63768,11910,Debit Card
11956,31-08-2024,Hridaan Dugal,West,Goa,Clothing,Shoes Odio,0,287004,23632,COD
11957,06-09-2024,Seher Lall,West,Mumbai,Furniture,Table Soluta,0,39397,8560,UPI
11958,02-11-2023,Nishith Srinivas,East,Guwahati,Sports,Yoga Mat Harum,5,49571,8195,COD
11959,29-12-2023,Damini Bhatti,North,Lucknow,Kitchen,Microwave Possimus,10,22444,1748,Credit Card
11960,28-02-2024,Kanav Srinivas,North,Amritsar,Kitchen,Cookware Set Incidunt,15,9505,1020,COD
11961,17-03-2025,Shamik Varughese,North,Delhi,Books,Textbook Veritatis,0,15722,3740,Credit Card
11962,28-06-2025,Anya Bedi,West,Surat,Clothing,Men's Wear Itaque,10,64273,15073,Credit Card
11963,10-02-2024,Zaina Sibal,East,Ranchi,Sports,Tennis Racket Vitae,0,190350,40629,Credit Card
11964,15-05-2025,Lagan Doctor,West,Ahmedabad,Clothing,Men's Wear Quasi,5,267015,32752,Net Banking
11965,06-09-2025,Veer Ghosh,West,Ahmedabad,Kitchen,Mixer Grinder Quis,20,44529,7784,Net Banking
11966,07-12-2023,Umang Sood,West,Mumbai,Furniture,Sofa Qui,10,116766,14779,Net Banking
11967,18-04-2024,Nitya Amble,South,Chennai,Furniture,Table Voluptate,0,52961,12025,Credit Card
11968,30-05-2024,Biju Kadakia,West,Surat,Furniture,Sofa Quam,10,93899,5784,UPI
11969,02-07-2025,Badal Dey,West,Goa,Toys,Action Figure Iste,15,19587,4319,UPI
11970,18-09-2025,Advik Ramesh,East,Ranchi,Groceries,Rice Exercitationem,20,2082,134,Debit Card
11971,07-12-2023,Keya Iyer,South,Bangalore,Clothing,Women's Wear Asperiores,20,13664,2635,UPI
11972,27-02-2024,Amira Dayal,East,Kolkata,Home Decor,Cushion Similique,0,59502,11272,COD
11973,10-07-2024,Rhea Loke,North,Lucknow,Books,Comics Quia,15,202150,13460,Credit Card
11974,21-09-2024,Nirvi Lata,East,Guwahati,Books,Biography Accusamus,15,55267,11807,Debit Card
11975,18-12-2024,Tarini Sura,South,Hyderabad,Books,Biography Corporis,10,115362,6164,UPI
11976,11-07-2024,Pihu Tiwari,East,Kolkata,Beauty,Shampoo Possimus,5,77870,13675,Net Banking
11977,20-07-2024,Ryan Bhalla,East,Kolkata,Books,Fiction Blanditiis,5,31722,1879,COD
11978,31-12-2023,Nayantara Wali,North,Chandigarh,Electronics,Headphones Est,0,89855,19466,Net Banking
11979,02-03-2024,Shayak Hans,West,Goa,Kitchen,Refrigerator Voluptatibus,5,93317,20910,Debit Card
11980,01-10-2025,Aradhya Raju,West,Pune,Clothing,Kids Wear Molestiae,10,6235,1298,Debit Card
11981,22-01-2024,Riya Acharya,North,Delhi,Books,Biography Modi,5,158185,25831,COD
11982,23-12-2023,Navya Bhardwaj,North,Chandigarh,Home Decor,Vase Quo,20,157690,24925,Debit Card
11983,18-07-2024,Lagan Lata,South,Hyderabad,Electronics,Mobile Error,20,74402,6366,Debit Card
11984,25-10-2024,Devansh Krish,North,Amritsar,Sports,Tennis Racket Neque,15,4386,357,UPI
11985,09-09-2025,Lagan Gill,North,Chandigarh,Sports,Dumbbells Veritatis,0,5808,396,Debit Card
11986,30-12-2024,Mamooty Tata,South,Coimbatore,Groceries,Sugar Reprehenderit,20,26825,6147,Debit Card
11987,12-01-2025,Samarth Sangha,East,Kolkata,Toys,RC Car Fugiat,10,25785,3229,Net Banking
11988,07-01-2025,Adira Boase,North,Amritsar,Electronics,Camera Quod,15,101031,15449,Net Banking
11989,14-12-2023,Ritvik Kumar,West,Surat,Toys,Puzzle Placeat,15,247761,50949,Net Banking
11990,11-01-2025,Indrajit Mall,South,Hyderabad,Toys,Puzzle Commodi,20,187927,20657,UPI
11991,13-02-2024,Yuvraj  Behl,South,Coimbatore,Sports,Dumbbells Exercitationem,10,298220,52820,Debit Card
11992,17-01-2024,Alisha Mann,East,Patna,Clothing,Kids Wear Vitae,20,27318,4599,UPI
11993,19-03-2024,Vardaniya Bhalla,West,Mumbai,Groceries,Spices Vero,0,176979,25699,Net Banking
11994,27-03-2024,Diya Dhillon,East,Bhubaneswar,Kitchen,Mixer Grinder Minus,20,12397,916,Credit Card
11995,11-09-2024,Divij Vyas,West,Mumbai,Home Decor,Lamp Exercitationem,5,255371,24419,UPI
11996,02-04-2025,Kartik Subramaniam,South,Coimbatore,Clothing,Kids Wear Voluptatem,15,22562,4482,Credit Card
11997,21-07-2025,Madhup Sachar,South,Coimbatore,Books,Non-Fiction Voluptas,10,107159,22780,UPI
11998,24-04-2024,Saksham Bhakta,North,Delhi,Toys,Doll Aspernatur,10,63545,9291,UPI
11999,11-06-2024,Armaan Kale,West,Ahmedabad,Home Decor,Lamp Animi,10,194335,40185,COD
12000,06-12-2023,Aayush Gill,West,Mumbai,Clothing,Kids Wear Nemo,10,177012,25877,UPI
12001,21-07-2024,Alisha Bahri,South,Chennai,Beauty,Perfume Officia,0,88730,13746,Net Banking
12002,11-07-2024,Raghav Biswas,North,Jaipur,Beauty,Lipstick Nam,20,48126,5161,Net Banking
12003,23-09-2024,Sara Majumdar,East,Bhubaneswar,Groceries,Wheat Repellendus,0,69189,13824,Credit Card
12004,22-02-2025,Seher Dugal,East,Kolkata,Groceries,Oil Magni,5,152036,34819,UPI
12005,21-09-2025,Ritvik Thaker,North,Jaipur,Electronics,Headphones Illo,10,327411,50383,Net Banking
12006,02-11-2024,Lakshit Varma,South,Hyderabad,Toys,Board Game Repudiandae,20,54775,7708,COD
12007,16-02-2025,Anahi Gaba,North,Chandigarh,Home Decor,Wall Art Adipisci,20,48430,11646,Debit Card
12008,03-11-2023,Faiyaz Soni,North,Delhi,Beauty,Perfume Deserunt,5,236026,17099,UPI
12009,01-05-2025,Rati Buch,South,Thiruvananthapuram,Sports,Cricket Bat In,5,114546,17747,COD
12010,09-02-2024,Vedika Wagle,South,Chennai,Home Decor,Vase Ex,5,174587,23685,UPI
12011,07-11-2024,Lakshit Bala,West,Ahmedabad,Furniture,Table Cupiditate,0,235432,42511,Debit Card
12012,17-05-2024,Shaan Bera,South,Thiruvananthapuram,Home Decor,Lamp Sapiente,10,131857,29931,UPI
12013,18-09-2025,Hrishita Sibal,West,Pune,Kitchen,Juicer Voluptates,5,32650,3499,UPI
12014,08-04-2024,Jivika Shukla,West,Surat,Beauty,Shampoo Accusantium,20,51552,12762,COD
12015,17-04-2024,Ela Dua,East,Ranchi,Clothing,Kids Wear Ex,5,35160,7773,Credit Card
12016,18-05-2025,Diya Sibal,South,Coimbatore,Kitchen,Juicer Ratione,20,66795,14777,Net Banking
12017,31-08-2024,Dharmajan Hayer,North,Jaipur,Clothing,Accessories Minima,15,300263,15685,Credit Card
12018,27-01-2024,Anay Sastry,South,Coimbatore,Home Decor,Vase Illo,15,45272,3147,COD
12019,17-06-2024,Ira Varkey,North,Jaipur,Toys,RC Car Labore,20,10402,2317,Debit Card
12020,21-03-2025,Dishani Dugar,North,Amritsar,Sports,Dumbbells Aliquid,15,182567,15612,Debit Card
12021,02-05-2025,Anvi Srinivasan,West,Surat,Kitchen,Mixer Grinder Non,10,14598,3173,Credit Card
12022,01-10-2025,Samiha Sanghvi,West,Mumbai,Furniture,Table Perferendis,15,14282,2481,COD
12023,03-05-2025,Hazel Sundaram,North,Amritsar,Toys,Action Figure Exercitationem,20,89147,8305,COD
12024,25-12-2023,Ivana Sankaran,West,Ahmedabad,Sports,Dumbbells Voluptatem,0,12463,2374,UPI
12025,10-10-2023,Divij Tara,East,Patna,Clothing,Women's Wear Impedit,0,144750,33955,COD
12026,16-11-2024,Vidur Khanna,South,Bangalore,Sports,Dumbbells Soluta,15,15786,3124,UPI
12027,29-10-2024,Gokul Baral,North,Delhi,Electronics,Headphones Incidunt,10,230404,36782,Credit Card
12028,16-12-2023,Ivan Sharaf,West,Surat,Furniture,Bed Dolores,0,70622,7829,Credit Card
12029,05-01-2024,Raunak Kar,South,Thiruvananthapuram,Beauty,Face Cream Esse,5,1467,97,Credit Card
12030,24-01-2025,Armaan Bhalla,North,Chandigarh,Clothing,Shoes Praesentium,10,52631,3786,UPI
12031,20-09-2024,Aarna Sha,West,Surat,Groceries,Rice Nobis,0,379965,64504,COD
12032,11-11-2023,Vanya Joshi,North,Lucknow,Books,Textbook Soluta,15,81330,18781,Net Banking
12033,27-10-2024,Pari Basak,West,Goa,Kitchen,Refrigerator Minima,20,171019,28222,COD
12034,04-08-2025,Chirag Chaudhry,North,Amritsar,Sports,Football Optio,5,83410,14277,COD
12035,29-08-2024,Purab Bala,North,Chandigarh,Clothing,Men's Wear Illum,10,245957,60079,UPI
12036,21-01-2024,Pari Sundaram,South,Thiruvananthapuram,Books,Biography A,5,136430,20182,UPI
12037,07-06-2025,Jivin Sridhar,West,Goa,Clothing,Men's Wear At,5,92312,9970,Net Banking
12038,23-01-2024,Purab Yohannan,North,Lucknow,Groceries,Sugar Ipsam,5,216854,53712,Credit Card
12039,21-08-2025,Kimaya Sanghvi,East,Bhubaneswar,Furniture,Cabinet Ducimus,15,70010,6127,Debit Card
12040,17-07-2025,Ivana Bobal,South,Coimbatore,Beauty,Lipstick Ex,0,15713,3341,Net Banking
12041,06-06-2025,Yakshit Sidhu,South,Thiruvananthapuram,Clothing,Men's Wear Fugit,5,11639,1430,COD
12042,13-04-2024,Baiju Madan,South,Hyderabad,Furniture,Bed Blanditiis,15,205930,27568,COD
12043,02-07-2024,Aayush Bassi,East,Ranchi,Books,Non-Fiction Inventore,0,52645,10728,Net Banking
12044,03-12-2023,Khushi Guha,North,Chandigarh,Groceries,Rice Culpa,0,99990,9342,Net Banking
12045,30-12-2024,Priyansh Kade,East,Bhubaneswar,Clothing,Shoes Accusamus,0,348970,61507,UPI
12046,22-08-2025,Dhanush Chand,South,Bangalore,Groceries,Sugar Itaque,15,43773,6146,Debit Card
12047,18-10-2023,Fateh Bakshi,South,Hyderabad,Beauty,Perfume Optio,20,37841,2687,Net Banking
12048,09-05-2024,Anahita Jaggi,North,Amritsar,Groceries,Wheat Accusantium,0,37210,3316,Debit Card
12049,12-05-2025,Saira Hegde,South,Coimbatore,Beauty,Foundation Praesentium,5,36498,4524,UPI
12050,04-12-2023,Bhavin Chanda,West,Surat,Beauty,Face Cream Harum,10,189090,43030,Credit Card
12051,23-07-2024,Ritvik Dugal,South,Chennai,Books,Non-Fiction Unde,0,2469,438,Net Banking
12052,26-09-2025,Trisha Raval,East,Kolkata,Furniture,Sofa Hic,15,191539,13333,Debit Card
12053,30-10-2023,Hazel Deshpande,South,Hyderabad,Electronics,Headphones Voluptatem,10,77684,9107,Debit Card
12054,05-06-2024,Indrajit Ramaswamy,East,Bhubaneswar,Groceries,Rice Eaque,15,50041,8296,Debit Card
12055,26-07-2024,Neysa Bassi,South,Hyderabad,Sports,Tennis Racket Reprehenderit,20,19822,4289,COD
12056,06-12-2024,Ayesha Kar,East,Guwahati,Home Decor,Wall Art Sunt,15,229854,49713,Debit Card
12057,17-08-2024,Damini Kumar,North,Delhi,Groceries,Wheat Iusto,20,179376,27145,Debit Card
12058,10-11-2023,Shamik Hayer,East,Guwahati,Beauty,Perfume Quod,5,90198,18901,Net Banking
12059,05-04-2024,Zeeshan Roy,West,Goa,Furniture,Sofa Nobis,20,31978,2719,COD
12060,14-01-2024,Nitya Kale,East,Kolkata,Electronics,Headphones Illo,10,71979,16673,Net Banking
12061,29-07-2025,Seher Chacko,North,Jaipur,Home Decor,Wall Art Iusto,15,128772,16647,COD
12062,24-12-2023,Indrajit Bhalla,East,Ranchi,Groceries,Sugar Perspiciatis,20,64824,11768,UPI
12063,20-05-2025,Zeeshan Dash,North,Amritsar,Furniture,Sofa Odit,10,259178,51431,COD
12064,30-01-2024,Vritika Gala,North,Delhi,Furniture,Chair Tempore,0,95052,18929,Net Banking
12065,26-03-2024,Shamik Acharya,North,Lucknow,Home Decor,Cushion Iste,5,36402,2870,Credit Card
12066,29-03-2025,Taran Sharma,North,Chandigarh,Kitchen,Cookware Set Illo,5,54039,11664,Net Banking
12067,18-10-2024,Dhanuk Bhatnagar,East,Guwahati,Clothing,Women's Wear Magnam,20,14966,2805,Credit Card
12068,22-07-2025,Aarav Vaidya,West,Mumbai,Furniture,Table Perspiciatis,10,218171,32197,Debit Card
12069,24-05-2025,Rania Bir,North,Delhi,Groceries,Sugar Suscipit,5,377297,75188,Credit Card
12070,27-04-2024,Rania Vala,North,Jaipur,Toys,Puzzle Quos,15,71063,4326,Net Banking
12071,29-01-2024,Madhav Jha,East,Bhubaneswar,Toys,Action Figure Quidem,15,40321,7534,Net Banking
12072,24-07-2024,Lakshit Sarma,West,Ahmedabad,Sports,Yoga Mat Maxime,5,16782,2231,Debit Card
12073,15-05-2024,Aradhya Sethi,North,Delhi,Beauty,Lipstick Deleniti,0,35655,1892,Debit Card
12074,12-04-2025,Reyansh Dash,West,Mumbai,Groceries,Oil Laborum,5,2746,583,Debit Card
12075,05-09-2025,Urvi Chada,North,Amritsar,Home Decor,Clock Aliquam,20,58054,9054,COD
12076,16-07-2024,Hrishita Mangal,East,Kolkata,Home Decor,Wall Art Explicabo,0,300772,16853,Net Banking
12077,20-05-2024,Eshani Chopra,East,Guwahati,Beauty,Shampoo Commodi,15,171136,39687,COD
12078,29-04-2024,Dhanush Agate,North,Amritsar,Toys,Action Figure Praesentium,15,114252,27398,UPI
12079,12-12-2023,Jayant Kota,North,Chandigarh,Sports,Yoga Mat Laborum,10,140706,19746,Net Banking
12080,13-12-2024,Rati Mangal,West,Pune,Home Decor,Cushion Rem,10,343967,71314,Credit Card
12081,07-06-2024,Shray Karnik,East,Guwahati,Furniture,Bed Ipsa,15,141878,34615,Debit Card
12082,27-03-2025,Uthkarsh Dara,West,Ahmedabad,Sports,Football Occaecati,20,35565,6332,COD
12083,18-06-2024,Yakshit Garg,South,Hyderabad,Toys,Board Game Qui,5,66990,7861,UPI
12084,10-04-2025,Dhanush Kuruvilla,East,Ranchi,Toys,RC Car Dolorum,15,104356,22904,COD
12085,26-04-2025,Hazel Ramakrishnan,West,Pune,Sports,Football Iste,10,37690,2499,COD
12086,01-08-2025,Siya Chakrabarti,North,Delhi,Kitchen,Cookware Set Error,5,179934,40754,UPI
12087,22-11-2023,Nishith Sachar,West,Surat,Clothing,Accessories Nulla,15,24922,2430,UPI
12088,19-06-2024,Shalv Saha,West,Mumbai,Groceries,Oil Eveniet,0,60652,8463,UPI
12089,03-01-2025,Amira Sibal,South,Bangalore,Electronics,Camera Laboriosam,15,48568,8800,COD
12090,18-09-2025,Ishaan Krish,West,Goa,Clothing,Accessories Ipsam,10,238489,19509,COD
12091,31-05-2024,Badal Dhar,South,Bangalore,Sports,Tennis Racket Vero,5,214130,20872,Credit Card
12092,02-04-2025,Divyansh Bhattacharyya,North,Amritsar,Kitchen,Refrigerator Quasi,20,87038,21271,Net Banking
12093,07-07-2025,Miraan Bora,East,Kolkata,Home Decor,Cushion Rem,5,173616,40216,COD
12094,26-01-2024,Lakshit Kuruvilla,East,Patna,Electronics,Mobile Repudiandae,0,132264,27057,UPI
12095,11-11-2024,Neysa Bhasin,North,Delhi,Clothing,Men's Wear Voluptas,0,62548,10623,Credit Card
12096,05-05-2024,Eva Gopal,East,Patna,Groceries,Rice Tenetur,5,1334,73,Credit Card
12097,23-11-2023,Kiara Tank,West,Pune,Toys,Action Figure Quasi,5,140565,23009,Net Banking
12098,27-01-2025,Tanya Banerjee,East,Guwahati,Clothing,Women's Wear Vel,15,14413,1339,UPI
12099,19-11-2023,Hiran Khalsa,North,Delhi,Beauty,Face Cream Harum,20,23856,2508,UPI
12100,01-09-2024,Tushar Dutt,South,Bangalore,Electronics,Mobile Velit,10,133447,27311,Debit Card
12101,30-10-2024,Advika Borra,South,Bangalore,Clothing,Shoes Sint,0,44212,2947,Debit Card
12102,01-03-2024,Reyansh Singh,East,Patna,Home Decor,Cushion Maxime,20,81533,4699,Credit Card
12103,10-01-2025,Onkar Zachariah,South,Coimbatore,Furniture,Sofa Doloremque,5,91836,19859,Debit Card
12104,30-04-2024,Shlok Venkataraman,South,Bangalore,Toys,Action Figure Ullam,15,191903,44004,UPI
12105,05-02-2024,Lakshit D’Alia,South,Hyderabad,Sports,Football Veniam,10,173480,13901,Debit Card
12106,21-09-2025,Kaira Srinivas,South,Coimbatore,Groceries,Spices Quos,15,60195,10533,UPI
12107,04-11-2023,Vidur Deo,West,Surat,Kitchen,Juicer Delectus,20,81194,19540,Net Banking
12108,29-07-2024,Anya Korpal,South,Hyderabad,Home Decor,Cushion Doloribus,10,209315,50440,UPI
12109,10-12-2023,Saanvi Dara,North,Chandigarh,Kitchen,Refrigerator Exercitationem,5,203305,32804,Debit Card
12110,11-10-2024,Elakshi Dugar,North,Jaipur,Clothing,Kids Wear Praesentium,0,228305,54011,Debit Card
12111,26-06-2025,Lagan Iyer,South,Hyderabad,Clothing,Shoes Earum,0,11936,2485,Net Banking
12112,10-10-2023,Aarav Sankar,South,Hyderabad,Furniture,Cabinet Officia,15,111721,5915,UPI
12113,20-04-2025,Anvi Rattan,East,Patna,Toys,Board Game Omnis,5,23461,1481,UPI
12114,29-04-2025,Anay Ghosh,West,Goa,Beauty,Perfume Beatae,5,57732,5846,Debit Card
12115,11-03-2024,Kanav Badal,West,Surat,Books,Non-Fiction At,10,30474,4152,Net Banking
12116,04-11-2023,Indrans Rege,North,Chandigarh,Home Decor,Lamp Dolore,10,46444,2450,COD
12117,30-07-2025,Vaibhav Dey,West,Pune,Kitchen,Juicer Cum,15,16792,1037,UPI
12118,12-12-2023,Aaryahi Batta,West,Pune,Toys,Action Figure Dolore,10,11823,2568,COD
12119,15-01-2025,Devansh Buch,North,Chandigarh,Beauty,Perfume Animi,10,37593,8319,Net Banking
12120,16-07-2025,Kiaan Swamy,North,Lucknow,Beauty,Perfume Similique,10,57240,4778,UPI
12121,12-10-2024,Aarna Kota,West,Goa,Sports,Football Soluta,15,150537,30666,Net Banking
12122,28-01-2024,Charvi Amble,South,Hyderabad,Sports,Cricket Bat Quidem,5,80920,13853,Credit Card
12123,19-05-2025,Piya Sami,West,Surat,Books,Comics Doloremque,15,87340,19961,COD
12124,23-05-2025,Jhanvi Aggarwal,North,Lucknow,Home Decor,Vase Exercitationem,0,45096,4335,Credit Card
12125,04-07-2025,Jayan Desai,East,Guwahati,Toys,RC Car Possimus,20,13625,2127,Net Banking
12126,13-04-2024,Raghav Grewal,North,Lucknow,Furniture,Bed Enim,10,157666,30790,COD
12127,10-01-2024,Bhamini Doshi,North,Delhi,Beauty,Shampoo Vero,5,9280,1874,Debit Card
12128,28-03-2025,Lavanya Tella,North,Chandigarh,Sports,Cricket Bat Est,0,42576,9423,COD
12129,06-04-2025,Vanya Vig,East,Kolkata,Clothing,Men's Wear Culpa,0,77527,7657,Credit Card
12130,12-08-2024,Drishya Gill,North,Lucknow,Beauty,Shampoo Consequuntur,5,140459,31023,COD
12131,03-05-2025,Samaira Singhal,North,Delhi,Beauty,Shampoo Numquam,15,43440,8399,Credit Card
12132,05-09-2024,Nehmat Tiwari,North,Chandigarh,Toys,Doll Illum,20,177648,25633,COD
12133,15-09-2024,Aarush Doshi,South,Chennai,Kitchen,Cookware Set Distinctio,20,37045,4078,Debit Card
12134,19-12-2024,Ivana Vasa,North,Amritsar,Toys,RC Car Inventore,10,255317,54734,Debit Card
12135,28-10-2023,Anvi Bobal,West,Surat,Clothing,Women's Wear Nihil,10,177026,22467,Debit Card
12136,15-03-2024,Adira Chacko,East,Ranchi,Kitchen,Juicer Dignissimos,5,113567,14374,Debit Card
12137,20-10-2024,Anay Chad,South,Chennai,Books,Comics Sapiente,20,183679,33188,Credit Card
12138,30-01-2024,Adah Shroff,West,Goa,Home Decor,Clock Atque,10,64688,9687,UPI
12139,02-11-2023,Ranbir Balakrishnan,North,Lucknow,Toys,RC Car Odit,0,191217,36674,COD
12140,17-02-2025,Anya Lala,East,Bhubaneswar,Clothing,Shoes Repellat,0,145407,7390,Debit Card
12141,17-07-2024,Saanvi Wali,West,Mumbai,Home Decor,Wall Art Nostrum,5,57781,11145,Debit Card
12142,15-12-2024,Amira Chakraborty,South,Chennai,Kitchen,Juicer Facilis,15,101568,24764,Net Banking
12143,20-07-2025,Mamooty Balakrishnan,East,Patna,Clothing,Kids Wear Dolor,5,242858,40261,COD
12144,22-03-2024,Chirag Char,North,Chandigarh,Toys,Action Figure Accusantium,15,303616,70173,COD
12145,16-10-2023,Nakul Tella,North,Chandigarh,Home Decor,Vase Minus,20,47163,8202,UPI
12146,19-04-2025,Seher Chopra,South,Thiruvananthapuram,Home Decor,Vase Dolorem,20,57693,12205,Net Banking
12147,22-07-2024,Jayesh Bajaj,East,Kolkata,Clothing,Shoes Veritatis,5,218676,49813,COD
12148,14-03-2024,Vanya Bir,North,Amritsar,Clothing,Accessories Eaque,0,290548,37770,UPI
12149,03-12-2024,Jayan Bhakta,West,Pune,Sports,Cricket Bat Distinctio,15,80575,14639,Net Banking
12150,13-06-2025,Hrishita Luthra,East,Kolkata,Books,Fiction Quisquam,10,126776,24909,Debit Card
12151,01-05-2024,Rati Raju,North,Chandigarh,Home Decor,Cushion Consectetur,20,167700,12131,Debit Card
12152,13-03-2025,Chirag Bail,East,Ranchi,Sports,Cricket Bat Odit,20,80956,10317,Debit Card
12153,12-04-2025,Kiara Ahluwalia,North,Chandigarh,Electronics,Mobile Culpa,5,16550,856,UPI
12154,24-01-2024,Shalv Dutta,South,Coimbatore,Clothing,Women's Wear Odio,15,24735,5477,COD
12155,08-03-2024,Dharmajan Setty,East,Bhubaneswar,Furniture,Chair Officia,15,294130,44409,COD
12156,01-05-2024,Madhav Deo,West,Pune,Furniture,Table Numquam,15,129498,23265,Credit Card
12157,13-09-2024,Ranbir Babu,South,Chennai,Clothing,Women's Wear Quaerat,5,125962,30173,Net Banking
12158,08-10-2024,Lakshit Walia,South,Thiruvananthapuram,Clothing,Men's Wear Nobis,10,66990,16451,Net Banking
12159,17-08-2025,Anay Vaidya,South,Coimbatore,Clothing,Accessories Sunt,20,220720,39863,Debit Card
12160,24-10-2024,Kaira Acharya,West,Goa,Sports,Cricket Bat Sint,0,25464,1997,Net Banking
12161,18-10-2024,Armaan Bora,South,Chennai,Books,Biography Nihil,0,44367,6707,Debit Card
12162,15-01-2025,Kanav Shankar,North,Delhi,Furniture,Bed Iusto,0,176760,25858,Credit Card
12163,02-07-2024,Hridaan Bhatia,North,Jaipur,Groceries,Sugar Dolores,5,116651,8827,Credit Card
12164,29-04-2025,Aarav Ahuja,South,Coimbatore,Sports,Cricket Bat Excepturi,15,183855,38102,COD
12165,04-04-2024,Neelofar Ray,East,Kolkata,Furniture,Table Veritatis,15,240302,39889,UPI
12166,28-08-2024,Nitara Upadhyay,West,Pune,Toys,Doll Cupiditate,5,71491,9283,Net Banking
12167,28-03-2025,Charvi Mallick,North,Lucknow,Home Decor,Vase Animi,0,158716,38918,COD
12168,31-03-2024,Ishita Vyas,North,Delhi,Clothing,Accessories Quasi,15,184654,25042,Debit Card
12169,23-01-2025,Rhea Cherian,West,Mumbai,Home Decor,Wall Art Atque,15,123719,27011,UPI
12170,24-03-2025,Shanaya Ray,East,Guwahati,Furniture,Bed Et,5,44825,3162,Credit Card
12171,21-01-2024,Damini Vala,East,Kolkata,Books,Fiction Nostrum,5,181907,9477,Debit Card
12172,17-03-2025,Lakshay Devi,North,Jaipur,Books,Biography Illum,15,86928,14222,Net Banking
12173,24-05-2024,Vidur Tripathi,North,Chandigarh,Home Decor,Clock Optio,5,57236,10385,Debit Card
12174,29-03-2024,Alia Ray,North,Chandigarh,Electronics,Camera Debitis,5,112902,24805,Net Banking
12175,05-06-2025,Gokul Sawhney,West,Goa,Furniture,Cabinet Ea,20,233980,56095,UPI
12176,10-08-2024,Ryan Choudhry,North,Amritsar,Books,Textbook Error,20,24798,2699,Debit Card
12177,09-12-2024,Indrans Konda,East,Bhubaneswar,Home Decor,Wall Art Cum,10,327641,54717,Net Banking
12178,23-02-2024,Faiyaz Dayal,East,Patna,Home Decor,Vase Esse,20,61800,6873,COD
12179,22-04-2025,Advik Borde,East,Ranchi,Beauty,Perfume Assumenda,10,133853,22784,Debit Card
12180,13-09-2025,Hazel Barman,East,Patna,Clothing,Kids Wear Sit,10,359460,64220,COD
12181,09-12-2024,Nishith Tara,West,Surat,Books,Fiction Perferendis,0,142342,33034,COD
12182,03-02-2024,Yuvaan Raman,East,Guwahati,Electronics,Smartwatch Eum,0,109263,17686,Net Banking
12183,06-03-2025,Oorja Balakrishnan,East,Ranchi,Toys,Doll Tempore,20,94757,9992,Debit Card
12184,10-06-2025,Vihaan Chaudry,East,Guwahati,Furniture,Cabinet Magnam,0,164844,12852,UPI
12185,30-03-2024,Aarav Randhawa,West,Ahmedabad,Sports,Yoga Mat Cupiditate,5,99361,10639,UPI
12186,03-03-2024,Pranay Dey,South,Bangalore,Electronics,Headphones Qui,5,211066,28845,UPI
12187,22-12-2024,Pari Saini,East,Ranchi,Beauty,Perfume Facilis,0,188144,10687,UPI
12188,28-01-2024,Arnav Arya,East,Kolkata,Kitchen,Juicer Minus,0,131690,10872,COD
12189,14-08-2024,Dhanush Vyas,South,Bangalore,Beauty,Shampoo Corporis,15,44608,7828,Debit Card
12190,05-02-2025,Vedika Borde,West,Pune,Sports,Tennis Racket Facere,5,199109,20195,Debit Card
12191,26-01-2025,Aradhya Bhandari,South,Thiruvananthapuram,Electronics,Headphones Inventore,15,29746,2159,UPI
12192,17-11-2023,Veer Dugal,South,Thiruvananthapuram,Clothing,Men's Wear Praesentium,10,263435,53824,COD
12193,06-02-2024,Lakshay Raj,East,Bhubaneswar,Sports,Tennis Racket Corporis,5,48809,11535,COD
12194,29-10-2023,Tiya Jayaraman,North,Chandigarh,Groceries,Sugar Dicta,15,46692,10966,Net Banking
12195,26-09-2024,Advika Dhar,East,Ranchi,Books,Non-Fiction Nihil,15,266937,50474,UPI
12196,23-11-2024,Hrishita Tailor,South,Thiruvananthapuram,Sports,Tennis Racket Pariatur,20,27298,3135,Net Banking
12197,12-10-2023,Shlok Dave,West,Goa,Furniture,Sofa Sequi,10,6159,1494,Debit Card
12198,15-12-2024,Ishaan Rege,West,Surat,Home Decor,Clock Modi,0,10908,652,Credit Card
12199,14-09-2025,Trisha Lad,North,Amritsar,Electronics,Headphones Error,20,88093,12881,Net Banking
12200,05-07-2025,Reyansh Gill,West,Mumbai,Furniture,Chair Nisi,10,225148,32910,COD
12201,23-04-2024,Darshit Mand,North,Amritsar,Furniture,Bed Eos,5,5852,647,Debit Card
12202,23-04-2025,Riaan Bassi,North,Delhi,Clothing,Women's Wear Illum,15,254068,14389,Net Banking
12203,10-12-2024,Adira Choudhry,North,Jaipur,Kitchen,Cookware Set Corporis,0,17341,2656,Credit Card
12204,11-04-2025,Hrishita Kumar,North,Amritsar,Clothing,Shoes A,0,43547,2180,UPI
12205,27-02-2024,Mohanlal Rout,South,Bangalore,Sports,Cricket Bat Harum,15,18941,4681,UPI
12206,27-10-2023,Vritika Varma,West,Goa,Clothing,Kids Wear Illo,15,86751,8604,COD
12207,27-03-2025,Raghav Viswanathan,West,Goa,Toys,Doll Necessitatibus,15,132575,16701,Credit Card
12208,05-11-2024,Tiya Sarna,North,Delhi,Clothing,Accessories Ipsam,10,233667,36076,UPI
12209,22-03-2024,Manjari Agarwal,South,Bangalore,Beauty,Face Cream Libero,15,43358,8234,COD
12210,29-03-2025,Siya Banerjee,West,Goa,Beauty,Shampoo Est,5,58497,8993,Credit Card
12211,23-01-2024,Myra Rout,East,Kolkata,Sports,Dumbbells Quas,20,33581,5185,COD
12212,04-07-2025,Ivana Hayer,South,Chennai,Home Decor,Lamp Tempore,15,10947,1290,UPI
12213,25-05-2025,Tanya Kar,East,Ranchi,Books,Comics Perferendis,20,37418,2571,Credit Card
12214,23-01-2024,Tanya Gala,East,Guwahati,Groceries,Spices Alias,5,132111,18786,UPI
12215,07-03-2025,Piya Deshmukh,South,Bangalore,Home Decor,Cushion Aliquam,20,306948,64843,Net Banking
12216,03-09-2024,Umang Bail,North,Amritsar,Electronics,Camera Rem,5,157221,11773,Credit Card
12217,18-02-2025,Shalv Varughese,South,Coimbatore,Sports,Yoga Mat Natus,0,104490,20917,COD
12218,09-08-2025,Riya Dey,West,Goa,Furniture,Cabinet Cupiditate,15,103938,20419,Debit Card
12219,06-08-2024,Zaina Soman,North,Chandigarh,Home Decor,Clock Labore,5,25908,3411,Debit Card
12220,02-12-2023,Saira Kant,North,Jaipur,Kitchen,Refrigerator Adipisci,0,41168,9098,UPI
12221,14-06-2024,Aayush Krish,South,Hyderabad,Toys,RC Car Cupiditate,20,22338,1361,Net Banking
12222,11-12-2024,Badal Rajan,South,Thiruvananthapuram,Furniture,Cabinet Occaecati,20,136614,9703,Credit Card
12223,09-01-2025,Prisha Lalla,West,Mumbai,Sports,Cricket Bat Minima,10,21398,1454,Net Banking
12224,15-09-2025,Hansh Yadav,East,Ranchi,Electronics,Mobile Iste,5,168093,9290,UPI
12225,17-01-2025,Adira Sathe,South,Hyderabad,Electronics,Headphones Minus,20,49944,8637,Net Banking
12226,31-07-2024,Ehsaan Dugar,East,Ranchi,Sports,Football Expedita,5,368942,39518,Credit Card
12227,20-03-2025,Anahita Manne,West,Mumbai,Beauty,Foundation Non,5,60169,10761,COD
12228,17-11-2023,Sana Walia,South,Thiruvananthapuram,Electronics,Smartwatch Magni,10,123408,18240,Net Banking
12229,22-07-2024,Yasmin Kaul,West,Surat,Kitchen,Microwave Officia,15,6929,895,Credit Card
12230,21-08-2025,Divij Ray,West,Surat,Sports,Cricket Bat Unde,10,118850,29593,Debit Card
12231,30-12-2023,Anika Tata,West,Surat,Beauty,Lipstick Vero,20,27538,3394,Credit Card
12232,12-05-2025,Advik Choudhary,West,Surat,Groceries,Sugar Eius,0,132372,9159,Debit Card
12233,13-01-2025,Darshit Ahluwalia,East,Bhubaneswar,Clothing,Shoes Ad,20,8309,1406,Credit Card
12234,15-03-2024,Priyansh Badal,South,Hyderabad,Electronics,Laptop Eligendi,20,150041,11646,Debit Card
12235,24-11-2024,Bhavin Agate,North,Lucknow,Home Decor,Cushion Quos,20,311932,44766,COD
12236,28-11-2023,Kaira Rajagopalan,East,Bhubaneswar,Kitchen,Refrigerator Aut,10,2990,550,Net Banking
12237,26-06-2024,Inaaya  Doshi,South,Thiruvananthapuram,Clothing,Shoes Temporibus,0,47732,3952,Credit Card
12238,05-02-2024,Aniruddh Mangat,East,Bhubaneswar,Electronics,Mobile Numquam,0,25702,4306,Debit Card
12239,16-07-2025,Vidur Dutt,East,Patna,Home Decor,Clock Amet,20,58288,10180,COD
12240,26-09-2024,Navya Kibe,South,Coimbatore,Books,Biography Cupiditate,10,116368,8713,COD
12241,28-01-2024,Pranay Andra,West,Surat,Groceries,Spices Consequuntur,10,138713,22274,Net Banking
12242,23-09-2025,Devansh Borah,East,Guwahati,Books,Non-Fiction Iure,20,51214,6056,Debit Card
12243,04-10-2023,Ela Jain,South,Chennai,Sports,Yoga Mat Ab,0,56847,4260,Credit Card
12244,11-10-2023,Bhamini Doshi,West,Mumbai,Kitchen,Cookware Set Fugit,0,95004,11676,Credit Card
12245,16-01-2025,Vedika Gokhale,West,Mumbai,Sports,Football Pariatur,0,96524,20917,Credit Card
12246,27-12-2023,Jayesh Basak,East,Bhubaneswar,Electronics,Smartwatch Ipsam,10,70654,16910,UPI
12247,27-04-2025,Nehmat Krish,North,Lucknow,Toys,Puzzle Voluptatem,15,41223,2711,UPI
12248,31-05-2025,Riya Dasgupta,West,Ahmedabad,Beauty,Face Cream Fuga,15,82783,18138,Debit Card
12249,16-11-2023,Armaan Chaudhry,North,Lucknow,Groceries,Wheat Magnam,0,341830,20138,Debit Card
12250,07-08-2024,Alia Datta,West,Surat,Beauty,Foundation Perspiciatis,10,210765,15074,UPI
12251,21-11-2023,Rania Vohra,West,Ahmedabad,Toys,Doll Quasi,15,132934,17718,COD
12252,08-04-2024,Stuvan Dash,South,Hyderabad,Groceries,Spices Aut,0,51290,5415,COD
12253,01-03-2025,Navya Barman,North,Jaipur,Sports,Dumbbells Provident,15,11223,1010,Debit Card
12254,16-12-2023,Divit Jaggi,South,Bangalore,Electronics,Laptop Tenetur,0,19066,4208,Credit Card
12255,02-08-2025,Kiara Ratti,West,Ahmedabad,Groceries,Sugar Non,10,62663,4321,UPI
12256,07-01-2024,Sumer Sanghvi,North,Jaipur,Beauty,Shampoo Aperiam,10,216061,28678,Debit Card
12257,17-08-2025,Aradhya Krish,North,Chandigarh,Books,Biography Facilis,0,70175,16803,Net Banking
12258,10-05-2024,Vritika Dugal,South,Hyderabad,Books,Biography Atque,20,121701,11308,Credit Card
12259,21-11-2024,Jayan Bhatnagar,North,Chandigarh,Groceries,Rice Eum,10,82995,14335,COD
12260,20-08-2024,Faiyaz Gour,South,Bangalore,Groceries,Rice Quia,0,144320,9360,COD
12261,18-03-2025,Ela Gulati,East,Ranchi,Clothing,Women's Wear Quia,15,245188,52691,Net Banking
12262,05-12-2024,Yuvraj  Varma,West,Mumbai,Sports,Football Sit,10,110133,22334,Debit Card
12263,01-05-2024,Anaya Dara,East,Patna,Electronics,Mobile Laboriosam,5,16151,3687,COD
12264,16-03-2025,Mahika Kumar,West,Pune,Books,Fiction Natus,20,58486,12977,Net Banking
12265,26-11-2023,Mamooty Bir,South,Thiruvananthapuram,Toys,Action Figure At,20,6262,1313,COD
12266,22-05-2025,Gokul Kamdar,South,Chennai,Groceries,Oil Nisi,5,182762,11129,COD
12267,27-11-2023,Rasha Walia,West,Goa,Home Decor,Vase Nam,10,114637,10987,Debit Card
12268,08-06-2025,Kaira Doctor,East,Ranchi,Toys,RC Car Dolores,20,268128,23651,Credit Card
12269,24-03-2024,Samaira Krishnan,West,Goa,Sports,Tennis Racket Repellat,0,159970,25271,COD
12270,10-03-2024,Shalv Bava,East,Guwahati,Furniture,Bed Quaerat,10,257015,38066,UPI
12271,15-10-2024,Bhamini Deo,North,Chandigarh,Sports,Tennis Racket Debitis,10,44199,7158,UPI
12272,26-04-2024,Neysa Verma,West,Ahmedabad,Books,Biography Dignissimos,0,69114,10488,Credit Card
12273,06-06-2025,Akarsh Vora,West,Surat,Home Decor,Wall Art Facilis,20,44413,6884,Net Banking
12274,07-09-2025,Nirvi Virk,East,Kolkata,Home Decor,Cushion Distinctio,20,3346,233,UPI
12275,29-09-2025,Mahika Bir,East,Kolkata,Kitchen,Microwave Porro,5,331498,46855,Debit Card
12276,23-04-2025,Prerak Bhandari,South,Bangalore,Toys,Puzzle Eius,20,204256,12737,UPI
12277,20-04-2024,Abram Brar,North,Lucknow,Books,Non-Fiction Molestiae,0,271944,23717,Debit Card
12278,01-07-2024,Armaan Krishna,West,Goa,Home Decor,Lamp Quasi,15,124432,16099,Net Banking
12279,12-01-2025,Yuvraj  Subramanian,South,Hyderabad,Groceries,Spices Incidunt,10,50113,11463,Credit Card
12280,15-12-2023,Yasmin Sathe,East,Kolkata,Clothing,Shoes Deleniti,20,212205,52199,COD
12281,16-01-2025,Samiha Kumar,West,Ahmedabad,Clothing,Women's Wear Ullam,10,46382,11111,Debit Card
12282,24-08-2024,Miraya Majumdar,North,Lucknow,Groceries,Rice Quis,10,22350,2814,Debit Card
12283,01-07-2025,Charvi Bakshi,South,Chennai,Toys,Action Figure A,0,8245,1355,Credit Card
12284,28-05-2024,Divij Bajaj,West,Surat,Toys,Puzzle Alias,0,204261,49848,Net Banking
12285,20-12-2023,Alisha Kar,South,Coimbatore,Furniture,Chair Debitis,0,192032,41037,Credit Card
12286,11-11-2024,Hridaan Shroff,West,Pune,Toys,Board Game Blanditiis,10,233843,20446,Debit Card
12287,11-07-2025,Ahana  Sabharwal,South,Bangalore,Clothing,Kids Wear Sint,10,42493,6678,Debit Card
12288,12-05-2025,Pranay Kohli,West,Goa,Clothing,Men's Wear Eveniet,10,30585,3316,Net Banking
12289,30-03-2024,Mohanlal Ratti,North,Chandigarh,Electronics,Smartwatch Harum,15,25028,4540,COD
12290,27-09-2024,Krish Chaudry,South,Chennai,Groceries,Rice Alias,5,1528,239,Debit Card
12291,01-04-2024,Dhruv Deo,East,Patna,Electronics,Headphones Numquam,0,43020,10233,COD
12292,17-05-2025,Shlok Raja,South,Chennai,Clothing,Women's Wear Rerum,0,179280,10695,Net Banking
12293,28-08-2024,Eshani Vohra,West,Ahmedabad,Beauty,Lipstick Doloremque,5,142616,7164,Net Banking
12294,10-06-2025,Krish Wali,East,Guwahati,Sports,Yoga Mat Praesentium,15,30049,4247,Credit Card
12295,15-05-2024,Kaira Sane,East,Ranchi,Groceries,Oil Optio,10,26924,3448,Debit Card
12296,21-05-2024,Nehmat Gill,East,Bhubaneswar,Groceries,Oil Non,15,88978,7338,UPI
12297,18-03-2024,Saira Comar,West,Surat,Kitchen,Juicer Nemo,10,155358,18268,COD
12298,01-02-2025,Misha Andra,North,Amritsar,Furniture,Table Voluptate,0,51339,9921,Net Banking
12299,12-05-2024,Rati Mall,North,Lucknow,Toys,Doll Ipsa,0,56140,4889,COD
12300,24-10-2023,Hiran Bahl,South,Chennai,Furniture,Table Ipsa,0,18208,3977,Credit Card
12301,26-11-2023,Vaibhav Krishna,East,Ranchi,Books,Non-Fiction Magni,10,33780,6446,Net Banking
12302,04-06-2025,Gokul Kale,North,Delhi,Sports,Tennis Racket Fugiat,10,210427,37602,UPI
12303,31-05-2024,Bhamini Balakrishnan,East,Patna,Electronics,Laptop Voluptatem,5,65978,5468,COD
12304,08-09-2024,Myra Baria,North,Chandigarh,Toys,Action Figure Ab,10,142270,29486,Credit Card
12305,05-10-2023,Nishith Banik,East,Patna,Clothing,Shoes Quo,5,118178,23352,Credit Card
12306,04-01-2024,Shaan Korpal,East,Patna,Furniture,Cabinet Consequatur,5,226190,48700,UPI
12307,06-01-2025,Zeeshan Das,East,Bhubaneswar,Books,Non-Fiction Repellendus,20,51140,6945,Debit Card
12308,28-02-2025,Akarsh Korpal,East,Ranchi,Clothing,Women's Wear Quasi,20,68752,15182,Net Banking
12309,20-04-2025,Saanvi Bala,East,Kolkata,Groceries,Spices Fugit,15,26727,6442,UPI
12310,23-06-2025,Armaan Karan,West,Goa,Beauty,Perfume Cupiditate,15,65530,13283,Debit Card
12311,02-07-2024,Sana Borra,North,Amritsar,Books,Non-Fiction Quam,15,46733,3796,Net Banking
12312,31-08-2024,Indrajit Majumdar,South,Hyderabad,Electronics,Mobile Ea,0,43437,8394,UPI
12313,25-08-2025,Devansh Shukla,East,Patna,Beauty,Foundation Corporis,20,19850,3654,Net Banking
12314,17-08-2025,Ehsaan Andra,East,Ranchi,Electronics,Smartwatch Esse,5,129491,17007,COD
12315,19-10-2024,Shamik Rout,North,Amritsar,Home Decor,Lamp Autem,10,45513,7594,COD
12316,20-08-2025,Hansh Thaker,South,Hyderabad,Groceries,Sugar Magnam,20,16018,2801,Credit Card
12317,06-01-2025,Sumer Gour,West,Surat,Beauty,Shampoo Quos,5,103678,15197,Net Banking
12318,29-07-2025,Aaina Ramanathan,North,Jaipur,Groceries,Sugar Eveniet,20,57502,6994,Credit Card
12319,07-09-2025,Taran Tiwari,South,Bangalore,Clothing,Men's Wear Aliquid,10,24303,3186,COD
12320,20-10-2024,Madhav De,West,Mumbai,Groceries,Spices Suscipit,15,160171,39646,COD
12321,02-12-2024,Damini Grover,South,Hyderabad,Electronics,Headphones Unde,0,126420,23780,Net Banking
12322,13-10-2023,Vedika Sodhi,East,Guwahati,Groceries,Wheat Perspiciatis,10,111308,6914,Net Banking
12323,15-11-2023,Parinaaz Ratti,East,Patna,Furniture,Chair Possimus,20,155998,30650,Credit Card
12324,09-02-2024,Eshani Balay,East,Ranchi,Books,Fiction Officiis,20,9347,862,COD
12325,07-04-2024,Dhanuk Aggarwal,South,Chennai,Sports,Yoga Mat Ex,15,130037,7176,UPI
12326,02-03-2025,Abram Gara,South,Hyderabad,Kitchen,Microwave Iste,0,26063,4376,Credit Card
12327,13-05-2025,Sana Borde,East,Patna,Beauty,Perfume A,10,80987,7994,Net Banking
12328,07-12-2023,Jivin Choudhry,North,Lucknow,Home Decor,Cushion Necessitatibus,15,78713,5221,Debit Card
12329,18-05-2025,Hazel Ratti,North,Chandigarh,Kitchen,Mixer Grinder Occaecati,5,75696,17455,UPI
12330,25-06-2024,Aniruddh Savant,West,Pune,Toys,Puzzle Nesciunt,20,117059,8083,COD
12331,06-09-2024,Vardaniya Tella,North,Chandigarh,Electronics,Headphones Totam,10,339845,82804,COD
12332,12-06-2025,Gatik Chahal,South,Bangalore,Kitchen,Microwave Voluptates,0,26000,3546,Debit Card
12333,14-03-2025,Saanvi Babu,West,Mumbai,Kitchen,Cookware Set Quasi,0,196125,25078,COD
12334,11-02-2024,Shaan Bose,East,Guwahati,Groceries,Rice Illo,5,210667,29581,Debit Card
12335,28-09-2024,Mahika Sen,East,Patna,Books,Non-Fiction Aliquam,20,179728,40738,Debit Card
12336,19-10-2023,Ehsaan Saxena,South,Chennai,Groceries,Sugar Iusto,10,114712,18919,COD
12337,15-07-2024,Neysa Magar,South,Bangalore,Furniture,Bed Maxime,0,98224,17744,Debit Card
12338,07-11-2023,Bhavin Wagle,East,Patna,Sports,Yoga Mat Delectus,5,180080,25040,Debit Card
12339,07-07-2025,Ishaan Kalla,West,Pune,Home Decor,Wall Art Veniam,0,372330,68749,COD
12340,20-02-2024,Aaina Shukla,South,Chennai,Books,Non-Fiction Possimus,5,106972,18381,Debit Card
12341,13-12-2023,Vedika Gola,West,Pune,Kitchen,Refrigerator Illum,10,174042,26546,COD
12342,17-01-2025,Indrans Ram,North,Jaipur,Home Decor,Wall Art Ipsa,10,239297,14656,Credit Card
12343,06-05-2024,Anaya D’Alia,South,Bangalore,Sports,Dumbbells Enim,15,29542,6397,Debit Card
12344,10-11-2023,Anahi Chakraborty,North,Delhi,Groceries,Spices Incidunt,10,41768,2494,Net Banking
12345,20-03-2024,Mahika Zacharia,South,Thiruvananthapuram,Kitchen,Mixer Grinder Impedit,0,120090,20012,Debit Card
12346,02-04-2024,Manikya Shukla,West,Surat,Books,Fiction Tempora,15,7392,1077,COD
12347,31-03-2025,Vidur Khurana,East,Ranchi,Furniture,Bed Dolores,20,43391,9543,UPI
12348,03-09-2024,Rasha Buch,East,Bhubaneswar,Toys,Board Game A,15,540,69,Debit Card
12349,12-04-2024,Adira Mahal,North,Lucknow,Clothing,Accessories Eveniet,5,43892,6700,COD
12350,29-08-2025,Baiju Lad,West,Ahmedabad,Kitchen,Juicer Earum,20,56834,6724,Debit Card
12351,13-07-2024,Ritvik Varma,North,Lucknow,Electronics,Headphones Aliquid,10,243911,48980,COD
12352,30-01-2024,Jiya Swaminathan,South,Coimbatore,Beauty,Face Cream Odio,5,27286,3776,Debit Card
12353,29-10-2023,Dhanush Balay,West,Surat,Toys,Puzzle Temporibus,5,6170,1520,COD
12354,10-07-2024,Vedika Krishnan,East,Patna,Furniture,Bed Dolorem,20,18400,971,Debit Card
12355,09-11-2024,Rohan Dada,North,Jaipur,Kitchen,Refrigerator Sapiente,20,118797,24381,Net Banking
12356,18-05-2024,Devansh Kanda,East,Patna,Books,Non-Fiction Quis,5,314008,48260,Debit Card
12357,15-11-2023,Ayesha Dhawan,West,Mumbai,Books,Textbook Numquam,0,5064,382,Credit Card
12358,06-09-2024,Anvi Din,West,Ahmedabad,Toys,Board Game Sequi,5,141894,9116,Net Banking
12359,26-05-2025,Dhanush Srinivasan,East,Ranchi,Clothing,Accessories Quos,20,80297,9175,Net Banking
12360,19-10-2024,Manjari Doshi,South,Coimbatore,Books,Non-Fiction Doloremque,15,24665,4789,Credit Card
12361,08-10-2023,Yuvaan Grover,South,Bangalore,Sports,Yoga Mat Nulla,0,86980,4960,COD
12362,28-03-2025,Lakshit Yadav,West,Mumbai,Sports,Tennis Racket Laboriosam,15,5595,1288,Credit Card
12363,08-08-2024,Saira Kakar,North,Jaipur,Books,Fiction Magnam,5,192332,16747,COD
12364,14-01-2024,Yashvi Chandran,North,Jaipur,Furniture,Cabinet Minima,20,59842,13616,Credit Card
12365,04-04-2024,Vedika Dugal,North,Jaipur,Toys,Puzzle Corrupti,15,15640,3775,Net Banking
12366,17-01-2024,Vivaan Bassi,South,Thiruvananthapuram,Furniture,Cabinet Voluptate,15,43462,10140,Net Banking
12367,21-01-2024,Armaan Taneja,North,Jaipur,Furniture,Bed Incidunt,20,59966,14461,Credit Card
12368,27-10-2024,Ritvik Mangat,South,Coimbatore,Kitchen,Mixer Grinder Aut,20,111979,22883,Credit Card
12369,26-08-2025,Jhanvi Mander,South,Bangalore,Books,Biography Temporibus,15,161061,27411,Debit Card
12370,21-12-2024,Advika Kala,East,Guwahati,Beauty,Shampoo Deserunt,20,63570,13240,Debit Card
12371,01-04-2025,Kiara D’Alia,East,Ranchi,Groceries,Wheat Blanditiis,0,269504,15499,Debit Card
12372,30-10-2023,Jivin Bhandari,West,Surat,Kitchen,Juicer Nam,20,145272,14862,Credit Card
12373,12-03-2024,Samaira Buch,East,Ranchi,Home Decor,Vase Perferendis,15,141572,10032,Credit Card
12374,13-03-2024,Shlok Singhal,East,Guwahati,Books,Non-Fiction Deserunt,0,56897,4721,Net Banking
12375,30-01-2024,Dishani Ramaswamy,South,Hyderabad,Kitchen,Cookware Set Vel,0,39541,3942,Debit Card
12376,28-09-2024,Hrishita Dugal,East,Kolkata,Furniture,Chair Nobis,5,71546,8448,UPI
12377,09-11-2024,Hazel Kibe,West,Goa,Sports,Dumbbells Deserunt,10,180657,11945,Credit Card
12378,31-12-2023,Aaina Balasubramanian,South,Hyderabad,Furniture,Sofa Natus,20,158877,23211,UPI
12379,09-11-2023,Saira Mangat,West,Ahmedabad,Clothing,Kids Wear Commodi,15,20010,1605,Net Banking
12380,31-01-2024,Shlok Ratta,West,Surat,Books,Comics Suscipit,0,100322,20051,COD
12381,24-12-2024,Ela Tak,East,Guwahati,Clothing,Women's Wear Cupiditate,20,90010,7857,UPI
12382,10-12-2023,Rania Reddy,West,Mumbai,Sports,Football Harum,10,218196,38301,Net Banking
12383,21-02-2025,Heer Balan,East,Guwahati,Beauty,Shampoo Voluptate,5,55144,5719,UPI
12384,27-06-2025,Aradhya Bava,South,Thiruvananthapuram,Books,Textbook Cumque,5,90246,10920,Credit Card
12385,09-10-2023,Madhav Jain,West,Goa,Groceries,Sugar Voluptatibus,10,68418,11370,COD
12386,05-01-2025,Samaira Raj,East,Ranchi,Books,Comics Blanditiis,20,170419,16963,Credit Card
12387,16-09-2024,Piya Borde,East,Guwahati,Groceries,Spices At,10,52688,8917,UPI
12388,30-11-2023,Aradhya Lall,South,Bangalore,Clothing,Men's Wear Ullam,10,58635,11661,UPI
12389,07-05-2024,Shayak Handa,North,Jaipur,Groceries,Sugar Aliquam,15,39994,6683,Net Banking
12390,25-02-2025,Vidur Vala,North,Jaipur,Beauty,Perfume Quibusdam,15,54944,10985,COD
12391,02-11-2023,Rati Sur,North,Amritsar,Sports,Cricket Bat Molestias,5,13729,831,Credit Card
12392,27-03-2025,Riaan Garde,West,Mumbai,Beauty,Face Cream Tenetur,5,80666,8649,Credit Card
12393,11-08-2024,Hunar Krishnan,North,Amritsar,Sports,Football Ex,20,42798,5164,COD
12394,31-05-2024,Anahi Choudhry,North,Amritsar,Kitchen,Refrigerator Asperiores,10,3897,316,Credit Card
12395,23-05-2024,Yuvaan Aurora,North,Jaipur,Books,Biography Optio,15,116863,28129,Credit Card
12396,20-02-2025,Shamik Zachariah,South,Thiruvananthapuram,Clothing,Women's Wear Culpa,0,105320,15691,Net Banking
12397,15-11-2023,Shayak Sha,West,Pune,Electronics,Headphones Sed,20,60701,7217,UPI
12398,26-09-2024,Samaira Vala,South,Chennai,Clothing,Women's Wear Exercitationem,20,37080,6557,Credit Card
12399,17-04-2024,Miraan Roy,South,Thiruvananthapuram,Sports,Yoga Mat Accusamus,10,163215,30674,COD
12400,17-08-2024,Pari Shukla,North,Lucknow,Sports,Cricket Bat Eius,20,275228,64283,Debit Card
12401,17-06-2025,Vihaan Saran,North,Delhi,Home Decor,Vase Sit,20,68364,9006,Debit Card
12402,05-02-2025,Sahil Bandi,East,Ranchi,Furniture,Bed Ratione,0,52512,7967,Debit Card
12403,24-03-2025,Kiara Chand,East,Patna,Home Decor,Vase Iure,5,247505,19976,Credit Card
12404,05-05-2024,Ritvik Upadhyay,East,Bhubaneswar,Sports,Yoga Mat Totam,0,30570,3681,COD
12405,25-02-2025,Miraan Banerjee,South,Bangalore,Toys,Action Figure Distinctio,5,116651,28885,Net Banking
12406,22-02-2024,Tushar Arya,North,Jaipur,Groceries,Rice Culpa,15,291138,35054,UPI
12407,30-10-2024,Vivaan Dhingra,North,Jaipur,Toys,Puzzle Quis,5,21426,3630,UPI
12408,27-11-2023,Yakshit Borde,South,Coimbatore,Furniture,Table Atque,5,240996,22125,Debit Card
12409,10-08-2025,Rania Date,East,Patna,Toys,RC Car Accusamus,20,5689,580,UPI
12410,25-10-2024,Ahana  Deep,South,Chennai,Electronics,Laptop Asperiores,10,16053,2296,Net Banking
12411,17-04-2024,Mishti Singh,South,Coimbatore,Home Decor,Clock In,5,51135,8841,UPI
12412,30-07-2025,Azad Tak,North,Delhi,Home Decor,Vase In,15,46437,6423,Net Banking
12413,05-04-2024,Piya Saxena,West,Surat,Toys,Board Game Natus,15,198344,40562,COD
12414,08-11-2023,Tushar Balay,East,Patna,Furniture,Sofa Ad,5,191990,20012,Net Banking
12415,05-05-2024,Veer Mander,South,Chennai,Kitchen,Mixer Grinder Iure,10,1384,281,UPI
12416,20-10-2023,Priyansh Som,East,Bhubaneswar,Home Decor,Wall Art At,10,120123,7515,COD
12417,22-05-2025,Badal Maharaj,West,Goa,Furniture,Chair Quidem,0,190623,43196,Debit Card
12418,02-11-2024,Ishita Gour,West,Goa,Furniture,Cabinet Nostrum,15,205503,34720,Debit Card
12419,10-05-2024,Eshani Kashyap,South,Coimbatore,Groceries,Sugar Reiciendis,0,187605,38478,Net Banking
12420,04-04-2024,Renee Borah,North,Chandigarh,Beauty,Perfume Neque,15,184663,43666,Net Banking
12421,31-03-2025,Saksham Viswanathan,South,Bangalore,Furniture,Cabinet Porro,5,57536,4627,COD
12422,31-05-2025,Adira Krishna,East,Guwahati,Toys,RC Car Blanditiis,10,166072,20406,Credit Card
12423,05-03-2025,Reyansh Toor,West,Mumbai,Clothing,Women's Wear Vitae,20,30002,6677,Credit Card
12424,05-12-2024,Fateh Rajagopal,East,Guwahati,Clothing,Kids Wear Ab,20,143782,32188,Credit Card
12425,06-03-2025,Gokul Ramaswamy,South,Chennai,Home Decor,Cushion Error,10,6176,376,UPI
12426,03-12-2024,Saksham Goyal,North,Delhi,Books,Comics Quibusdam,10,17459,1488,Net Banking
12427,04-05-2025,Vihaan Bora,South,Chennai,Kitchen,Mixer Grinder Nobis,10,260978,56512,UPI
12428,29-06-2024,Sara Kalita,South,Coimbatore,Electronics,Laptop A,10,3162,596,Credit Card
12429,15-02-2024,Yasmin Bhandari,South,Chennai,Toys,Board Game Iusto,20,118765,15381,Credit Card
12430,28-04-2024,Tushar Iyengar,East,Guwahati,Kitchen,Refrigerator Hic,10,14321,1615,COD
12431,10-12-2023,Krish Warrior,East,Ranchi,Books,Comics Tempora,15,115498,15757,Credit Card
12432,01-10-2025,Ishita Wali,South,Bangalore,Electronics,Mobile Distinctio,15,22576,4206,Debit Card
12433,16-03-2025,Gatik Shan,West,Goa,Books,Biography Corrupti,5,9055,991,Debit Card
12434,07-01-2024,Purab Chadha,North,Lucknow,Groceries,Sugar Qui,0,44779,9489,UPI
12435,13-12-2023,Dishani Sastry,East,Guwahati,Toys,Doll Molestias,10,1501,198,Net Banking
12436,25-10-2023,Navya Sachar,North,Jaipur,Toys,Board Game Tenetur,15,94184,12135,UPI
12437,01-08-2025,Urvi Loyal,West,Surat,Books,Textbook Sunt,10,7312,1572,Debit Card
12438,16-01-2025,Shalv Kapoor,South,Hyderabad,Toys,Action Figure Nisi,10,28400,2922,Debit Card
12439,01-02-2024,Tiya Balan,South,Coimbatore,Sports,Tennis Racket Repudiandae,15,59877,6519,Credit Card
12440,22-11-2024,Samaira Saxena,East,Bhubaneswar,Kitchen,Microwave Minus,15,135072,22384,COD
12441,29-01-2025,Aaryahi Tiwari,East,Patna,Books,Non-Fiction Possimus,5,155420,12411,Credit Card
12442,13-09-2024,Yasmin Raval,East,Bhubaneswar,Kitchen,Cookware Set Non,5,43510,9155,COD
12443,06-05-2024,Alisha Sankaran,East,Kolkata,Books,Non-Fiction Officiis,0,30660,4219,UPI
12444,30-06-2024,Lakshit Korpal,East,Bhubaneswar,Kitchen,Cookware Set Unde,10,52738,8816,Credit Card
12445,06-06-2025,Ritvik Kapur,East,Bhubaneswar,Clothing,Men's Wear Natus,0,26149,5802,Debit Card
12446,18-11-2024,Trisha Raman,East,Patna,Sports,Dumbbells Atque,0,99334,18321,Net Banking
12447,26-09-2024,Nayantara Goel,East,Ranchi,Clothing,Kids Wear Cumque,10,10893,691,UPI
12448,21-12-2024,Shlok Dewan,North,Amritsar,Clothing,Shoes Vero,5,320278,58964,Debit Card
12449,28-01-2025,Pihu Acharya,North,Amritsar,Home Decor,Lamp Minima,20,107554,16000,UPI
12450,18-02-2025,Rati Chhabra,North,Chandigarh,Toys,Puzzle Sapiente,15,172071,22326,COD
12451,31-12-2023,Miraan Sachar,South,Hyderabad,Groceries,Wheat Commodi,15,119235,7584,COD
12452,03-07-2024,Anahi Sahni,North,Chandigarh,Kitchen,Microwave Id,15,97529,9134,Debit Card
12453,12-02-2025,Azad Roy,West,Goa,Kitchen,Mixer Grinder Totam,10,137754,19605,Credit Card
12454,06-08-2025,Dharmajan Lal,West,Pune,Electronics,Mobile Nostrum,20,84576,10975,UPI
12455,16-03-2025,Sana Agarwal,North,Amritsar,Sports,Yoga Mat Odit,20,106966,14285,COD
12456,08-09-2025,Arnav Kurian,North,Chandigarh,Furniture,Chair Sapiente,10,50415,2587,Credit Card
12457,20-10-2024,Neysa Sura,East,Bhubaneswar,Furniture,Sofa Maiores,5,140771,26034,Credit Card
12458,23-02-2024,Raghav Ramaswamy,East,Guwahati,Home Decor,Lamp Animi,20,81242,13948,Net Banking
12459,26-01-2024,Kiara Krishnamurthy,East,Kolkata,Kitchen,Mixer Grinder Quidem,10,103558,6893,Credit Card
12460,29-09-2025,Saira Vala,North,Amritsar,Electronics,Headphones Reiciendis,10,313016,46084,Credit Card
12461,02-11-2023,Shanaya Rout,North,Delhi,Clothing,Women's Wear Distinctio,10,8588,2056,Net Banking
12462,08-03-2024,Misha Singh,East,Guwahati,Groceries,Sugar Laborum,10,7607,515,Net Banking
12463,26-06-2025,Aayush Banerjee,West,Goa,Furniture,Bed Iusto,10,15938,3912,Net Banking
12464,12-11-2023,Alia Raju,East,Guwahati,Electronics,Laptop Impedit,10,54463,4180,COD
12465,25-05-2025,Tejas Kulkarni,West,Pune,Books,Biography Ratione,20,134362,13024,UPI
12466,24-12-2024,Aniruddh Kade,East,Guwahati,Groceries,Sugar Nostrum,0,58032,14341,COD
12467,02-06-2025,Kashvi Choudhury,East,Kolkata,Toys,Board Game Optio,5,24823,3656,UPI
12468,27-05-2025,Uthkarsh Kohli,West,Goa,Electronics,Smartwatch Error,10,272340,36097,COD
12469,20-03-2025,Emir Sandhu,North,Lucknow,Toys,Puzzle Consectetur,10,15838,2736,COD
12470,02-05-2024,Madhup Kuruvilla,East,Bhubaneswar,Sports,Yoga Mat Magnam,5,51532,4152,Debit Card
12471,15-01-2024,Ishaan Manne,North,Chandigarh,Kitchen,Microwave Ipsum,0,290836,32502,Credit Card
12472,26-03-2025,Devansh Dayal,South,Coimbatore,Beauty,Lipstick Facilis,0,377080,86486,COD
12473,30-06-2024,Adah Bhatnagar,North,Jaipur,Home Decor,Cushion Mollitia,10,47515,6505,Debit Card
12474,02-03-2024,Lakshay Arya,South,Thiruvananthapuram,Kitchen,Refrigerator Numquam,10,46607,3538,Debit Card
12475,11-03-2025,Ishaan Behl,South,Chennai,Kitchen,Microwave Neque,15,40116,4507,Debit Card
12476,15-01-2025,Taimur Jani,South,Chennai,Books,Fiction Incidunt,10,248206,33922,Net Banking
12477,13-10-2024,Advik Barman,South,Coimbatore,Kitchen,Refrigerator Voluptatum,15,57024,13475,Net Banking
12478,18-11-2024,Mohanlal Deshmukh,North,Jaipur,Clothing,Men's Wear Deleniti,10,21184,3521,Net Banking
12479,21-03-2025,Nitya Ray,East,Kolkata,Sports,Cricket Bat Asperiores,5,279514,53167,Debit Card
12480,15-11-2023,Hansh Borah,North,Chandigarh,Sports,Football Quam,10,45014,5198,COD
12481,23-04-2025,Vedika Varma,West,Surat,Electronics,Smartwatch Perspiciatis,20,203352,10664,UPI
12482,31-12-2024,Eshani Swaminathan,North,Lucknow,Electronics,Laptop Consequuntur,20,18787,3486,Net Banking
12483,10-05-2025,Diya Chakrabarti,South,Thiruvananthapuram,Groceries,Spices Quos,10,62311,13947,Debit Card
12484,18-08-2024,Ishita Guha,East,Bhubaneswar,Books,Biography Rem,15,48125,2447,COD
12485,13-05-2024,Gatik Choudhury,West,Goa,Sports,Yoga Mat Adipisci,20,40042,7720,COD
12486,13-07-2025,Rania Chakraborty,West,Ahmedabad,Books,Fiction Nobis,0,131424,26792,UPI
12487,13-02-2025,Baiju Dara,West,Pune,Clothing,Women's Wear Accusamus,0,178492,31486,Debit Card
12488,15-02-2025,Indrans Dhar,North,Jaipur,Furniture,Sofa Sed,10,173167,40443,Debit Card
12489,22-04-2024,Hansh Bhandari,East,Ranchi,Home Decor,Clock Officiis,0,210268,33643,COD
12490,01-08-2024,Lakshay Kara,East,Bhubaneswar,Clothing,Kids Wear Laudantium,10,24120,3562,Net Banking
12491,19-01-2025,Nirvi Manda,South,Bangalore,Kitchen,Cookware Set Quod,20,88662,7143,Net Banking
12492,06-10-2024,Farhan Mallick,South,Thiruvananthapuram,Home Decor,Clock Facilis,15,97152,6364,UPI
12493,08-05-2025,Faiyaz Chadha,North,Lucknow,Books,Non-Fiction Modi,15,24820,4229,Net Banking
12494,26-04-2024,Lavanya Lad,East,Ranchi,Books,Comics Delectus,20,130019,23458,Credit Card
12495,20-05-2024,Hazel Dyal,East,Guwahati,Home Decor,Lamp Ad,10,27570,6421,Credit Card
12496,12-08-2024,Reyansh Goel,South,Bangalore,Home Decor,Cushion Eum,0,31916,4814,UPI
12497,14-10-2023,Anahita Taneja,South,Chennai,Clothing,Women's Wear At,5,143173,9569,Credit Card
12498,05-03-2025,Ela Chokshi,West,Pune,Toys,Puzzle At,5,170299,27186,UPI
12499,21-05-2024,Tushar Aurora,North,Amritsar,Clothing,Accessories Occaecati,20,81725,6694,Debit Card
12500,27-03-2024,Lagan Som,North,Chandigarh,Clothing,Kids Wear Voluptatem,0,43378,3355,UPI
12501,04-09-2025,Kaira Bhatia,North,Delhi,Electronics,Laptop Laboriosam,5,34689,4141,COD
12502,24-10-2024,Amani Keer,South,Coimbatore,Home Decor,Wall Art Officiis,5,74462,5327,Debit Card
12503,27-01-2024,Yakshit Chakraborty,North,Lucknow,Beauty,Perfume Repudiandae,15,259036,13022,COD
12504,17-12-2024,Riya Mander,South,Bangalore,Groceries,Wheat Optio,5,131148,27106,UPI
12505,03-10-2025,Heer Banik,North,Jaipur,Groceries,Oil Repellendus,10,102049,9696,Net Banking
12506,10-05-2025,Gokul Kaur,West,Surat,Toys,Board Game Quae,15,130077,27960,Credit Card
12507,15-02-2025,Biju Kalita,South,Chennai,Books,Non-Fiction Accusantium,20,86621,5149,Net Banking
12508,03-02-2025,Jivika Dey,North,Jaipur,Toys,Puzzle Quos,0,137878,30886,COD
12509,05-12-2024,Vanya Saha,North,Amritsar,Groceries,Rice Hic,15,116918,6166,Credit Card
12510,15-01-2024,Anvi Behl,North,Lucknow,Furniture,Sofa Sunt,15,183094,45442,Credit Card
12511,09-05-2024,Charvi Desai,West,Surat,Electronics,Laptop Consectetur,0,34074,3207,COD
12512,27-05-2024,Oorja Kapoor,West,Ahmedabad,Furniture,Bed Reprehenderit,0,119426,10673,Net Banking
12513,29-02-2024,Anahita Krishna,East,Patna,Groceries,Oil Mollitia,20,23496,1330,Debit Card
12514,02-08-2024,Ojas Srinivasan,West,Mumbai,Toys,Board Game Similique,20,169069,8471,Credit Card
12515,08-08-2024,Shray Sarma,North,Amritsar,Clothing,Women's Wear Mollitia,0,233160,25127,UPI
12516,14-12-2023,Amira Chander,East,Guwahati,Kitchen,Cookware Set In,10,12368,2121,COD
12517,17-08-2024,Bhamini Rama,South,Chennai,Clothing,Women's Wear Inventore,10,79650,8004,COD
12518,15-09-2025,Kartik Chandran,North,Delhi,Clothing,Women's Wear Optio,20,99368,5210,Credit Card
12519,23-08-2025,Miraya Edwin,South,Coimbatore,Books,Non-Fiction Soluta,0,191613,18990,COD
12520,06-07-2024,Tushar Jain,West,Goa,Beauty,Face Cream Pariatur,20,127917,20456,UPI
12521,31-07-2024,Samiha Tata,South,Chennai,Books,Biography Nulla,0,78052,9133,Credit Card
12522,15-07-2024,Oorja Arora,West,Mumbai,Beauty,Perfume Doloribus,20,168650,34609,Debit Card
12523,23-10-2024,Riaan Rattan,West,Pune,Books,Comics Consequuntur,10,59369,12497,COD
12524,23-02-2024,Mamooty Dube,East,Guwahati,Clothing,Men's Wear Non,0,18964,3503,Net Banking
12525,07-05-2024,Mamooty Raman,South,Coimbatore,Sports,Tennis Racket Optio,5,133326,18817,COD
12526,07-08-2024,Samiha Badami,South,Chennai,Home Decor,Lamp Temporibus,15,229986,25859,COD
12527,25-01-2025,Mehul Kar,West,Surat,Kitchen,Cookware Set Nemo,20,73190,15284,Credit Card
12528,07-08-2025,Miraya Tella,West,Surat,Kitchen,Juicer Quos,15,94952,6873,Net Banking
12529,30-05-2024,Raghav Rege,South,Hyderabad,Groceries,Spices Hic,15,205084,26312,Net Banking
12530,19-03-2025,Fateh Madan,North,Jaipur,Groceries,Oil Perspiciatis,10,136400,17051,UPI
12531,01-09-2024,Samar Kaur,West,Pune,Home Decor,Lamp Tempore,20,17898,1549,UPI
12532,20-02-2025,Amira Ghosh,West,Goa,Clothing,Accessories Porro,0,47178,10818,Credit Card
12533,18-12-2023,Hunar Chowdhury,North,Chandigarh,Toys,Doll Ab,10,59371,6683,Credit Card
12534,28-03-2025,Manjari Kunda,West,Pune,Furniture,Sofa Mollitia,15,35460,2967,Debit Card
12535,04-02-2025,Dishani Rajagopal,South,Hyderabad,Sports,Football Commodi,15,27476,2497,Net Banking
12536,16-03-2024,Fateh Edwin,West,Mumbai,Books,Non-Fiction Quas,0,182130,35596,Credit Card
12537,08-10-2023,Pihu Kar,East,Kolkata,Furniture,Table Sequi,20,21772,1775,Debit Card
12538,30-10-2023,Heer Raman,West,Ahmedabad,Sports,Dumbbells Est,20,177197,21583,Net Banking
12539,01-02-2024,Ojas Viswanathan,North,Amritsar,Beauty,Face Cream Illum,5,81153,12099,Credit Card
12540,23-05-2025,Armaan Aggarwal,South,Hyderabad,Groceries,Rice Voluptate,10,52452,6048,COD
12541,21-02-2024,Taimur Doshi,East,Guwahati,Books,Comics Beatae,0,1223,107,COD
12542,05-10-2024,Myra Wason,North,Amritsar,Books,Textbook Itaque,15,102624,11002,COD
12543,23-04-2024,Krish Bhagat,South,Bangalore,Beauty,Lipstick Possimus,15,212027,23039,Credit Card
12544,02-12-2023,Uthkarsh Lalla,North,Jaipur,Books,Comics Non,5,6849,1197,Debit Card
12545,27-05-2024,Trisha Sharaf,North,Jaipur,Electronics,Headphones Repudiandae,5,9844,2318,COD
12546,12-10-2023,Kartik Loyal,West,Goa,Sports,Cricket Bat Eos,10,67581,3380,COD
12547,01-02-2025,Nitara Srinivas,South,Hyderabad,Furniture,Chair Aperiam,10,55453,5846,Credit Card
12548,01-10-2025,Tara Jaggi,South,Hyderabad,Books,Textbook Veniam,0,14796,2263,COD
12549,18-04-2025,Dishani Lad,North,Chandigarh,Books,Fiction Illum,0,120630,11786,UPI
12550,08-11-2024,Romil Bala,West,Goa,Sports,Football Commodi,0,18676,977,Debit Card
12551,15-09-2025,Zeeshan Chad,South,Chennai,Kitchen,Mixer Grinder Dolor,10,206763,47497,Net Banking
12552,11-02-2024,Mamooty Dewan,South,Hyderabad,Home Decor,Wall Art Tempora,15,41225,3091,COD
12553,23-01-2024,Divyansh Sarraf,West,Mumbai,Electronics,Laptop Consequatur,15,92912,20965,Debit Card
12554,24-11-2023,Gokul Keer,West,Goa,Kitchen,Refrigerator Veritatis,10,132076,21009,UPI
12555,29-08-2025,Heer Kumar,West,Ahmedabad,Clothing,Women's Wear Soluta,15,6171,856,UPI
12556,14-04-2025,Zara Swaminathan,North,Jaipur,Home Decor,Cushion Praesentium,15,164585,18250,UPI
12557,06-12-2024,Nitara Kibe,West,Surat,Furniture,Table In,5,4553,660,Debit Card
12558,30-08-2024,Bhamini Chatterjee,North,Delhi,Furniture,Sofa Ipsum,15,250801,52017,COD
12559,08-07-2025,Kiara Kuruvilla,North,Chandigarh,Sports,Yoga Mat Eligendi,0,190560,32518,UPI
12560,30-05-2025,Saanvi Keer,West,Mumbai,Toys,RC Car Aliquam,10,60618,6919,UPI
12561,20-10-2023,Sana Vyas,North,Chandigarh,Home Decor,Wall Art Facilis,0,116460,10292,COD
12562,15-08-2024,Saanvi Samra,South,Thiruvananthapuram,Books,Fiction Aliquid,15,51740,7953,Credit Card
12563,19-10-2024,Siya Mammen,North,Jaipur,Electronics,Laptop Libero,0,154557,29199,Net Banking
12564,02-12-2024,Raghav Kala,South,Thiruvananthapuram,Books,Textbook Quam,20,61068,10558,Net Banking
12565,21-12-2023,Keya Vohra,North,Delhi,Toys,Board Game Beatae,5,182362,18554,UPI
12566,12-04-2025,Indranil Chaudhary,East,Bhubaneswar,Home Decor,Cushion Harum,10,40279,3873,Net Banking
12567,13-04-2025,Arnav Ranganathan,South,Hyderabad,Furniture,Sofa Fugiat,10,70438,11394,Debit Card
12568,12-02-2024,Rhea Lall,South,Bangalore,Clothing,Men's Wear Aperiam,5,150377,22273,Credit Card
12569,19-01-2025,Jivin Baral,North,Amritsar,Home Decor,Clock Odit,0,58144,13459,Debit Card
12570,15-02-2025,Nayantara Issac,North,Delhi,Kitchen,Mixer Grinder Iusto,5,199036,42664,Net Banking
12571,19-04-2024,Navya Thaker,West,Mumbai,Books,Fiction Temporibus,20,124603,9377,COD
12572,23-07-2024,Lavanya Rajagopalan,West,Ahmedabad,Sports,Dumbbells Expedita,20,187613,19018,Net Banking
12573,16-02-2025,Piya Hans,West,Pune,Groceries,Rice Totam,0,206040,17742,COD
12574,29-11-2023,Nakul Raman,West,Surat,Sports,Football Fugit,20,120826,21725,Debit Card
12575,25-07-2024,Ishita Kuruvilla,North,Chandigarh,Clothing,Accessories Quaerat,10,70016,12403,UPI
12576,27-06-2024,Purab Khalsa,North,Jaipur,Beauty,Face Cream Earum,0,30672,2750,Credit Card
12577,18-06-2025,Ela Kalita,South,Bangalore,Toys,Puzzle Ut,20,246876,36877,Net Banking
12578,24-09-2025,Hridaan Bera,South,Thiruvananthapuram,Clothing,Kids Wear Sit,20,129731,20950,COD
12579,12-10-2024,Suhana Doshi,East,Kolkata,Groceries,Wheat Repellendus,20,14709,1707,UPI
12580,24-10-2023,Diya Sachar,South,Hyderabad,Electronics,Mobile Odit,0,66153,12471,Credit Card
12581,08-12-2023,Taran Khare,West,Mumbai,Beauty,Lipstick Occaecati,5,77577,9886,Net Banking
12582,21-02-2024,Kiara Vasa,East,Patna,Beauty,Perfume Unde,0,239888,26551,COD
12583,29-07-2025,Manjari Chokshi,North,Chandigarh,Toys,Action Figure Doloremque,10,61971,14881,Debit Card
12584,18-03-2024,Ayesha Wable,West,Ahmedabad,Clothing,Women's Wear Tenetur,0,32572,7121,Credit Card
12585,15-03-2024,Rohan Walia,West,Pune,Clothing,Men's Wear Mollitia,10,4883,996,Net Banking
12586,11-07-2024,Adah Rajagopal,West,Goa,Home Decor,Wall Art Iusto,20,123331,7236,Net Banking
12587,11-06-2025,Raghav Agarwal,East,Guwahati,Beauty,Lipstick Alias,0,297496,46932,Credit Card
12588,29-11-2023,Saira Dora,East,Bhubaneswar,Furniture,Bed Consectetur,0,260488,20230,Net Banking
12589,25-04-2024,Rohan Vala,West,Mumbai,Kitchen,Juicer Omnis,0,170316,11628,UPI
12590,06-02-2024,Azad Khatri,North,Lucknow,Home Decor,Wall Art Numquam,5,273414,57714,Debit Card
12591,07-01-2024,Indranil Kar,West,Ahmedabad,Furniture,Table Fuga,15,51362,5225,UPI
12592,26-08-2025,Arhaan Sagar,West,Surat,Books,Non-Fiction Ad,10,174871,40820,Debit Card
12593,07-04-2024,Rhea Salvi,West,Mumbai,Toys,Board Game Laboriosam,0,188193,39605,Debit Card
12594,21-06-2025,Alia Chaudhari,North,Chandigarh,Electronics,Mobile Itaque,20,5986,426,Debit Card
12595,29-05-2025,Aarna Dugar,North,Chandigarh,Electronics,Headphones Quae,5,226675,21145,Debit Card
12596,18-06-2025,Uthkarsh Kumer,West,Pune,Furniture,Sofa Ut,20,94941,21060,UPI
12597,17-07-2025,Manjari Konda,East,Patna,Clothing,Women's Wear Reprehenderit,0,241336,30326,UPI
12598,19-06-2024,Arnav Deo,West,Pune,Beauty,Perfume Dolor,20,79880,6882,Credit Card
12599,19-01-2024,Alisha Chakrabarti,South,Chennai,Books,Textbook Optio,15,53323,10867,UPI
12600,10-04-2025,Amani Andra,North,Delhi,Sports,Football Repellendus,0,60822,4831,Credit Card
12601,11-02-2024,Sara Bath,East,Patna,Kitchen,Refrigerator In,20,86912,15928,Net Banking
12602,04-06-2024,Abram Bhalla,South,Coimbatore,Books,Biography Nesciunt,15,35051,8216,Credit Card
12603,10-07-2025,Aarush Acharya,North,Lucknow,Groceries,Oil Nam,5,74205,8077,Debit Card
12604,29-08-2024,Indranil Toor,North,Lucknow,Furniture,Sofa Facere,20,69350,16958,Credit Card
12605,09-02-2025,Kanav Talwar,South,Chennai,Sports,Cricket Bat Impedit,20,10162,1589,UPI
12606,21-01-2025,Bhavin Krishnamurthy,West,Goa,Home Decor,Wall Art Voluptate,15,85068,14812,UPI
12607,26-07-2024,Seher Dey,South,Hyderabad,Home Decor,Wall Art Numquam,10,59224,11870,UPI
12608,25-02-2025,Advik Bhatnagar,North,Lucknow,Electronics,Camera Blanditiis,10,208030,42130,Credit Card
12609,22-05-2024,Neelofar Saraf,North,Chandigarh,Kitchen,Refrigerator Consequuntur,0,171105,42580,Credit Card
12610,12-04-2024,Khushi Rajagopal,South,Chennai,Books,Non-Fiction In,15,305031,42045,Debit Card
12611,16-09-2024,Ivan Lata,West,Mumbai,Home Decor,Vase Provident,15,121049,13122,UPI
12612,14-12-2023,Jayesh Uppal,East,Guwahati,Home Decor,Clock Itaque,0,116525,28533,UPI
12613,27-03-2025,Vivaan Balasubramanian,East,Bhubaneswar,Books,Non-Fiction A,15,63209,4085,Credit Card
12614,03-01-2025,Sara Bail,South,Coimbatore,Electronics,Headphones Aliquam,0,65706,14494,UPI
12615,11-10-2023,Kavya Rajan,West,Pune,Furniture,Sofa Iure,20,282896,34980,COD
12616,07-05-2024,Yuvaan Kade,South,Coimbatore,Groceries,Sugar Nesciunt,0,6354,1117,COD
12617,25-06-2025,Kismat Deol,West,Ahmedabad,Kitchen,Mixer Grinder Dicta,15,6004,885,Debit Card
12618,30-11-2023,Ishaan Dewan,West,Goa,Toys,Board Game Autem,20,36146,5293,UPI
12619,10-04-2024,Rati Tank,East,Guwahati,Kitchen,Microwave Laborum,15,47498,5045,COD
12620,29-12-2024,Myra Sehgal,West,Pune,Furniture,Cabinet Voluptatibus,10,71492,4421,Credit Card
12621,19-01-2024,Sana Sule,North,Lucknow,Books,Biography Ipsa,15,2050,433,UPI
12622,17-03-2025,Zoya Hans,South,Bangalore,Kitchen,Juicer Aperiam,5,17442,3055,Net Banking
12623,26-12-2023,Eva Rajan,West,Surat,Sports,Football Optio,0,149654,21057,Debit Card
12624,03-11-2023,Jhanvi Sinha,North,Amritsar,Kitchen,Microwave Necessitatibus,5,11869,1560,COD
12625,23-05-2025,Tara Konda,West,Mumbai,Beauty,Perfume Expedita,0,31088,2696,UPI
12626,11-09-2024,Hunar Lalla,North,Jaipur,Furniture,Cabinet Natus,5,97339,22648,Debit Card
12627,30-09-2025,Lavanya Saxena,South,Chennai,Kitchen,Mixer Grinder Commodi,20,59414,6177,Net Banking
12628,21-08-2025,Yuvraj  Lala,South,Bangalore,Kitchen,Mixer Grinder Voluptate,20,84987,12207,Debit Card
12629,16-10-2023,Anvi Joshi,South,Thiruvananthapuram,Furniture,Bed Ipsa,10,25338,1913,Debit Card
12630,30-07-2025,Yashvi Sarin,North,Lucknow,Sports,Dumbbells Voluptate,5,55275,9564,UPI
12631,11-12-2023,Siya Chaudhari,East,Guwahati,Clothing,Women's Wear Explicabo,0,62171,11086,Credit Card
12632,28-05-2025,Jivika Manne,West,Ahmedabad,Electronics,Smartwatch Dolorum,15,253751,33270,Net Banking
12633,10-09-2024,Vanya Srinivasan,South,Chennai,Toys,RC Car Ex,20,36826,5468,Debit Card
12634,21-08-2025,Mishti Kata,West,Mumbai,Furniture,Bed Culpa,10,244134,53624,Credit Card
12635,01-08-2024,Reyansh Mall,East,Guwahati,Kitchen,Refrigerator Ipsam,0,138640,11817,Debit Card
12636,22-05-2025,Prerak Butala,West,Goa,Toys,Board Game Accusamus,0,103392,24392,Credit Card
12637,15-07-2025,Samiha Golla,North,Jaipur,Clothing,Men's Wear Soluta,0,98150,13046,Credit Card
12638,19-07-2025,Inaaya  Dhingra,South,Thiruvananthapuram,Beauty,Face Cream Id,15,88485,8725,Debit Card
12639,14-02-2024,Mohanlal Bhattacharyya,West,Goa,Clothing,Kids Wear Reprehenderit,5,7898,1119,UPI
12640,14-02-2024,Biju Dar,East,Guwahati,Furniture,Chair Omnis,0,48758,9886,Net Banking
12641,29-09-2024,Taimur Arora,West,Goa,Toys,RC Car Occaecati,5,128649,9853,Credit Card
12642,10-12-2024,Shlok Kapadia,South,Bangalore,Groceries,Wheat Laudantium,20,59258,11759,Net Banking
12643,27-06-2025,Hiran Kapur,South,Thiruvananthapuram,Toys,RC Car Nulla,20,129709,14787,UPI
12644,02-06-2025,Ritvik Grewal,North,Lucknow,Home Decor,Vase Ducimus,5,137672,23820,Credit Card
12645,13-07-2025,Hansh Krish,North,Jaipur,Toys,Board Game Harum,0,136432,33683,COD
12646,25-11-2024,Samar Sathe,West,Ahmedabad,Books,Comics Nemo,0,319210,71770,COD
12647,14-11-2024,Vivaan Tella,East,Guwahati,Books,Non-Fiction Totam,10,311153,61304,COD
12648,02-09-2024,Devansh Hari,West,Surat,Clothing,Women's Wear Nemo,15,202651,41797,UPI
12649,07-04-2025,Amira Kara,East,Bhubaneswar,Toys,Puzzle Ipsa,15,337582,66150,Net Banking
12650,22-10-2023,Mohanlal Tiwari,East,Ranchi,Electronics,Camera Facere,15,55177,10152,Credit Card
12651,05-10-2023,Yasmin Sengupta,South,Hyderabad,Kitchen,Microwave Dolore,0,166950,27965,Credit Card
12652,23-08-2025,Advik Chatterjee,West,Surat,Groceries,Sugar Voluptas,0,98892,12759,UPI
12653,17-07-2024,Rati Dugar,West,Surat,Toys,Puzzle Illo,20,139309,26316,Net Banking
12654,11-12-2024,Tejas Borra,West,Mumbai,Home Decor,Cushion Repellendus,20,90024,20715,Net Banking
12655,11-09-2024,Ivan Varughese,North,Amritsar,Beauty,Lipstick Eaque,0,132170,18277,Net Banking
12656,02-04-2024,Indranil Raj,North,Delhi,Sports,Dumbbells Odio,0,20235,1635,COD
12657,21-09-2024,Rhea Kurian,East,Guwahati,Sports,Dumbbells Saepe,20,51031,6478,Credit Card
12658,03-07-2024,Nehmat Khare,North,Chandigarh,Home Decor,Cushion At,20,100054,17425,COD
12659,07-06-2025,Parinaaz Dayal,North,Lucknow,Beauty,Face Cream Repudiandae,0,145482,17219,Net Banking
12660,08-02-2025,Damini Sarma,West,Surat,Home Decor,Clock Labore,5,27314,6792,Debit Card
12661,15-12-2024,Hansh Kurian,South,Bangalore,Clothing,Accessories Eligendi,5,36038,2278,Debit Card
12662,06-08-2025,Bhavin Ratti,East,Patna,Sports,Dumbbells Et,0,71073,5632,UPI
12663,05-09-2025,Hunar Dara,North,Jaipur,Clothing,Kids Wear Odio,5,755,41,COD
12664,18-10-2024,Rasha Sur,West,Goa,Kitchen,Cookware Set Id,5,180354,16602,Net Banking
12665,20-07-2025,Navya Kadakia,East,Ranchi,Kitchen,Cookware Set Magni,5,22618,1518,Credit Card
12666,18-11-2024,Kismat Chand,North,Chandigarh,Home Decor,Clock Deserunt,5,140633,34618,Net Banking
12667,30-04-2024,Saksham Garg,South,Coimbatore,Clothing,Men's Wear Odit,5,54397,8823,Net Banking
12668,18-12-2024,Mahika Ganesh,North,Amritsar,Home Decor,Cushion Laborum,15,251335,25826,Credit Card
12669,17-06-2025,Kaira Mannan,North,Jaipur,Books,Fiction Possimus,5,15103,1095,Net Banking
12670,04-10-2023,Dhruv Chakrabarti,West,Surat,Groceries,Sugar Non,0,61466,11023,COD
12671,11-07-2024,Kiara Bahl,North,Lucknow,Kitchen,Refrigerator Ducimus,5,233049,14777,COD
12672,23-01-2025,Shanaya Kale,West,Goa,Beauty,Shampoo Voluptatibus,15,135218,19338,UPI
12673,23-02-2024,Jhanvi Rout,West,Surat,Kitchen,Cookware Set Necessitatibus,5,146071,13244,Net Banking
12674,02-06-2024,Mannat Sharma,East,Bhubaneswar,Groceries,Sugar Quis,5,74499,13965,Net Banking
12675,15-04-2025,Lagan Kata,South,Thiruvananthapuram,Electronics,Headphones Voluptates,0,24645,3161,Net Banking
12676,18-10-2023,Madhav Guha,North,Amritsar,Books,Fiction Itaque,0,16551,1712,Credit Card
12677,25-11-2023,Anay Sandal,North,Chandigarh,Clothing,Shoes Ducimus,10,140909,14301,COD
12678,19-02-2025,Hazel Yogi,East,Guwahati,Electronics,Camera Eligendi,5,3832,426,UPI
12679,09-07-2025,Samar Chadha,East,Bhubaneswar,Home Decor,Wall Art Facere,5,35825,6706,Credit Card
12680,14-04-2025,Dhanush Cheema,South,Hyderabad,Sports,Yoga Mat Culpa,0,169216,30002,Net Banking
12681,09-06-2025,Alisha Sekhon,South,Hyderabad,Beauty,Shampoo Voluptatem,10,15345,3207,Credit Card
12682,08-03-2024,Ritvik Sandhu,North,Delhi,Home Decor,Vase In,5,97324,20201,Net Banking
12683,27-08-2025,Chirag Sachdev,East,Bhubaneswar,Beauty,Face Cream Rem,15,235695,37329,UPI
12684,15-05-2025,Aarush Chaudhry,West,Goa,Kitchen,Microwave Distinctio,0,69477,11471,COD
12685,20-02-2025,Khushi Shah,West,Pune,Books,Fiction Est,20,199258,13102,UPI
12686,19-11-2024,Amira Jain,North,Lucknow,Clothing,Women's Wear Minima,15,44737,9603,Debit Card
12687,27-06-2024,Renee Sabharwal,North,Delhi,Home Decor,Cushion Qui,10,54445,5482,UPI
12688,12-03-2025,Bhavin Krishnan,North,Jaipur,Electronics,Camera Ea,20,103364,12413,Net Banking
12689,09-03-2025,Mamooty Dass,South,Bangalore,Kitchen,Refrigerator Molestias,20,40664,6428,UPI
12690,07-11-2024,Priyansh Raman,East,Ranchi,Toys,Board Game Veniam,0,66620,4069,COD
12691,12-02-2025,Sara Gola,South,Bangalore,Home Decor,Clock Ab,20,156422,37893,Credit Card
12692,04-06-2025,Adira Handa,West,Surat,Beauty,Lipstick Assumenda,0,74564,14656,Credit Card
12693,03-03-2024,Raghav D’Alia,West,Mumbai,Electronics,Headphones Dolorum,0,59436,13690,Credit Card
12694,12-08-2025,Eva Tata,West,Surat,Beauty,Perfume Nobis,5,39672,8921,COD
12695,05-04-2025,Ishaan Tara,North,Amritsar,Kitchen,Cookware Set Accusamus,10,64222,11768,COD
12696,18-07-2024,Aarav Gupta,South,Hyderabad,Books,Biography Provident,20,121697,16451,Net Banking
12697,11-10-2023,Vardaniya Dixit,West,Ahmedabad,Toys,RC Car Labore,5,51607,8693,Net Banking
12698,09-04-2025,Rohan Sama,East,Ranchi,Toys,Action Figure Ipsam,0,189788,37270,Credit Card
12699,02-06-2024,Taimur Bala,West,Surat,Kitchen,Microwave Quasi,0,33156,6814,Net Banking
12700,05-07-2025,Bhavin Gulati,South,Coimbatore,Home Decor,Vase Maxime,15,63821,9267,Net Banking
12701,02-10-2025,Jayan Handa,North,Chandigarh,Beauty,Shampoo Enim,10,284796,34565,COD
12702,05-10-2024,Aniruddh Seshadri,West,Goa,Home Decor,Wall Art Voluptatum,0,828,88,UPI
12703,21-07-2025,Shayak Dora,West,Ahmedabad,Sports,Dumbbells Excepturi,10,61264,9418,UPI
12704,20-11-2024,Tanya Thakur,West,Ahmedabad,Books,Comics Dolorum,0,77473,17603,Net Banking
12705,06-06-2025,Jayan Boase,East,Patna,Clothing,Shoes Consequuntur,15,21852,5341,Net Banking
12706,01-04-2025,Indranil Master,North,Chandigarh,Groceries,Rice Illum,15,236803,30264,Net Banking
12707,17-10-2024,Kashvi Sunder,South,Hyderabad,Groceries,Wheat Quibusdam,15,177863,38522,UPI
12708,15-08-2024,Adira Gokhale,West,Pune,Books,Biography Ullam,5,52238,3192,Debit Card
12709,05-03-2025,Renee Luthra,North,Lucknow,Electronics,Headphones Suscipit,20,167465,27314,Net Banking
12710,24-12-2023,Manjari Kar,North,Jaipur,Kitchen,Microwave Vel,15,26831,2163,Debit Card
12711,14-05-2025,Eshani Venkatesh,South,Coimbatore,Sports,Football Architecto,5,38328,7593,UPI
12712,04-08-2025,Anahi Rajagopalan,East,Patna,Clothing,Women's Wear Voluptatibus,20,101510,16630,UPI
12713,07-02-2025,Raghav Aurora,East,Ranchi,Home Decor,Wall Art Quasi,20,23518,3439,UPI
12714,03-02-2024,Seher Sami,East,Guwahati,Beauty,Foundation Doloribus,20,58634,9574,Net Banking
12715,31-05-2025,Divij Varma,North,Chandigarh,Kitchen,Juicer Enim,10,96417,5781,Net Banking
12716,01-01-2024,Sana Trivedi,North,Delhi,Toys,Action Figure Libero,0,80015,5568,Debit Card
12717,29-03-2024,Biju Chandra,North,Chandigarh,Beauty,Foundation Ipsa,20,62831,8240,Net Banking
12718,02-02-2024,Miraan Chacko,South,Hyderabad,Furniture,Cabinet Expedita,15,53433,8115,Debit Card
12719,16-06-2025,Taimur Raju,South,Hyderabad,Sports,Dumbbells Doloremque,10,232817,22649,Net Banking
12720,26-05-2025,Veer Bhardwaj,North,Chandigarh,Beauty,Foundation Nobis,5,88531,6938,Net Banking
12721,20-09-2024,Lavanya Gara,East,Ranchi,Kitchen,Juicer Possimus,0,113510,11258,Debit Card
12722,05-06-2025,Tushar Bahri,East,Kolkata,Home Decor,Wall Art Doloremque,10,65015,9384,Net Banking
12723,08-11-2023,Dharmajan Solanki,South,Hyderabad,Toys,Board Game Nulla,0,167524,24232,Net Banking
12724,19-04-2025,Ehsaan Rout,South,Coimbatore,Home Decor,Clock Natus,15,14066,2100,COD
12725,19-11-2024,Nishith Sandal,West,Ahmedabad,Beauty,Face Cream Nihil,0,172902,38978,COD
12726,31-07-2024,Biju Shanker,West,Surat,Sports,Tennis Racket Earum,5,68605,15558,COD
12727,10-05-2025,Manjari Gill,North,Lucknow,Toys,RC Car Quia,0,311072,54805,UPI
12728,01-12-2024,Shaan Doshi,South,Bangalore,Clothing,Men's Wear Modi,5,144558,20520,Net Banking
12729,06-08-2024,Divyansh Bajwa,South,Chennai,Sports,Football Exercitationem,20,15831,3397,Credit Card
12730,11-02-2024,Tanya Krishna,West,Surat,Furniture,Chair Alias,15,175950,20819,UPI
12731,09-03-2025,Saksham Borde,North,Chandigarh,Groceries,Rice Cum,10,13461,911,Debit Card
12732,10-08-2024,Alia Gour,South,Coimbatore,Sports,Dumbbells Debitis,10,69932,12490,UPI
12733,19-08-2024,Gatik Sodhi,South,Thiruvananthapuram,Kitchen,Mixer Grinder Ut,10,4055,599,UPI
12734,06-08-2025,Jayan Bhargava,West,Goa,Furniture,Cabinet Hic,10,213581,45762,Debit Card
12735,16-05-2024,Alisha Bhagat,South,Hyderabad,Sports,Yoga Mat Dignissimos,5,199494,20730,Credit Card
12736,20-01-2024,Samiha Hegde,East,Guwahati,Home Decor,Clock Voluptatem,5,173573,15989,UPI
12737,05-07-2024,Kashvi Khatri,West,Ahmedabad,Home Decor,Wall Art Officia,5,18906,3977,UPI
12738,14-02-2024,Ivana Tripathi,North,Delhi,Toys,Puzzle Asperiores,15,54449,5391,Credit Card
12739,17-08-2024,Rhea Shankar,East,Bhubaneswar,Kitchen,Microwave Sint,10,113152,9104,Credit Card
12740,24-03-2024,Dhanush Toor,South,Chennai,Beauty,Shampoo Eaque,20,100827,16163,Net Banking
12741,11-07-2024,Kaira Ratta,North,Jaipur,Furniture,Cabinet Aliquam,20,302160,19964,Credit Card
12742,02-03-2025,Miraya Toor,West,Ahmedabad,Beauty,Shampoo Nisi,5,165790,35707,UPI
12743,24-01-2024,Vedika Jain,North,Jaipur,Sports,Football Ea,5,21176,3963,Credit Card
12744,05-10-2024,Anahi Chandran,East,Bhubaneswar,Furniture,Bed Voluptatem,15,48226,7602,Debit Card
12745,05-01-2025,Jhanvi Date,South,Coimbatore,Clothing,Kids Wear Natus,5,20651,4119,Debit Card
12746,27-06-2025,Oorja Kanda,North,Lucknow,Sports,Football Sequi,10,71441,6862,Credit Card
12747,27-12-2023,Navya Ramaswamy,South,Thiruvananthapuram,Electronics,Camera Officiis,0,53679,9265,Credit Card
12748,13-06-2024,Lakshay Bhatt,South,Bangalore,Sports,Tennis Racket Sapiente,10,63709,3898,COD
12749,30-06-2025,Zara Acharya,South,Chennai,Electronics,Laptop Cumque,10,115382,22044,Net Banking
12750,23-11-2023,Jivika Yadav,East,Kolkata,Sports,Cricket Bat Alias,10,27043,5996,COD
12751,29-03-2024,Kashvi Tata,South,Chennai,Home Decor,Lamp Unde,15,53049,10931,Net Banking
12752,29-07-2024,Bhamini Mann,East,Patna,Toys,Puzzle Iusto,15,168754,39205,Net Banking
12753,11-12-2024,Siya Dutta,North,Amritsar,Books,Comics Laborum,15,97430,5989,Net Banking
12754,12-03-2024,Nirvi Dube,West,Mumbai,Sports,Cricket Bat Sed,15,133690,14603,COD
12755,26-08-2024,Jivin Sood,North,Amritsar,Toys,Action Figure Repudiandae,0,27890,1861,COD
12756,22-04-2024,Himmat Kashyap,South,Chennai,Clothing,Kids Wear Sint,20,83686,12245,Credit Card
12757,20-04-2025,Shray Sinha,West,Ahmedabad,Toys,Board Game Quaerat,5,145726,20448,UPI
12758,22-07-2024,Samaira Suri,South,Coimbatore,Beauty,Shampoo Illo,15,97910,16843,Credit Card
12759,24-04-2024,Lagan Sridhar,North,Chandigarh,Kitchen,Refrigerator Quasi,5,32007,5869,Credit Card
12760,15-06-2024,Priyansh Mander,West,Mumbai,Home Decor,Clock Placeat,20,10839,677,Debit Card
12761,23-02-2024,Nitya Soman,East,Bhubaneswar,Furniture,Table Similique,15,39928,3739,Debit Card
12762,22-05-2025,Fateh Cheema,East,Ranchi,Toys,Action Figure Magni,10,250193,57427,Net Banking
12763,29-01-2024,Urvi Dayal,East,Bhubaneswar,Home Decor,Lamp Doloremque,20,92432,6688,UPI
12764,01-02-2024,Arnav Bava,North,Jaipur,Books,Textbook Quae,5,49852,3204,COD
12765,29-09-2024,Prisha Ganesh,West,Ahmedabad,Electronics,Smartwatch Accusantium,20,82841,20692,UPI
12766,27-11-2024,Vedika Thakur,East,Bhubaneswar,Groceries,Sugar Quae,10,171901,40094,Net Banking
12767,20-12-2023,Divyansh Thaman,South,Coimbatore,Sports,Tennis Racket Sed,15,36421,6430,Net Banking
12768,29-10-2024,Taran Rajagopalan,West,Pune,Beauty,Foundation Ratione,10,116708,19904,COD
12769,26-07-2025,Faiyaz Sawhney,East,Bhubaneswar,Furniture,Bed Ad,5,2178,315,Debit Card
12770,16-11-2023,Rati Raval,East,Patna,Electronics,Smartwatch Quisquam,5,182030,21660,UPI
12771,19-06-2024,Mannat Vaidya,South,Hyderabad,Home Decor,Lamp Harum,15,201297,49495,Debit Card
12772,30-12-2023,Pihu Char,East,Bhubaneswar,Groceries,Sugar Qui,10,338972,22101,Credit Card
12773,28-01-2025,Yuvraj  Lad,East,Ranchi,Groceries,Oil Deserunt,15,102218,12232,COD
12774,16-10-2024,Shaan Dhar,South,Hyderabad,Beauty,Perfume Sint,0,56274,4871,Debit Card
12775,13-11-2023,Azad Raj,West,Mumbai,Books,Non-Fiction Impedit,10,18630,1718,COD
12776,17-09-2025,Zoya Gole,West,Mumbai,Kitchen,Refrigerator Ipsum,20,162658,14134,Net Banking
12777,13-03-2024,Hiran Agrawal,East,Ranchi,Electronics,Headphones Quo,15,29130,5465,Credit Card
12778,19-07-2025,Gatik Viswanathan,East,Patna,Home Decor,Cushion Dicta,5,25508,6049,Debit Card
12779,22-08-2024,Hrishita Reddy,North,Lucknow,Books,Textbook Illo,20,148506,11977,UPI
12780,09-03-2025,Ivana Shere,West,Pune,Sports,Dumbbells Nam,10,65794,9509,COD
12781,10-03-2024,Eshani Thaman,East,Ranchi,Clothing,Shoes Ipsam,20,43242,6551,Net Banking
12782,11-01-2024,Mishti Bala,East,Patna,Kitchen,Microwave Provident,10,302864,39926,UPI
12783,28-03-2024,Zeeshan Dhar,East,Guwahati,Clothing,Kids Wear Nostrum,15,160882,16816,Net Banking
12784,03-11-2024,Vaibhav Manda,East,Guwahati,Kitchen,Microwave Provident,5,18658,1586,COD
12785,26-10-2024,Mannat Bhavsar,West,Surat,Electronics,Headphones Veritatis,10,141577,16774,Net Banking
12786,27-02-2025,Renee Behl,South,Bangalore,Furniture,Bed Ipsa,15,5191,503,UPI
12787,23-07-2025,Aarush Batra,East,Patna,Furniture,Table Error,20,37302,6239,Credit Card
12788,08-07-2024,Mamooty Dara,South,Hyderabad,Furniture,Table Iure,10,59273,14613,Debit Card
12789,01-09-2024,Vidur Sanghvi,West,Pune,Beauty,Lipstick Voluptatem,20,161215,31723,UPI
12790,07-05-2025,Kartik Gokhale,South,Coimbatore,Electronics,Mobile Rem,10,46161,4934,COD
12791,22-09-2025,Nehmat Dayal,West,Surat,Furniture,Bed Consequatur,10,125881,15504,Net Banking
12792,18-11-2024,Kaira Bhakta,South,Hyderabad,Kitchen,Cookware Set Vitae,0,197067,29278,Debit Card
12793,19-12-2024,Samaira Kata,West,Pune,Furniture,Bed Accusamus,0,361695,32723,UPI
12794,05-04-2024,Shayak Saxena,South,Bangalore,Clothing,Women's Wear Eaque,5,120638,29673,UPI
12795,01-05-2025,Tara Doctor,South,Coimbatore,Groceries,Rice Ipsam,20,52577,10498,UPI
12796,13-04-2024,Badal Rama,North,Amritsar,Groceries,Oil Quis,0,91956,15508,Debit Card
12797,02-02-2025,Indrans Sarna,East,Patna,Books,Biography Iusto,0,238900,15424,Debit Card
12798,25-10-2024,Fateh Jha,North,Lucknow,Kitchen,Refrigerator Fuga,20,76150,10883,Debit Card
12799,22-10-2023,Anahi Comar,East,Patna,Sports,Yoga Mat Autem,15,123524,13667,Credit Card
12800,10-09-2025,Gokul Mahal,West,Surat,Groceries,Wheat Ducimus,15,54500,6297,Credit Card
12801,02-08-2024,Kismat Chandran,South,Thiruvananthapuram,Clothing,Accessories Voluptatibus,0,24306,1505,UPI
12802,26-08-2024,Madhav Bhatti,North,Chandigarh,Books,Non-Fiction Maiores,5,59337,6149,COD
12803,26-11-2023,Yuvraj  Walia,South,Thiruvananthapuram,Clothing,Women's Wear Dolorem,0,104158,18155,COD
12804,05-12-2024,Rohan Gole,South,Hyderabad,Books,Biography Repellat,20,161047,16391,Debit Card
12805,09-08-2024,Rhea Bath,West,Goa,Beauty,Face Cream Repellendus,10,280139,64873,Net Banking
12806,28-07-2025,Yashvi Bath,South,Thiruvananthapuram,Electronics,Smartwatch Rem,0,315925,77192,Net Banking
12807,25-05-2024,Nishith Jha,West,Mumbai,Beauty,Perfume Natus,10,61295,5407,Debit Card
12808,06-12-2024,Farhan Rajagopalan,West,Surat,Home Decor,Lamp Enim,0,63654,14560,COD
12809,09-02-2024,Elakshi Chandran,East,Ranchi,Books,Textbook Suscipit,15,133105,30382,Debit Card
12810,15-07-2024,Amani Verma,North,Chandigarh,Books,Biography Accusamus,20,62237,5609,Credit Card
12811,09-03-2024,Aayush Setty,East,Kolkata,Toys,Board Game Non,10,226840,28397,Net Banking
12812,21-03-2025,Kashvi Johal,West,Goa,Toys,Board Game Ab,0,87580,5739,Net Banking
12813,15-05-2024,Umang Gola,West,Mumbai,Beauty,Foundation Reiciendis,20,33504,6527,Debit Card
12814,14-09-2024,Chirag Boase,West,Pune,Beauty,Lipstick At,0,105305,26266,Debit Card
12815,03-08-2025,Damini Tandon,North,Delhi,Home Decor,Lamp Illo,20,45667,7423,COD
12816,30-05-2024,Gatik Guha,South,Hyderabad,Books,Comics Voluptatibus,10,48281,3862,Credit Card
12817,10-07-2025,Jhanvi Boase,South,Hyderabad,Toys,Board Game Vero,5,131279,21515,Net Banking
12818,03-07-2024,Pranay Roy,East,Bhubaneswar,Sports,Yoga Mat Accusamus,20,80216,19471,Credit Card
12819,07-06-2025,Lakshay Chad,North,Delhi,Beauty,Lipstick Maiores,20,308624,23072,UPI
12820,05-05-2025,Aniruddh Mammen,West,Pune,Groceries,Wheat Ducimus,15,174400,33574,Debit Card
12821,10-05-2024,Yasmin Goswami,North,Chandigarh,Groceries,Sugar Provident,5,285570,24833,COD
12822,19-04-2024,Ojas Datta,West,Goa,Furniture,Sofa Laudantium,20,122782,30597,COD
12823,22-07-2024,Zaina Chokshi,North,Lucknow,Electronics,Laptop Ab,20,192312,29711,Net Banking
12824,22-07-2024,Jayan Bawa,North,Amritsar,Furniture,Cabinet Officia,20,118064,12228,UPI
12825,17-10-2023,Tejas Kadakia,West,Ahmedabad,Furniture,Sofa Porro,20,187120,19708,Net Banking
12826,04-09-2024,Sumer Savant,West,Pune,Kitchen,Juicer Dicta,10,245214,17203,Net Banking
12827,11-12-2023,Divij Bhardwaj,West,Ahmedabad,Sports,Dumbbells Minus,20,31770,2726,Debit Card
12828,04-07-2024,Oorja Gupta,West,Pune,Beauty,Lipstick Quod,20,37338,6224,Debit Card
12829,28-01-2024,Darshit Srinivas,South,Thiruvananthapuram,Clothing,Accessories Animi,15,110075,8621,UPI
12830,29-01-2024,Sana Srinivas,South,Coimbatore,Electronics,Mobile Consectetur,0,64459,6411,Debit Card
12831,13-04-2024,Aarush Raja,South,Thiruvananthapuram,Kitchen,Juicer Eius,10,133493,7030,COD
12832,11-03-2024,Oorja Sur,South,Bangalore,Beauty,Face Cream Tenetur,0,56215,13490,COD
12833,24-10-2023,Sara Barman,West,Mumbai,Kitchen,Microwave Animi,5,316141,21383,COD
12834,09-03-2025,Kiaan Gade,West,Ahmedabad,Home Decor,Cushion Officiis,0,237644,13844,UPI
12835,19-11-2024,Anya Goyal,South,Bangalore,Books,Textbook Placeat,0,318150,61461,Net Banking
12836,05-04-2024,Kimaya Tara,North,Chandigarh,Sports,Cricket Bat Dolore,15,17371,4006,UPI
12837,05-02-2024,Mahika Tak,East,Bhubaneswar,Home Decor,Clock Porro,15,145377,29116,Debit Card
12838,20-02-2024,Raghav Master,West,Surat,Sports,Yoga Mat Rerum,10,160963,22376,Credit Card
12839,09-09-2024,Saira Baral,West,Goa,Groceries,Rice Quod,5,198554,18049,Debit Card
12840,31-12-2023,Nakul Swaminathan,East,Ranchi,Beauty,Lipstick Dignissimos,0,155492,14908,UPI
12841,16-12-2024,Riaan Mahal,North,Delhi,Furniture,Chair Quo,15,63598,12213,UPI
12842,09-04-2025,Diya Mangal,West,Surat,Toys,RC Car Optio,0,239472,19157,Credit Card
12843,06-09-2025,Adira Bains,East,Patna,Groceries,Spices Provident,10,274590,67381,Credit Card
12844,19-04-2024,Divyansh Thakkar,East,Guwahati,Sports,Football Maiores,10,2187,202,COD
12845,07-10-2024,Nakul Choudhury,East,Ranchi,Toys,Action Figure Praesentium,20,195252,44791,Net Banking
12846,31-08-2024,Jivin Varughese,South,Chennai,Toys,Board Game Ipsam,5,341535,17532,Debit Card
12847,14-04-2025,Hrishita Bains,East,Guwahati,Clothing,Men's Wear Ullam,5,87640,10467,UPI
12848,16-03-2025,Navya Lad,North,Chandigarh,Toys,Board Game Aperiam,15,110514,7595,Net Banking
12849,14-04-2025,Aarush Mani,South,Thiruvananthapuram,Clothing,Kids Wear Accusamus,15,18454,1983,COD
12850,26-11-2024,Amira Chander,East,Guwahati,Clothing,Shoes Eos,5,156888,30862,UPI
12851,04-01-2025,Arhaan Varty,West,Mumbai,Sports,Tennis Racket Laudantium,0,34538,8013,Net Banking
12852,02-12-2023,Kavya Korpal,East,Guwahati,Home Decor,Wall Art Enim,15,15416,3687,Credit Card
12853,22-10-2023,Manikya Kulkarni,South,Chennai,Books,Non-Fiction Earum,20,94666,17649,UPI
12854,18-01-2025,Jayant Varkey,South,Bangalore,Sports,Cricket Bat Culpa,15,47150,6829,Credit Card
12855,19-02-2025,Rohan Wason,South,Bangalore,Toys,Board Game Deleniti,10,5937,1435,Credit Card
12856,29-09-2024,Akarsh Korpal,South,Hyderabad,Sports,Dumbbells Sapiente,0,254800,19752,UPI
12857,21-07-2025,Hrishita Sagar,South,Coimbatore,Clothing,Shoes Rem,10,128110,7864,Debit Card
12858,24-05-2025,Tarini Sani,North,Chandigarh,Toys,RC Car Quis,10,254768,19023,Credit Card
12859,08-08-2025,Raunak Gulati,South,Hyderabad,Kitchen,Microwave Quibusdam,20,116326,5983,Credit Card
12860,11-05-2024,Misha Venkatesh,South,Hyderabad,Clothing,Kids Wear Odit,10,87491,13643,COD
12861,27-11-2023,Shamik Agate,North,Amritsar,Sports,Football Porro,20,109030,24555,COD
12862,14-07-2025,Samarth Shan,South,Chennai,Home Decor,Vase Natus,20,48883,3433,COD
12863,30-09-2024,Khushi Baral,North,Amritsar,Electronics,Laptop Eum,20,184730,18623,Credit Card
12864,13-02-2024,Umang Ghose,West,Surat,Toys,Board Game Ea,15,959,169,Net Banking
12865,13-08-2025,Shalv Agarwal,West,Surat,Books,Textbook Asperiores,15,29650,3392,Net Banking
12866,25-05-2025,Renee Reddy,East,Guwahati,Furniture,Chair Qui,5,159053,30453,Debit Card
12867,03-07-2024,Madhup Borde,West,Ahmedabad,Groceries,Oil Sunt,10,59926,10677,Credit Card
12868,15-11-2023,Myra Chaudhuri,West,Surat,Furniture,Cabinet Voluptate,0,190132,26593,Credit Card
12869,08-02-2025,Mannat Sibal,South,Coimbatore,Electronics,Headphones Quaerat,10,215953,51317,UPI
12870,07-10-2024,Mamooty Chana,South,Bangalore,Electronics,Camera Quos,15,33841,6867,Net Banking
12871,17-11-2024,Rhea Sura,North,Jaipur,Kitchen,Refrigerator Corporis,20,1056,90,Credit Card
12872,11-11-2023,Zara Doshi,South,Hyderabad,Toys,Doll Quod,0,76552,12372,COD
12873,01-06-2025,Armaan Tara,North,Amritsar,Kitchen,Microwave Molestiae,15,42105,9512,UPI
12874,22-04-2025,Kanav Taneja,East,Patna,Kitchen,Juicer Id,15,127116,30153,Credit Card
12875,06-10-2024,Kimaya Iyengar,North,Chandigarh,Books,Fiction Voluptas,10,271760,27434,COD
12876,24-07-2025,Madhup Keer,South,Chennai,Furniture,Sofa Cumque,20,126726,17506,COD
12877,24-03-2025,Jivika Vohra,South,Thiruvananthapuram,Furniture,Sofa Officia,15,2679,445,Credit Card
12878,15-09-2025,Ira Ratta,West,Pune,Electronics,Camera Dignissimos,0,61893,6535,Net Banking
12879,12-12-2023,Raghav Krishna,East,Guwahati,Clothing,Accessories Architecto,0,25716,5562,Debit Card
12880,20-04-2024,Anya Dass,South,Coimbatore,Furniture,Bed Ullam,10,26924,4913,Debit Card
12881,22-04-2025,Misha Chaudhuri,East,Bhubaneswar,Home Decor,Vase Impedit,20,47453,9368,COD
12882,23-08-2024,Umang Dutt,West,Mumbai,Clothing,Men's Wear Assumenda,10,73688,13874,COD
12883,24-01-2024,Yashvi Lad,East,Ranchi,Electronics,Smartwatch Quasi,10,49829,6518,UPI
12884,18-05-2024,Devansh Kaul,North,Jaipur,Electronics,Mobile A,0,31555,7763,Debit Card
12885,24-10-2024,Tejas Bal,South,Coimbatore,Home Decor,Vase Facilis,10,45349,8773,Debit Card
12886,06-03-2025,Mehul Ramachandran,East,Bhubaneswar,Sports,Cricket Bat Doloremque,15,26199,6130,COD
12887,21-12-2024,Shanaya Raju,North,Delhi,Books,Comics Soluta,10,180023,36746,COD
12888,02-10-2024,Tushar Krish,South,Coimbatore,Groceries,Sugar Autem,15,160099,20794,Net Banking
12889,13-04-2024,Sara Hayre,South,Hyderabad,Groceries,Spices Quia,20,84267,15553,Net Banking
12890,05-03-2024,Kiaan Ratta,South,Bangalore,Books,Comics Quos,0,206216,14102,Net Banking
12891,02-04-2024,Madhav Kota,East,Guwahati,Beauty,Shampoo Quam,5,241875,36510,UPI
12892,07-10-2024,Ritvik Bhatnagar,North,Delhi,Furniture,Table Eveniet,20,86835,18547,UPI
12893,18-11-2023,Divit Wason,East,Guwahati,Groceries,Oil A,15,76059,11022,Debit Card
12894,05-10-2024,Khushi Bhasin,North,Chandigarh,Books,Non-Fiction Quidem,15,110367,14610,Debit Card
12895,04-03-2024,Zain Sahni,East,Guwahati,Beauty,Face Cream Reiciendis,0,177156,16898,COD
12896,13-11-2023,Kabir Issac,West,Mumbai,Books,Biography Odio,15,3478,686,UPI
12897,13-08-2025,Damini Raj,East,Ranchi,Furniture,Sofa Aut,15,16861,1843,UPI
12898,24-08-2025,Seher Dugar,North,Delhi,Sports,Yoga Mat Ipsam,15,129052,30643,Debit Card
12899,16-06-2025,Kiara Kant,North,Amritsar,Kitchen,Juicer Possimus,20,69539,7372,Debit Card
12900,19-06-2024,Shlok Mannan,East,Kolkata,Books,Textbook Non,20,249152,34718,COD
12901,24-09-2024,Veer Kohli,East,Bhubaneswar,Kitchen,Cookware Set Autem,20,25776,4746,Net Banking
12902,16-05-2024,Pihu Kari,East,Guwahati,Sports,Football Aliquid,20,31229,1801,Net Banking
12903,10-11-2023,Nirvaan Chakraborty,North,Delhi,Furniture,Bed Dolorem,10,29156,7081,Net Banking
12904,07-04-2024,Umang Goswami,East,Bhubaneswar,Furniture,Bed Ipsam,15,362,74,Debit Card
12905,28-01-2024,Ela Singhal,West,Goa,Kitchen,Juicer Eum,0,62395,6987,Debit Card
12906,26-10-2024,Nitya Saxena,East,Bhubaneswar,Beauty,Lipstick Numquam,5,303544,53880,Debit Card
12907,23-11-2023,Alisha Dugal,North,Chandigarh,Groceries,Oil Veniam,5,29644,7093,COD
12908,05-01-2024,Misha Shan,West,Pune,Books,Textbook Delectus,20,28226,3176,Credit Card
12909,02-09-2025,Aarav Lata,West,Surat,Home Decor,Wall Art Sapiente,15,196779,30075,UPI
12910,09-04-2025,Shaan Bath,North,Lucknow,Books,Fiction Dolorem,5,88795,9359,Debit Card
12911,27-04-2025,Mannat Sami,West,Surat,Books,Non-Fiction Est,20,107486,15398,Debit Card
12912,16-08-2024,Hiran Gola,East,Bhubaneswar,Beauty,Perfume Ratione,20,89544,22059,Debit Card
12913,23-02-2024,Neelofar Goswami,West,Goa,Furniture,Sofa Atque,0,75959,7603,COD
12914,15-07-2024,Heer Varty,South,Coimbatore,Sports,Yoga Mat Quam,15,134611,26816,Net Banking
12915,28-02-2025,Taran Rastogi,West,Mumbai,Toys,RC Car Ea,20,47256,2859,Net Banking
12916,24-04-2025,Damini Boase,West,Mumbai,Clothing,Shoes Beatae,5,184362,33342,Debit Card
12917,20-01-2024,Kiara Chatterjee,East,Kolkata,Books,Textbook Maiores,0,74906,4233,Credit Card
12918,08-07-2025,Vedika Dasgupta,North,Amritsar,Home Decor,Wall Art Voluptatem,20,83078,14422,UPI
12919,04-03-2025,Manikya Subramanian,East,Patna,Toys,Doll Ipsam,15,262289,53720,Net Banking
12920,23-08-2025,Fateh Das,East,Patna,Sports,Tennis Racket Adipisci,20,12909,2209,Net Banking
12921,01-07-2024,Inaaya  Karpe,South,Thiruvananthapuram,Beauty,Shampoo Beatae,5,130960,23910,Credit Card
12922,31-10-2023,Sumer Mangal,West,Pune,Kitchen,Mixer Grinder Culpa,5,99366,21895,Net Banking
12923,13-10-2023,Hunar Sarma,North,Chandigarh,Clothing,Men's Wear Labore,10,139545,21136,Credit Card
12924,09-10-2024,Heer Dara,North,Delhi,Sports,Dumbbells Nostrum,5,76536,7559,Debit Card
12925,18-05-2025,Mohanlal Ghosh,East,Guwahati,Books,Biography Nesciunt,15,19347,4310,Credit Card
12926,31-03-2025,Nitya Basak,West,Goa,Books,Fiction Repudiandae,15,42313,10413,UPI
12927,23-06-2024,Ahana  Borah,North,Lucknow,Groceries,Sugar Nulla,15,13931,2508,Credit Card
12928,07-06-2025,Reyansh Bahri,North,Amritsar,Electronics,Laptop Occaecati,20,123560,20416,Net Banking
12929,23-11-2023,Ojas Balakrishnan,North,Amritsar,Furniture,Bed Alias,5,246460,59284,Debit Card
12930,06-01-2025,Kavya Viswanathan,South,Chennai,Kitchen,Microwave Maiores,20,156092,20235,UPI
12931,22-04-2024,Khushi Sant,South,Thiruvananthapuram,Beauty,Shampoo Odit,20,11494,2353,UPI
12932,19-01-2024,Eshani Anand,North,Lucknow,Books,Non-Fiction A,15,11259,950,Debit Card
12933,27-01-2024,Bhavin Dora,North,Lucknow,Sports,Football Eos,15,23441,4455,Net Banking
12934,11-10-2023,Aarav Chatterjee,West,Surat,Books,Non-Fiction Veritatis,0,132920,26593,Debit Card
12935,23-06-2025,Piya Sani,North,Lucknow,Kitchen,Juicer Consequuntur,5,219256,37802,Credit Card
12936,02-09-2024,Hiran Sundaram,West,Goa,Kitchen,Juicer Voluptatum,15,111644,9036,COD
12937,22-08-2024,Uthkarsh Bahl,North,Amritsar,Home Decor,Cushion Sint,20,114960,11993,UPI
12938,10-08-2025,Parinaaz Dalal,West,Pune,Groceries,Rice Reprehenderit,15,132416,16252,Debit Card
12939,04-03-2025,Uthkarsh Sankaran,East,Bhubaneswar,Electronics,Mobile Mollitia,15,45835,5791,Credit Card
12940,12-05-2025,Shray Malhotra,South,Thiruvananthapuram,Groceries,Wheat Tempora,10,245318,25463,Credit Card
12941,15-07-2025,Zeeshan Singhal,East,Guwahati,Clothing,Kids Wear Sunt,15,39806,8586,UPI
12942,13-08-2024,Zain Sule,East,Patna,Sports,Yoga Mat Repudiandae,10,197130,21387,COD
12943,15-01-2025,Tushar Devan,South,Hyderabad,Sports,Football Placeat,0,220436,25810,COD
12944,19-09-2025,Gatik Bora,East,Kolkata,Electronics,Headphones Sequi,10,181726,25379,COD
12945,14-05-2024,Sumer Lal,West,Mumbai,Furniture,Table Porro,5,62254,9513,Credit Card
12946,19-10-2023,Indranil Ray,North,Lucknow,Electronics,Smartwatch Nesciunt,15,55367,5274,UPI
12947,18-01-2024,Diya Sura,East,Ranchi,Home Decor,Cushion Totam,20,116426,10761,Debit Card
12948,16-12-2024,Raunak Buch,North,Amritsar,Books,Comics Nulla,15,274244,40372,UPI
12949,14-08-2024,Rania Bhatnagar,South,Bangalore,Toys,Action Figure Quam,20,53646,6290,Credit Card
12950,13-07-2025,Pari Kale,East,Bhubaneswar,Beauty,Foundation Quod,10,43882,5423,Debit Card
12951,15-04-2025,Aaina Vohra,West,Surat,Groceries,Sugar Reprehenderit,15,64245,13265,Credit Card
12952,22-05-2025,Anahi Venkatesh,East,Guwahati,Groceries,Oil Perferendis,15,169108,9472,Debit Card
12953,15-10-2023,Drishya Mahajan,North,Amritsar,Clothing,Men's Wear Nobis,10,18574,3473,Debit Card
12954,18-10-2024,Inaaya  Sen,South,Coimbatore,Clothing,Men's Wear Occaecati,0,123665,26126,Debit Card
12955,14-05-2025,Ishita Master,North,Delhi,Groceries,Wheat Laborum,0,58701,7699,COD
12956,11-07-2025,Keya Ratti,North,Chandigarh,Books,Non-Fiction Blanditiis,10,115369,15008,Debit Card
12957,25-11-2023,Indrans Ahluwalia,North,Chandigarh,Books,Biography Eius,0,118184,25057,Net Banking
12958,20-09-2025,Shamik Atwal,East,Ranchi,Home Decor,Wall Art Distinctio,15,109482,19863,Debit Card
12959,30-10-2024,Dharmajan Varkey,West,Goa,Books,Biography Voluptas,10,79805,17158,Net Banking
12960,01-01-2024,Ivana Sagar,West,Ahmedabad,Toys,Board Game Eos,10,333738,74228,Net Banking
12961,08-09-2025,Raunak Atwal,South,Hyderabad,Clothing,Shoes Eius,15,338377,60729,Net Banking
12962,22-03-2025,Vidur Mallick,South,Hyderabad,Home Decor,Vase Quia,20,7637,1173,Net Banking
12963,16-07-2025,Kaira Joshi,South,Thiruvananthapuram,Kitchen,Refrigerator Quae,0,253875,22939,Debit Card
12964,22-04-2024,Aarna Yadav,South,Chennai,Books,Comics Libero,15,32339,6108,COD
12965,03-07-2025,Vaibhav Basu,South,Thiruvananthapuram,Electronics,Headphones Deserunt,15,246649,36964,COD
12966,10-06-2024,Divij Dhingra,West,Pune,Clothing,Shoes Nihil,5,349833,41409,Credit Card
12967,30-12-2024,Kimaya Dua,North,Amritsar,Toys,Action Figure Alias,10,147096,22451,COD
12968,18-11-2024,Rania Aurora,West,Pune,Beauty,Perfume Sunt,5,83097,9018,Net Banking
12969,16-02-2025,Khushi Saha,South,Coimbatore,Electronics,Camera Numquam,15,130070,21460,Net Banking
12970,19-10-2023,Gatik Madan,West,Pune,Beauty,Face Cream Soluta,0,137182,12923,Net Banking
12971,05-03-2024,Taran Talwar,East,Ranchi,Home Decor,Vase Iure,5,101655,18873,COD
12972,17-10-2023,Biju Malhotra,North,Amritsar,Toys,Doll Modi,15,199849,13440,Credit Card
12973,06-02-2024,Shlok Venkataraman,North,Lucknow,Home Decor,Cushion Recusandae,10,175055,40811,Net Banking
12974,02-07-2025,Vanya Anand,North,Chandigarh,Beauty,Perfume Unde,15,225845,34448,Credit Card
12975,24-01-2025,Tejas Ghose,South,Thiruvananthapuram,Clothing,Kids Wear Quo,10,36032,3694,Net Banking
12976,22-06-2024,Zain Kanda,East,Guwahati,Groceries,Wheat Magnam,15,49237,6411,UPI
12977,21-06-2025,Ryan Raja,East,Kolkata,Toys,Puzzle Quibusdam,10,33129,4298,Net Banking
12978,08-09-2024,Umang Thaman,South,Hyderabad,Kitchen,Juicer Eos,0,245096,40659,Net Banking
12979,16-08-2024,Lagan Jhaveri,West,Mumbai,Sports,Football Eos,20,15716,2468,Debit Card
12980,03-03-2024,Saksham Toor,East,Patna,Toys,Action Figure Tempora,10,45770,5337,COD
12981,27-11-2023,Yuvraj  Dass,West,Mumbai,Kitchen,Mixer Grinder Asperiores,20,115110,27951,UPI
12982,30-08-2024,Advika Bal,North,Amritsar,Beauty,Perfume Minus,20,62944,10997,UPI
12983,27-02-2025,Baiju Dara,East,Patna,Books,Fiction Rem,15,53117,4992,Net Banking
12984,23-12-2024,Amani Jaggi,South,Hyderabad,Home Decor,Cushion Reprehenderit,5,8913,547,Debit Card
12985,22-12-2024,Kimaya Garg,South,Hyderabad,Sports,Football Enim,20,124680,29389,Credit Card
12986,20-10-2023,Hiran Ahuja,West,Ahmedabad,Furniture,Table Quasi,5,9016,714,Debit Card
12987,15-04-2025,Samiha Upadhyay,North,Delhi,Sports,Yoga Mat Ea,10,83498,11951,Debit Card
12988,15-11-2024,Diya Bir,West,Ahmedabad,Beauty,Lipstick In,5,75595,15580,Net Banking
12989,16-01-2024,Nehmat Dugal,East,Patna,Clothing,Shoes Possimus,0,20932,3998,Net Banking
12990,04-09-2024,Samiha Raval,West,Goa,Furniture,Sofa Ducimus,10,90961,11817,COD
12991,16-03-2024,Rania Bal,North,Delhi,Furniture,Table Delectus,5,75896,6114,COD
12992,20-07-2025,Sara Virk,East,Patna,Books,Non-Fiction Suscipit,15,35673,2567,Net Banking
12993,02-04-2024,Yashvi Khurana,North,Lucknow,Clothing,Men's Wear Quidem,15,87667,21792,Credit Card
12994,02-01-2024,Vedika Ramachandran,South,Chennai,Electronics,Mobile Laboriosam,15,39523,4003,Debit Card
12995,29-03-2024,Bhamini Chatterjee,East,Patna,Books,Textbook Molestiae,5,14478,1506,Credit Card
12996,15-06-2024,Alisha Char,West,Pune,Beauty,Foundation Deserunt,5,17398,3437,COD
12997,22-04-2024,Myra Ramaswamy,West,Surat,Beauty,Lipstick Accusantium,0,792,151,Net Banking
12998,22-12-2024,Yasmin Arya,East,Bhubaneswar,Electronics,Headphones Tempora,0,79844,10269,Debit Card
12999,08-12-2024,Piya Wable,South,Chennai,Beauty,Shampoo Inventore,10,216425,25972,Credit Card
13000,05-05-2024,Hansh Ray,West,Goa,Home Decor,Vase Beatae,10,38336,8364,Debit Card
13001,02-04-2024,Jayan Toor,East,Kolkata,Electronics,Laptop Ab,20,33216,2900,UPI
13002,23-12-2023,Emir Jain,South,Hyderabad,Books,Non-Fiction Perspiciatis,5,47357,9850,UPI
13003,17-09-2025,Hansh Tata,East,Kolkata,Toys,Board Game Officiis,10,60494,12706,Debit Card
13004,07-03-2025,Mishti Chadha,East,Patna,Furniture,Cabinet Repudiandae,5,51467,10700,Credit Card
13005,22-07-2024,Shanaya Sani,South,Chennai,Furniture,Bed Dolorem,15,158372,28096,Debit Card
13006,12-06-2025,Rati Varty,South,Coimbatore,Home Decor,Wall Art Distinctio,10,120098,26134,UPI
13007,01-11-2024,Zara Din,North,Amritsar,Groceries,Wheat Soluta,0,22890,2739,UPI
13008,13-06-2025,Ahana  Choudhary,South,Hyderabad,Kitchen,Cookware Set Modi,5,16234,1767,Credit Card
13009,11-04-2025,Tejas Dugar,West,Ahmedabad,Sports,Football Commodi,15,2723,449,Credit Card
13010,03-06-2024,Adira Kale,East,Ranchi,Sports,Football Est,15,21846,2166,Net Banking
13011,22-09-2024,Stuvan Kata,East,Kolkata,Groceries,Sugar Quidem,5,105606,8497,UPI
13012,21-07-2024,Jiya Rastogi,East,Kolkata,Kitchen,Refrigerator Eaque,5,126935,18227,UPI
13013,17-07-2024,Madhav Ramakrishnan,South,Chennai,Home Decor,Cushion Provident,20,120332,6259,COD
13014,04-03-2025,Rania Sha,North,Jaipur,Home Decor,Wall Art Quia,5,282378,67948,Net Banking
13015,24-09-2025,Reyansh Chandran,South,Coimbatore,Toys,Action Figure Similique,20,215924,32678,Debit Card
13016,11-08-2024,Kaira Andra,South,Coimbatore,Toys,Doll Sit,10,9639,2117,UPI
13017,10-06-2024,Nehmat Bakshi,North,Lucknow,Sports,Football Nihil,10,31384,1698,COD
13018,22-07-2024,Yasmin Choudhary,North,Chandigarh,Groceries,Spices Nulla,0,63708,9996,Debit Card
13019,28-03-2025,Darshit Lanka,South,Chennai,Electronics,Laptop Fuga,5,69869,12029,Net Banking
13020,11-08-2025,Kaira Walia,South,Chennai,Home Decor,Cushion Exercitationem,15,167803,9532,Credit Card
13021,10-08-2024,Abram Mahajan,West,Goa,Books,Fiction Reprehenderit,5,288922,14846,Net Banking
13022,05-11-2023,Ivan Ray,East,Guwahati,Electronics,Mobile Repellat,5,241893,47369,COD
13023,07-07-2024,Prerak Brahmbhatt,West,Pune,Furniture,Sofa Saepe,0,9944,1778,UPI
13024,29-07-2025,Mamooty Luthra,South,Bangalore,Furniture,Bed Nisi,5,116556,19508,COD
13025,15-04-2025,Tushar Dani,East,Bhubaneswar,Clothing,Kids Wear Exercitationem,20,54048,12372,COD
13026,18-12-2024,Dhanush Loke,East,Bhubaneswar,Books,Non-Fiction Quae,10,262879,36854,Net Banking
13027,13-02-2024,Rohan Vora,South,Hyderabad,Clothing,Kids Wear Reprehenderit,20,60412,9610,Credit Card
13028,16-07-2025,Yuvraj  Chad,West,Surat,Toys,RC Car Alias,5,136139,21724,Net Banking
13029,12-02-2024,Shray Dewan,West,Surat,Electronics,Laptop Rerum,0,166833,25996,Debit Card
13030,15-06-2024,Vidur Dutta,North,Jaipur,Beauty,Shampoo Commodi,15,263075,30507,UPI
13031,22-12-2024,Hunar Varty,West,Mumbai,Electronics,Laptop Maxime,10,42597,9899,UPI
13032,08-04-2025,Mishti Chowdhury,West,Surat,Beauty,Shampoo Nisi,20,16552,3141,Credit Card
13033,09-12-2024,Vaibhav Singhal,South,Bangalore,Books,Textbook Quo,15,11988,1638,Credit Card
13034,31-07-2025,Farhan Kale,West,Goa,Books,Biography Quos,15,28541,3395,COD
13035,15-01-2024,Divyansh Varma,East,Guwahati,Home Decor,Wall Art Et,15,49232,4030,COD
13036,14-12-2023,Emir Kulkarni,East,Kolkata,Furniture,Bed Nulla,15,207403,18494,Credit Card
13037,14-05-2024,Elakshi Sangha,West,Goa,Kitchen,Microwave Veniam,10,238055,28025,Net Banking
13038,26-08-2025,Vivaan Basu,East,Patna,Home Decor,Lamp Nulla,20,62926,10079,Net Banking
13039,08-12-2024,Damini Hora,North,Chandigarh,Home Decor,Lamp Praesentium,10,88115,11764,Credit Card
13040,14-12-2023,Aaryahi Taneja,North,Chandigarh,Electronics,Smartwatch Iste,15,106038,10712,Credit Card
13041,18-10-2024,Himmat Warrior,West,Surat,Clothing,Women's Wear Possimus,15,152078,7927,Credit Card
13042,17-04-2025,Indrans Seth,West,Ahmedabad,Clothing,Kids Wear Eum,0,22723,3015,Net Banking
13043,17-03-2024,Shaan Sunder,West,Surat,Groceries,Rice Id,10,47753,6951,UPI
13044,02-12-2023,Aayush Kakar,South,Thiruvananthapuram,Beauty,Foundation Ad,20,13079,2485,COD
13045,26-02-2024,Divit Koshy,North,Jaipur,Electronics,Camera Culpa,15,66473,10615,Credit Card
13046,02-12-2023,Lakshay Devan,North,Chandigarh,Books,Biography Laboriosam,0,100515,12501,Debit Card
13047,23-10-2024,Lagan Sarna,West,Goa,Furniture,Cabinet Quibusdam,15,67639,10345,UPI
13048,16-10-2024,Heer Dugal,East,Guwahati,Beauty,Lipstick Ea,20,56829,5864,Credit Card
13049,03-04-2025,Dhanuk Atwal,North,Amritsar,Electronics,Smartwatch Minus,0,139930,19955,Credit Card
13050,15-01-2025,Eva Arora,East,Guwahati,Electronics,Mobile Dolores,10,64688,9796,Net Banking
13051,25-06-2024,Kashvi Sandhu,West,Mumbai,Electronics,Smartwatch Vitae,20,94388,22123,Debit Card
13052,19-01-2025,Pranay Iyengar,North,Lucknow,Books,Non-Fiction Iste,5,111701,13191,Debit Card
13053,09-06-2025,Kartik Dutt,East,Guwahati,Beauty,Lipstick Accusamus,0,292848,43805,Debit Card
13054,11-12-2024,Divyansh Bumb,West,Pune,Kitchen,Juicer Iure,10,69260,8452,COD
13055,04-08-2025,Shalv Garde,East,Kolkata,Sports,Cricket Bat Corrupti,0,77933,7876,Net Banking
13056,18-05-2025,Samarth Brar,East,Ranchi,Beauty,Face Cream Voluptatibus,10,111551,15435,UPI
13057,22-11-2023,Inaaya  Subramanian,East,Patna,Furniture,Bed Ullam,0,71084,6883,Net Banking
13058,16-09-2025,Sumer Majumdar,South,Chennai,Electronics,Smartwatch Consectetur,10,170465,10224,COD
13059,31-05-2024,Raghav Hari,West,Goa,Groceries,Rice Esse,0,239523,26324,Net Banking
13060,16-03-2024,Jiya Chaudhary,East,Patna,Books,Textbook Commodi,15,269,38,Net Banking
13061,18-08-2025,Ojas Bala,West,Surat,Electronics,Smartwatch Suscipit,10,7061,1206,Debit Card
13062,16-01-2024,Samarth Gera,West,Mumbai,Kitchen,Mixer Grinder Enim,15,156363,36553,Net Banking
13063,14-05-2024,Samarth Dar,West,Ahmedabad,Beauty,Face Cream Voluptates,15,8143,728,Debit Card
13064,11-02-2024,Trisha Sodhi,South,Hyderabad,Clothing,Kids Wear Magnam,5,12411,2482,Net Banking
13065,30-06-2025,Parinaaz Sidhu,East,Guwahati,Toys,RC Car Consectetur,10,174728,41459,Debit Card
13066,04-11-2024,Gatik Chaudhary,East,Patna,Furniture,Bed Esse,5,264,19,UPI
13067,02-05-2024,Diya Buch,North,Delhi,Electronics,Camera Corrupti,10,49988,6019,Credit Card
13068,14-10-2024,Dhanuk Bava,South,Bangalore,Electronics,Headphones Voluptates,10,267210,19685,COD
13069,01-02-2025,Manjari Rajagopal,West,Pune,Books,Textbook Animi,10,289044,51824,COD
13070,07-05-2024,Aarav Rastogi,East,Kolkata,Kitchen,Juicer Excepturi,5,75171,11863,Credit Card
13071,16-04-2024,Keya Edwin,South,Bangalore,Toys,Puzzle Ut,5,69193,9253,Debit Card
13072,12-04-2024,Rania Raman,South,Coimbatore,Furniture,Chair Perferendis,0,32720,2780,UPI
13073,30-12-2023,Hrishita Bera,South,Bangalore,Groceries,Wheat Veniam,5,93598,11214,Debit Card
13074,23-10-2024,Samiha Sachar,West,Pune,Furniture,Sofa Atque,10,306572,51209,UPI
13075,09-10-2023,Ayesha D’Alia,South,Thiruvananthapuram,Sports,Tennis Racket Cumque,5,68704,13929,Credit Card
13076,03-09-2025,Kimaya Dugar,East,Bhubaneswar,Home Decor,Lamp Excepturi,20,63243,10326,COD
13077,30-06-2025,Ayesha Garde,West,Surat,Home Decor,Vase Quo,15,12215,1679,UPI
13078,29-05-2025,Armaan Krishnamurthy,South,Thiruvananthapuram,Electronics,Laptop Aperiam,5,25247,2402,Debit Card
13079,19-10-2023,Yasmin Wable,West,Pune,Sports,Football Consequatur,5,75396,12703,Net Banking
13080,01-11-2024,Mehul Hayre,West,Ahmedabad,Furniture,Sofa Soluta,15,175027,17034,UPI
13081,04-04-2025,Ahana  Ray,South,Chennai,Groceries,Wheat A,10,20165,3987,Net Banking
13082,15-12-2023,Nitya Kohli,South,Bangalore,Beauty,Shampoo Possimus,5,120181,19413,Credit Card
13083,18-07-2025,Rania Sarma,West,Goa,Furniture,Bed Ipsa,10,44667,3531,UPI
13084,24-11-2023,Jayan Chanda,East,Kolkata,Beauty,Perfume Dolorum,10,124014,17277,Debit Card
13085,06-08-2024,Suhana Raval,South,Bangalore,Clothing,Men's Wear Molestias,0,19394,2148,COD
13086,09-10-2024,Ira Date,South,Coimbatore,Toys,RC Car Quos,5,3691,381,Credit Card
13087,04-11-2024,Anahita Verma,West,Goa,Electronics,Laptop Quas,5,108662,26445,Net Banking
13088,02-04-2024,Charvi Ganesh,North,Delhi,Kitchen,Cookware Set Esse,10,41038,8831,UPI
13089,28-09-2024,Mishti Gupta,North,Amritsar,Electronics,Laptop Magnam,10,55303,13411,COD
13090,20-07-2024,Ishaan Madan,North,Lucknow,Beauty,Lipstick Eligendi,10,279184,37206,UPI
13091,13-03-2024,Madhav Kashyap,West,Mumbai,Groceries,Rice Similique,15,145826,7889,COD
13092,09-08-2024,Ryan Tank,North,Delhi,Home Decor,Clock Quisquam,10,89579,15572,COD
13093,06-04-2024,Advik Contractor,West,Pune,Books,Non-Fiction Veniam,10,47827,8928,UPI
13094,04-05-2025,Dhanuk Krish,South,Chennai,Electronics,Smartwatch Perspiciatis,10,31195,4803,Credit Card
13095,13-08-2024,Kabir Sunder,South,Bangalore,Electronics,Smartwatch Iusto,0,61952,5178,UPI
13096,24-05-2024,Nitara Contractor,South,Thiruvananthapuram,Sports,Dumbbells Magnam,15,24944,2237,UPI
13097,08-12-2024,Lagan Hans,East,Guwahati,Clothing,Men's Wear Officia,10,143960,31677,UPI
13098,27-06-2024,Adira Bala,North,Jaipur,Electronics,Smartwatch Quibusdam,20,249644,38503,Debit Card
13099,11-09-2024,Riaan Dutta,South,Coimbatore,Sports,Cricket Bat Itaque,10,144750,22217,Debit Card
13100,07-07-2024,Tanya Goel,East,Ranchi,Beauty,Perfume Dolor,10,282119,17583,UPI
13101,18-04-2025,Vanya Gade,North,Lucknow,Furniture,Sofa Sed,15,8771,1189,Credit Card
13102,06-09-2024,Madhup Bumb,North,Delhi,Electronics,Headphones Ut,10,34699,8271,COD
13103,04-09-2025,Jayan Jaggi,East,Kolkata,Furniture,Sofa Reprehenderit,10,60660,14264,UPI
13104,05-01-2024,Nitya Saini,East,Bhubaneswar,Groceries,Sugar Excepturi,15,67191,9016,Net Banking
13105,04-06-2025,Adira Kota,West,Surat,Kitchen,Juicer Enim,15,8163,1970,Debit Card
13106,16-02-2025,Ira Bains,North,Chandigarh,Kitchen,Mixer Grinder Quas,10,129649,27367,COD
13107,29-06-2025,Chirag Dugar,West,Pune,Clothing,Women's Wear Eaque,5,293219,68139,COD
13108,17-02-2025,Dhanush Tandon,North,Amritsar,Kitchen,Juicer Voluptatem,0,129704,28407,Debit Card
13109,06-12-2024,Aarna Chakrabarti,West,Goa,Clothing,Women's Wear Inventore,10,228456,56514,COD
13110,28-02-2025,Damini Goel,West,Mumbai,Toys,Action Figure Fugit,10,124493,19127,COD
13111,13-08-2024,Siya Subramaniam,North,Chandigarh,Toys,Action Figure Magni,5,33288,7422,COD
13112,21-09-2025,Anika Chaudhry,South,Coimbatore,Kitchen,Mixer Grinder Officiis,20,94140,13631,COD
13113,25-05-2024,Tarini Manne,West,Pune,Groceries,Rice Illo,10,22708,2207,Debit Card
13114,17-03-2024,Dharmajan Kapadia,North,Lucknow,Electronics,Mobile Deserunt,5,11985,2017,UPI
13115,23-03-2025,Onkar Dhar,South,Hyderabad,Books,Fiction Omnis,0,93680,22093,Credit Card
13116,09-12-2023,Samarth Wagle,West,Mumbai,Clothing,Women's Wear Id,15,134088,10254,UPI
13117,24-02-2025,Piya Khurana,South,Coimbatore,Electronics,Headphones Non,5,87472,9805,UPI
13118,03-12-2023,Dhanuk Rao,South,Hyderabad,Groceries,Rice Porro,20,112684,25921,COD
13119,03-07-2024,Shanaya Desai,South,Chennai,Toys,Action Figure Quis,15,82504,17146,Net Banking
13120,02-05-2024,Ishita Khosla,East,Bhubaneswar,Home Decor,Lamp Id,5,23030,2475,COD
13121,24-07-2024,Navya Dora,East,Bhubaneswar,Sports,Tennis Racket Consequatur,10,246267,39195,UPI
13122,09-12-2024,Aarush Bains,East,Kolkata,Beauty,Lipstick Accusamus,0,317555,75212,Credit Card
13123,11-05-2025,Sara Sarna,East,Patna,Books,Textbook Fuga,20,3350,332,Net Banking
13124,03-12-2023,Yasmin Konda,South,Hyderabad,Electronics,Smartwatch Accusamus,0,55644,9752,COD
13125,08-03-2024,Yashvi Banik,South,Bangalore,Furniture,Cabinet Eligendi,20,192316,10171,Net Banking
13126,03-09-2024,Dhanush Vig,West,Pune,Books,Biography Enim,5,43850,8030,Net Banking
13127,28-06-2025,Zeeshan Gala,North,Amritsar,Toys,Board Game Itaque,5,206730,28479,COD
13128,02-01-2024,Dhanush Dhingra,East,Patna,Beauty,Foundation Blanditiis,5,46580,9344,Net Banking
13129,21-03-2024,Kabir Golla,North,Chandigarh,Sports,Dumbbells Odio,15,11110,1550,UPI
13130,26-06-2024,Sumer Ramachandran,South,Chennai,Beauty,Foundation Expedita,15,34850,4658,Net Banking
13131,27-02-2024,Myra Chatterjee,South,Bangalore,Electronics,Mobile Corrupti,20,6458,1536,Net Banking
13132,10-11-2023,Hansh Sankaran,North,Chandigarh,Electronics,Mobile Facilis,10,29416,5837,COD
13133,15-03-2025,Shray Hayre,West,Ahmedabad,Home Decor,Vase Eveniet,0,211744,32980,UPI
13134,12-01-2024,Kartik Sagar,West,Ahmedabad,Sports,Cricket Bat Eos,10,96660,13966,Debit Card
13135,07-08-2025,Ira Subramanian,South,Hyderabad,Electronics,Mobile Et,5,201533,11395,Credit Card
13136,27-03-2024,Seher Din,East,Guwahati,Toys,Puzzle Dolore,5,149874,26015,Debit Card
13137,08-03-2025,Diya Mahal,East,Patna,Sports,Dumbbells Sed,20,11643,916,COD
13138,08-10-2023,Neelofar Karnik,West,Goa,Electronics,Mobile Aut,20,37171,7036,COD
13139,08-04-2024,Saanvi Sawhney,East,Kolkata,Kitchen,Juicer Quidem,10,208714,32534,Net Banking
13140,23-03-2025,Aniruddh Kar,West,Surat,Kitchen,Microwave Optio,5,62729,13505,COD
13141,15-08-2025,Lavanya Wable,South,Thiruvananthapuram,Clothing,Women's Wear Ducimus,20,46977,8783,Net Banking
13142,14-01-2025,Ishita Kaur,West,Ahmedabad,Books,Non-Fiction Reiciendis,0,169056,32024,Net Banking
13143,31-05-2025,Romil Dugal,North,Lucknow,Electronics,Headphones Libero,0,198224,31758,COD
13144,14-11-2024,Nakul Varghese,West,Ahmedabad,Groceries,Sugar Rerum,0,290984,61010,Credit Card
13145,02-03-2024,Amira Bora,West,Mumbai,Kitchen,Juicer Rem,15,12767,2840,Credit Card
13146,21-07-2025,Nakul Chand,North,Amritsar,Clothing,Accessories Corporis,10,295200,63951,Debit Card
13147,18-12-2023,Sana Kalita,South,Coimbatore,Kitchen,Juicer Quod,0,111742,11119,UPI
13148,27-11-2024,Yasmin Sood,West,Pune,Sports,Dumbbells Iusto,0,92784,18736,UPI
13149,22-08-2024,Indrajit Mall,South,Hyderabad,Groceries,Spices Quisquam,20,77228,18754,UPI
13150,08-09-2024,Krish Dar,South,Chennai,Furniture,Cabinet Dolores,0,192685,15407,Net Banking
13151,04-06-2025,Yasmin Saran,West,Surat,Sports,Yoga Mat Aliquam,0,103440,16829,Credit Card
13152,30-12-2024,Hazel Dhar,South,Hyderabad,Beauty,Face Cream Sit,20,235036,18424,Net Banking
13153,17-09-2025,Vedika Mane,North,Amritsar,Clothing,Kids Wear Iure,20,2982,713,Net Banking
13154,22-11-2024,Nayantara Majumdar,South,Chennai,Home Decor,Vase Rerum,5,311534,49261,UPI
13155,06-09-2024,Shanaya Kapoor,North,Chandigarh,Clothing,Men's Wear Odit,15,252508,47461,Net Banking
13156,25-05-2024,Zara Varghese,West,Goa,Toys,RC Car Minima,5,149820,19113,Debit Card
13157,22-02-2024,Inaaya  Dara,North,Amritsar,Groceries,Wheat Distinctio,20,59603,4144,COD
13158,19-11-2024,Stuvan Sangha,South,Hyderabad,Groceries,Wheat Sed,15,196109,14044,Credit Card
13159,29-04-2024,Tara Gill,North,Amritsar,Furniture,Cabinet Magnam,10,29300,3887,Credit Card
13160,29-10-2023,Saanvi Sahni,West,Goa,Electronics,Headphones Corporis,20,113414,17485,Credit Card
13161,26-11-2023,Ritvik Dash,North,Delhi,Home Decor,Cushion Et,5,106687,5727,Credit Card
13162,22-06-2025,Hridaan Gade,West,Pune,Clothing,Kids Wear Enim,0,71307,3732,COD
13163,22-08-2025,Gatik Savant,East,Kolkata,Electronics,Mobile Facilis,20,78458,10542,COD
13164,22-11-2024,Kavya Bajaj,South,Coimbatore,Kitchen,Cookware Set Eos,10,325953,21191,COD
13165,24-10-2024,Yasmin Uppal,West,Goa,Groceries,Wheat Eum,15,81872,12870,UPI
13166,03-08-2024,Vedika Yadav,East,Ranchi,Clothing,Accessories Velit,20,104787,15071,Net Banking
13167,15-05-2025,Lavanya Srivastava,South,Bangalore,Sports,Yoga Mat Facere,15,48294,9440,Credit Card
13168,17-06-2025,Ishita Chacko,North,Lucknow,Books,Biography Sed,20,65932,10866,Debit Card
13169,26-08-2024,Zain Guha,East,Patna,Clothing,Shoes Consectetur,0,53530,12039,Credit Card
13170,23-07-2025,Piya Sani,West,Goa,Books,Non-Fiction Omnis,10,6228,750,UPI
13171,21-06-2025,Sara Deshmukh,West,Pune,Clothing,Women's Wear Repellendus,20,174283,15378,COD
13172,11-01-2025,Dhanuk Din,North,Delhi,Electronics,Camera Vero,20,166029,37882,Debit Card
13173,10-07-2025,Taimur Banerjee,North,Delhi,Kitchen,Mixer Grinder Animi,10,169227,29678,Net Banking
13174,09-05-2025,Hunar Aggarwal,South,Coimbatore,Sports,Cricket Bat Assumenda,15,64640,6608,Debit Card
13175,08-10-2023,Armaan Dugar,East,Bhubaneswar,Books,Comics Esse,10,263736,28829,Debit Card
13176,18-05-2025,Ehsaan Srivastava,West,Pune,Furniture,Cabinet Accusantium,20,58806,4650,Debit Card
13177,23-01-2025,Indrajit Kapadia,West,Pune,Kitchen,Cookware Set Necessitatibus,10,100445,11651,Credit Card
13178,30-11-2024,Vaibhav Bora,East,Guwahati,Beauty,Perfume Exercitationem,5,79479,14297,Debit Card
13179,27-06-2024,Sumer Thakkar,South,Thiruvananthapuram,Clothing,Shoes Quia,20,42199,2795,Net Banking
13180,29-09-2025,Kismat Das,North,Lucknow,Home Decor,Lamp Illo,20,81539,4893,Debit Card
13181,11-05-2024,Saanvi Yogi,South,Chennai,Sports,Tennis Racket Laboriosam,20,50085,5299,Credit Card
13182,06-11-2024,Dhruv Divan,South,Coimbatore,Home Decor,Clock Aut,0,87478,18773,Credit Card
13183,08-02-2024,Zoya Sami,South,Coimbatore,Home Decor,Cushion Quibusdam,5,5123,820,UPI
13184,16-07-2024,Mishti Manne,South,Coimbatore,Sports,Tennis Racket Libero,0,59856,14317,UPI
13185,24-07-2025,Jivika Ratti,East,Bhubaneswar,Books,Textbook Enim,15,48446,11984,COD
13186,23-01-2024,Hridaan Shan,East,Guwahati,Electronics,Smartwatch Assumenda,5,104505,16063,COD
13187,10-02-2025,Parinaaz D’Alia,West,Goa,Furniture,Table Voluptatum,10,185347,20454,Credit Card
13188,07-01-2025,Jayan Chahal,South,Hyderabad,Toys,Board Game Minima,10,101663,10123,COD
13189,07-12-2024,Dharmajan Ratti,West,Surat,Books,Textbook Voluptates,10,87736,19597,Net Banking
13190,30-05-2025,Dhruv Kulkarni,East,Patna,Books,Fiction Ipsum,0,158652,38519,Credit Card
13191,19-03-2025,Jayan Vasa,North,Lucknow,Groceries,Oil Sequi,0,16219,2678,UPI
13192,07-05-2025,Indranil Sood,East,Guwahati,Kitchen,Cookware Set Odio,0,63000,4286,Net Banking
13193,29-06-2025,Misha Bandi,South,Coimbatore,Kitchen,Cookware Set Doloribus,20,54896,11120,COD
13194,22-11-2024,Shlok Bakshi,South,Thiruvananthapuram,Sports,Cricket Bat Placeat,10,18284,2903,Credit Card
13195,06-07-2024,Urvi Ganesh,East,Ranchi,Beauty,Face Cream Corrupti,20,40658,6268,Credit Card
13196,19-07-2024,Pranay Gola,West,Pune,Groceries,Wheat Delectus,0,58194,6750,Credit Card
13197,24-03-2025,Adah Bassi,South,Thiruvananthapuram,Toys,Doll Nam,10,169569,26335,Net Banking
13198,09-04-2025,Nayantara Savant,North,Amritsar,Books,Textbook Saepe,5,112822,18547,COD
13199,07-07-2025,Kabir Gill,South,Hyderabad,Sports,Tennis Racket Voluptatum,0,374035,31406,UPI
13200,06-01-2025,Kanav Tank,South,Coimbatore,Books,Comics Quisquam,10,75057,11023,Credit Card
13201,06-10-2024,Nayantara Hegde,South,Bangalore,Sports,Dumbbells Iste,10,204142,35280,Debit Card
13202,06-05-2025,Tejas Bhardwaj,North,Jaipur,Groceries,Sugar Ab,15,65347,16285,Net Banking
13203,20-11-2024,Darshit Borra,South,Bangalore,Beauty,Foundation Deserunt,5,111740,21028,Debit Card
13204,28-04-2025,Vritika Gopal,North,Amritsar,Kitchen,Mixer Grinder Sed,15,60557,14619,UPI
13205,23-06-2024,Onkar Rajagopalan,West,Mumbai,Kitchen,Microwave Natus,20,171149,9394,UPI
13206,01-10-2025,Parinaaz Dewan,West,Surat,Home Decor,Lamp Animi,10,27580,1966,UPI
13207,24-11-2024,Mehul Bhatti,North,Jaipur,Sports,Cricket Bat Debitis,0,65144,12520,UPI
13208,28-09-2025,Vidur Dani,West,Goa,Kitchen,Juicer Nostrum,5,33039,6917,Debit Card
13209,20-08-2024,Yuvraj  Garde,West,Ahmedabad,Furniture,Sofa Reiciendis,15,123576,27773,COD
13210,23-10-2024,Jayant Atwal,North,Amritsar,Kitchen,Juicer Corporis,10,35885,7384,Credit Card
13211,11-03-2025,Miraan Jayaraman,West,Pune,Kitchen,Mixer Grinder Occaecati,5,186250,44988,Credit Card
13212,11-01-2025,Shlok Bose,North,Jaipur,Groceries,Rice Quos,15,52886,13146,Debit Card
13213,02-04-2025,Kimaya Bansal,West,Pune,Electronics,Smartwatch Sit,5,265707,26038,Debit Card
13214,08-07-2025,Badal Chaudhary,East,Kolkata,Furniture,Chair Amet,0,212202,52505,UPI
13215,09-08-2024,Jiya Chacko,East,Bhubaneswar,Books,Fiction Consectetur,10,34569,3215,Net Banking
13216,05-06-2024,Sahil Srinivasan,North,Lucknow,Books,Textbook Voluptatem,10,32990,1892,UPI
13217,13-12-2023,Ivan Kashyap,West,Pune,Kitchen,Cookware Set Dolores,5,20116,3692,Net Banking
13218,15-03-2025,Umang Barad,North,Jaipur,Home Decor,Wall Art Odit,5,7437,1020,Credit Card
13219,31-12-2023,Yuvraj  Mand,East,Kolkata,Clothing,Kids Wear Tempore,20,83552,5411,Debit Card
13220,24-06-2024,Yuvraj  Deo,North,Amritsar,Electronics,Camera Ipsam,15,68904,13538,Credit Card
13221,11-06-2025,Nayantara Bhalla,South,Hyderabad,Furniture,Chair Eveniet,20,219667,39725,COD
13222,01-01-2024,Kashvi Sekhon,East,Bhubaneswar,Groceries,Spices Eos,20,20378,3783,COD
13223,10-03-2024,Jayesh Ratti,South,Thiruvananthapuram,Kitchen,Juicer Doloremque,5,107308,6756,UPI
13224,07-06-2024,Samaira Mane,North,Amritsar,Sports,Cricket Bat Officia,5,114280,5891,UPI
13225,06-08-2024,Indrajit Rao,North,Amritsar,Groceries,Rice Aliquid,5,67555,16413,Net Banking
13226,30-07-2025,Vihaan Chaudhari,West,Ahmedabad,Home Decor,Clock Magnam,15,172070,21982,COD
13227,13-04-2024,Saanvi Sankar,East,Bhubaneswar,Sports,Football Distinctio,10,278248,27846,Debit Card
13228,17-09-2024,Nirvaan Rama,South,Hyderabad,Groceries,Sugar Voluptatum,5,73733,8422,UPI
13229,17-12-2023,Hridaan Swaminathan,South,Coimbatore,Electronics,Mobile Quod,15,179869,33452,COD
13230,22-07-2024,Prerak Dora,North,Amritsar,Sports,Cricket Bat Assumenda,20,120024,16077,Net Banking
13231,11-11-2023,Kashvi Mani,South,Coimbatore,Clothing,Shoes Unde,0,24510,4858,COD
13232,04-07-2024,Ishaan Sagar,North,Jaipur,Books,Non-Fiction Perferendis,5,21484,3028,UPI
13233,27-10-2024,Trisha Kari,North,Delhi,Beauty,Shampoo Minus,10,43412,2965,Credit Card
13234,26-01-2025,Kaira Gour,West,Goa,Clothing,Women's Wear Mollitia,0,14394,2239,Credit Card
13235,29-02-2024,Jivin Chakrabarti,East,Kolkata,Furniture,Bed Praesentium,0,4664,307,COD
13236,30-05-2025,Advika Majumdar,North,Delhi,Toys,RC Car Blanditiis,15,8468,2115,Credit Card
13237,22-04-2024,Sumer Basu,East,Kolkata,Books,Biography Nisi,0,1995,291,Credit Card
13238,27-05-2024,Vardaniya Barad,East,Ranchi,Kitchen,Refrigerator Animi,5,37144,3706,COD
13239,20-10-2024,Vihaan Aurora,West,Surat,Groceries,Sugar Sed,15,15467,3000,Credit Card
13240,09-06-2024,Heer Subramaniam,East,Ranchi,Beauty,Shampoo Facilis,0,40764,8951,Debit Card
13241,16-07-2025,Samar Dhaliwal,East,Guwahati,Clothing,Accessories Maiores,10,259736,53930,Debit Card
13242,20-03-2025,Kabir Sundaram,South,Thiruvananthapuram,Furniture,Bed At,10,48627,4121,Debit Card
13243,16-01-2025,Trisha Balan,North,Delhi,Clothing,Men's Wear Ea,10,86414,15870,Credit Card
13244,17-11-2023,Yuvaan Sankar,South,Thiruvananthapuram,Books,Textbook Reprehenderit,10,116996,9366,Credit Card
13245,03-09-2025,Adah Raj,North,Lucknow,Sports,Tennis Racket Quos,15,53667,8820,Debit Card
13246,13-02-2025,Anahi Aggarwal,North,Chandigarh,Toys,Board Game Modi,5,94966,19775,Credit Card
13247,06-08-2025,Elakshi Batra,South,Hyderabad,Beauty,Perfume Occaecati,10,117718,24367,Net Banking
13248,09-11-2024,Anahi Balakrishnan,West,Goa,Sports,Dumbbells In,20,34451,3380,Credit Card
13249,17-05-2025,Inaaya  Ben,West,Goa,Clothing,Men's Wear Repellat,20,2436,223,UPI
13250,10-04-2024,Pihu Kalla,West,Ahmedabad,Kitchen,Cookware Set Occaecati,15,22496,2505,COD
13251,01-06-2024,Tiya Mall,West,Goa,Books,Comics Esse,15,26309,5483,UPI
13252,13-02-2025,Zara Kakar,South,Chennai,Sports,Tennis Racket Consequuntur,0,93594,9323,UPI
13253,22-10-2023,Onkar Kohli,North,Chandigarh,Beauty,Shampoo Labore,15,33469,7826,Debit Card
13254,25-07-2024,Kismat Kalita,South,Hyderabad,Furniture,Sofa Reprehenderit,5,31184,6831,Net Banking
13255,04-10-2024,Gatik Singh,West,Pune,Kitchen,Refrigerator Officiis,15,220490,26192,UPI
13256,20-10-2024,Ela Chanda,South,Thiruvananthapuram,Groceries,Oil Officiis,20,55662,12414,Net Banking
13257,16-12-2024,Manjari Dixit,South,Chennai,Beauty,Face Cream Nihil,10,81644,7788,COD
13258,03-04-2024,Kavya Luthra,South,Thiruvananthapuram,Toys,Doll Nemo,20,158326,31387,UPI
13259,03-11-2023,Riaan Bassi,South,Hyderabad,Toys,Doll Expedita,15,116318,20799,COD
13260,16-06-2025,Shray Venkataraman,West,Mumbai,Books,Comics Quam,0,217328,34420,COD
13261,26-02-2024,Jivin Ben,West,Pune,Sports,Cricket Bat Quidem,20,70336,15558,UPI
13262,15-05-2025,Kiara Iyer,South,Chennai,Kitchen,Cookware Set Dignissimos,20,48013,7293,Credit Card
13263,02-01-2024,Aarav Loke,South,Hyderabad,Clothing,Accessories Eius,0,210672,33035,Net Banking
13264,05-11-2023,Urvi Khatri,South,Bangalore,Kitchen,Juicer Quia,15,132605,24250,UPI
13265,06-04-2024,Nirvi Kadakia,South,Coimbatore,Home Decor,Vase Iusto,10,9895,826,UPI
13266,29-08-2024,Miraya Lad,West,Surat,Home Decor,Lamp Repudiandae,0,183105,16121,Credit Card
13267,30-04-2024,Divyansh Rastogi,South,Coimbatore,Sports,Yoga Mat Ex,15,210175,37015,COD
13268,02-06-2025,Abram Chaudry,West,Pune,Electronics,Camera Nisi,5,127862,7221,Net Banking
13269,12-04-2025,Vardaniya Chakrabarti,South,Chennai,Home Decor,Lamp Possimus,10,88529,14352,Net Banking
13270,06-01-2024,Aaryahi Kari,South,Bangalore,Books,Comics Praesentium,5,13456,1837,Credit Card
13271,12-10-2023,Samiha Chopra,East,Kolkata,Groceries,Oil Error,20,242400,48573,COD
13272,06-07-2024,Aayush Sengupta,East,Ranchi,Toys,Puzzle Illo,15,325316,41394,Net Banking
13273,05-01-2024,Darshit Agrawal,South,Hyderabad,Beauty,Foundation Esse,10,77116,5993,Net Banking
13274,16-01-2025,Jiya Desai,East,Guwahati,Home Decor,Lamp Neque,0,108756,26187,Net Banking
13275,30-03-2025,Krish Vaidya,South,Chennai,Groceries,Spices Debitis,20,37059,2251,UPI
13276,06-12-2024,Tushar Sachdev,North,Amritsar,Furniture,Bed Odit,5,14345,2601,COD
13277,27-03-2025,Mamooty Hans,North,Chandigarh,Electronics,Camera Culpa,5,111293,25462,COD
13278,19-11-2024,Nishith Bir,East,Bhubaneswar,Sports,Dumbbells Doloremque,20,190150,41659,Debit Card
13279,17-10-2023,Samar Upadhyay,North,Lucknow,Electronics,Camera Placeat,15,174990,16207,Debit Card
13280,15-02-2025,Ranbir Kant,East,Patna,Kitchen,Microwave Cum,20,100272,6310,Credit Card
13281,31-12-2023,Lakshay Dhar,North,Lucknow,Electronics,Laptop Non,0,56967,13168,Debit Card
13282,08-04-2025,Ranbir Dugal,North,Lucknow,Books,Comics A,20,24295,1859,Net Banking
13283,03-02-2025,Yakshit Sur,East,Bhubaneswar,Books,Textbook Illo,15,50153,2769,Credit Card
13284,23-04-2024,Tejas Sastry,East,Kolkata,Kitchen,Juicer Hic,10,134667,9914,UPI
13285,05-11-2023,Ryan Chad,East,Ranchi,Electronics,Headphones Dolore,5,110404,19257,Debit Card
13286,31-07-2025,Ehsaan Butala,West,Goa,Toys,Puzzle Libero,20,177504,28065,COD
13287,18-06-2024,Jayesh Chander,South,Coimbatore,Electronics,Smartwatch Saepe,10,23579,4794,COD
13288,14-10-2024,Yuvraj  Shroff,West,Pune,Beauty,Shampoo Itaque,15,54511,8643,UPI
13289,21-09-2025,Kiaan Mander,East,Kolkata,Toys,Action Figure Laboriosam,15,14051,1904,Debit Card
13290,26-10-2024,Madhup Sagar,South,Coimbatore,Clothing,Kids Wear Deleniti,20,140528,9631,Credit Card
13291,16-06-2025,Taran Bala,East,Guwahati,Books,Comics Omnis,20,32800,4222,UPI
13292,27-08-2025,Hunar Johal,East,Kolkata,Toys,Puzzle Deserunt,20,315064,44013,Net Banking
13293,06-06-2025,Madhav Halder,South,Bangalore,Groceries,Rice Doloribus,0,107718,18421,COD
13294,17-11-2024,Piya Amble,East,Ranchi,Books,Non-Fiction Autem,0,162568,18654,COD
13295,14-02-2024,Sahil Deshmukh,South,Thiruvananthapuram,Groceries,Rice Commodi,20,72531,4268,Net Banking
13296,01-07-2025,Nitara Sahota,North,Chandigarh,Beauty,Lipstick Aliquam,5,175646,33039,UPI
13297,14-10-2023,Kashvi Chahal,West,Ahmedabad,Electronics,Headphones Ipsum,0,47166,11645,Credit Card
13298,25-02-2024,Ira Borra,South,Thiruvananthapuram,Furniture,Cabinet Doloribus,20,9523,1644,Credit Card
13299,02-08-2025,Arnav Shroff,East,Patna,Toys,Puzzle Dolore,15,60133,7744,Debit Card
13300,21-07-2024,Nirvi Sankaran,West,Pune,Home Decor,Lamp Enim,0,302315,32488,Debit Card
13301,05-05-2024,Renee Ganesan,North,Jaipur,Beauty,Face Cream Nulla,0,181065,32531,UPI
13302,23-06-2025,Vidur Mannan,East,Guwahati,Beauty,Shampoo Fuga,20,10715,862,Debit Card
13303,21-05-2025,Riya Varughese,East,Bhubaneswar,Electronics,Mobile Impedit,5,164072,29286,Debit Card
13304,06-07-2025,Kimaya Halder,West,Ahmedabad,Clothing,Accessories Consectetur,10,86998,20432,Net Banking
13305,01-12-2023,Anvi Kapoor,North,Jaipur,Home Decor,Lamp Dolorum,15,91440,21533,COD
13306,22-06-2024,Anahita De,South,Thiruvananthapuram,Clothing,Kids Wear Suscipit,0,52535,11583,COD
13307,23-08-2025,Arnav Savant,West,Pune,Electronics,Laptop Fuga,10,26662,3224,Debit Card
13308,27-04-2025,Dharmajan Vora,West,Goa,Furniture,Cabinet Deserunt,10,24808,3716,Net Banking
13309,04-05-2025,Tanya Dave,West,Pune,Books,Biography Ullam,20,10884,721,COD
13310,10-06-2024,Tanya Sankaran,West,Mumbai,Kitchen,Juicer Dignissimos,10,138337,26345,Net Banking
13311,08-04-2025,Alia Bhasin,North,Lucknow,Beauty,Lipstick Ea,5,10363,703,Debit Card
13312,08-10-2023,Divij Gade,West,Pune,Sports,Yoga Mat Voluptate,5,112651,9074,Debit Card
13313,08-11-2023,Anika Balasubramanian,East,Bhubaneswar,Toys,RC Car Ducimus,20,181680,43030,Credit Card
13314,24-01-2025,Dhanush Varughese,North,Amritsar,Electronics,Headphones Deleniti,20,83299,16207,Debit Card
13315,23-05-2024,Fateh Tak,South,Bangalore,Beauty,Foundation Aperiam,15,34144,7509,Debit Card
13316,06-07-2025,Umang Gulati,North,Delhi,Books,Biography Eos,15,220789,18417,UPI
13317,06-10-2023,Samarth Kurian,West,Goa,Furniture,Bed Molestiae,10,17434,3457,Debit Card
13318,01-07-2024,Badal Karan,East,Bhubaneswar,Sports,Tennis Racket Quia,20,122848,19075,Debit Card
13319,17-10-2024,Uthkarsh Tara,South,Thiruvananthapuram,Electronics,Laptop Soluta,0,110268,18620,Credit Card
13320,20-05-2025,Tarini Sarna,North,Chandigarh,Home Decor,Cushion Iste,15,195771,28792,Credit Card
13321,30-05-2024,Manikya Kara,West,Goa,Home Decor,Cushion Quae,10,264204,20530,UPI
13322,06-02-2025,Arhaan Garg,West,Ahmedabad,Sports,Dumbbells Dignissimos,0,144200,8686,Credit Card
13323,29-02-2024,Jhanvi Char,West,Mumbai,Books,Fiction Ratione,5,83082,8025,Net Banking
13324,23-07-2024,Dhruv Chakraborty,East,Bhubaneswar,Books,Biography Voluptates,20,39654,3688,Credit Card
13325,01-04-2024,Nitya Bajwa,East,Kolkata,Clothing,Women's Wear Temporibus,5,12185,2897,Net Banking
13326,23-05-2024,Ranbir Singhal,South,Coimbatore,Books,Non-Fiction Ipsa,0,32700,6688,Credit Card
13327,18-07-2024,Lakshit Mahajan,East,Kolkata,Groceries,Oil Dignissimos,15,56263,10655,Net Banking
13328,24-12-2023,Prerak Sankaran,North,Lucknow,Groceries,Wheat Voluptate,5,14161,3203,UPI
13329,10-11-2024,Drishya Maharaj,East,Guwahati,Electronics,Camera Inventore,5,312693,35825,Credit Card
13330,01-10-2024,Rasha Saxena,South,Coimbatore,Home Decor,Lamp Libero,0,393580,75345,Net Banking
13331,23-05-2024,Mishti Dayal,South,Coimbatore,Kitchen,Juicer Labore,5,81322,9500,UPI
13332,25-09-2024,Tanya Chowdhury,East,Patna,Electronics,Headphones Ipsa,0,216696,40956,COD
13333,07-02-2025,Rohan Khare,West,Surat,Sports,Dumbbells Fuga,0,398485,21267,COD
13334,12-06-2025,Devansh Dhar,East,Ranchi,Home Decor,Clock Ex,20,68323,13466,Debit Card
13335,21-09-2024,Hunar Sachdev,North,Amritsar,Sports,Cricket Bat Voluptates,0,204336,47305,Debit Card
13336,17-12-2024,Vihaan Hora,East,Bhubaneswar,Furniture,Chair Porro,5,9963,1500,COD
13337,07-04-2025,Samarth Chad,South,Thiruvananthapuram,Furniture,Bed Magnam,0,91744,5679,Net Banking
13338,07-07-2024,Parinaaz Gandhi,West,Pune,Beauty,Perfume Illum,15,171649,39987,Credit Card
13339,01-05-2025,Adira Khanna,South,Bangalore,Books,Non-Fiction Occaecati,5,252938,61937,Debit Card
13340,04-10-2023,Badal Mand,South,Hyderabad,Kitchen,Mixer Grinder Quod,0,39026,6959,COD
13341,16-12-2024,Eshani Kade,North,Amritsar,Beauty,Foundation Asperiores,20,40352,6954,Debit Card
13342,07-11-2024,Kismat Doshi,West,Mumbai,Sports,Football Totam,0,40312,6247,COD
13343,18-09-2024,Eshani Karpe,South,Thiruvananthapuram,Sports,Dumbbells Quaerat,0,24778,2843,Net Banking
13344,20-08-2024,Dishani Sharaf,South,Thiruvananthapuram,Electronics,Smartwatch Vel,0,154268,23296,Debit Card
13345,02-01-2025,Vritika Devi,North,Amritsar,Kitchen,Mixer Grinder Consequuntur,10,90021,11939,UPI
13346,15-07-2024,Riya Kala,West,Ahmedabad,Books,Non-Fiction Voluptatem,0,64809,13509,Debit Card
13347,19-07-2025,Samiha Setty,North,Amritsar,Electronics,Laptop Aliquam,20,233172,45501,Credit Card
13348,03-09-2024,Shanaya Ramanathan,North,Lucknow,Sports,Tennis Racket Nobis,0,268260,17206,Credit Card
13349,03-09-2024,Madhup Karpe,South,Bangalore,Electronics,Laptop Adipisci,10,105066,9433,Net Banking
13350,02-06-2025,Kiaan Madan,East,Kolkata,Groceries,Oil Maxime,15,194430,11105,COD
13351,27-07-2025,Vardaniya Mandal,West,Pune,Electronics,Headphones Enim,15,105577,13193,UPI
13352,06-01-2025,Shlok Bhandari,North,Amritsar,Toys,RC Car Iste,15,110395,17771,UPI
13353,15-10-2023,Mamooty Choudhry,North,Amritsar,Electronics,Laptop Doloribus,10,347787,51062,Net Banking
13354,15-11-2024,Baiju Vig,West,Ahmedabad,Books,Comics Quam,0,79465,13889,Credit Card
13355,17-11-2023,Samiha Sandal,South,Hyderabad,Kitchen,Mixer Grinder Atque,5,918,154,Net Banking
13356,05-08-2024,Tarini Dada,South,Bangalore,Electronics,Camera Perspiciatis,20,212660,26272,UPI
13357,27-05-2024,Himmat Gaba,North,Lucknow,Beauty,Lipstick Omnis,0,39576,6562,COD
13358,20-06-2025,Ira Trivedi,West,Ahmedabad,Toys,Action Figure Quam,10,60494,11208,Debit Card
13359,21-04-2025,Samar Dhawan,North,Lucknow,Kitchen,Microwave Optio,0,154824,13865,Net Banking
13360,24-08-2025,Nishith Sastry,West,Ahmedabad,Furniture,Cabinet Quasi,10,14657,2809,Net Banking
13361,29-07-2024,Aarush Bahl,South,Coimbatore,Beauty,Face Cream Architecto,0,97382,18865,Debit Card
13362,18-04-2025,Nitya Cherian,East,Ranchi,Kitchen,Refrigerator Iste,20,1890,380,Credit Card
13363,01-08-2025,Aniruddh Magar,South,Thiruvananthapuram,Toys,Puzzle Rem,20,93230,15717,UPI
13364,25-06-2025,Madhav Rau,South,Bangalore,Beauty,Perfume Ea,15,62808,14277,Net Banking
13365,30-04-2025,Prisha Behl,South,Thiruvananthapuram,Sports,Tennis Racket Sed,10,327339,24203,Debit Card
13366,27-10-2023,Zeeshan Deol,West,Pune,Books,Fiction Est,10,67209,4515,UPI
13367,05-06-2025,Ahana  Vig,South,Bangalore,Furniture,Sofa Cumque,15,165413,38672,UPI
13368,25-11-2024,Diya Shanker,West,Ahmedabad,Furniture,Cabinet Voluptates,5,216980,41078,UPI
13369,05-08-2025,Stuvan Srinivas,North,Amritsar,Groceries,Spices Est,10,199049,30357,COD
13370,12-12-2023,Abram Hayer,South,Coimbatore,Furniture,Cabinet Eos,15,2348,408,Debit Card
13371,08-06-2025,Keya Sarna,West,Ahmedabad,Furniture,Chair Neque,5,105265,10176,Credit Card
13372,20-11-2024,Shayak Karpe,East,Patna,Home Decor,Lamp Neque,10,64517,15872,Debit Card
13373,09-02-2024,Onkar Toor,East,Kolkata,Toys,Puzzle Temporibus,10,288914,30406,Credit Card
13374,14-12-2024,Shayak Mandal,East,Guwahati,Toys,Puzzle Nisi,15,5633,1098,Net Banking
13375,08-01-2024,Tanya Sabharwal,North,Jaipur,Books,Fiction Iusto,5,70910,7014,Debit Card
13376,20-02-2024,Samar Chandra,East,Guwahati,Clothing,Accessories Ipsa,15,310616,40731,UPI
13377,31-01-2025,Lagan Subramanian,East,Guwahati,Toys,Doll Magni,10,44600,2415,UPI
13378,10-05-2024,Umang Varghese,East,Ranchi,Clothing,Accessories Eveniet,15,126383,24375,Credit Card
13379,22-02-2024,Anaya Chaudhari,East,Ranchi,Home Decor,Clock Minima,20,265684,33071,Credit Card
13380,23-09-2025,Baiju Kant,West,Pune,Electronics,Mobile Dolores,5,6596,1542,COD
13381,24-11-2023,Jayan Toor,South,Thiruvananthapuram,Clothing,Accessories Non,10,63153,8478,Debit Card
13382,16-09-2025,Kiara Sabharwal,West,Mumbai,Kitchen,Mixer Grinder Tenetur,10,9733,2029,Credit Card
13383,29-09-2025,Seher Karan,East,Guwahati,Beauty,Perfume Iusto,20,106240,5474,Net Banking
13384,15-09-2025,Adah Ratta,North,Lucknow,Beauty,Lipstick Modi,10,25661,2214,Debit Card
13385,21-04-2025,Diya Mand,East,Guwahati,Furniture,Sofa Aut,15,183919,35400,COD
13386,30-11-2023,Vedika Hegde,South,Bangalore,Clothing,Shoes Soluta,5,7900,1121,UPI
13387,23-02-2024,Yasmin Bir,South,Thiruvananthapuram,Books,Fiction Sapiente,5,377388,74952,COD
13388,20-05-2024,Ehsaan Ghosh,North,Delhi,Groceries,Rice Ipsam,20,6210,685,Net Banking
13389,15-12-2024,Pihu Jaggi,East,Guwahati,Furniture,Sofa Dolorem,0,143768,14346,UPI
13390,26-08-2024,Lagan Date,North,Delhi,Clothing,Women's Wear Corporis,10,116980,26824,COD
13391,03-09-2025,Vritika Wadhwa,East,Kolkata,Beauty,Face Cream Dolor,0,43190,8298,COD
13392,07-04-2024,Jayant Bose,East,Patna,Sports,Tennis Racket Laboriosam,10,334107,27522,Credit Card
13393,29-05-2025,Dharmajan Lal,North,Delhi,Home Decor,Cushion Inventore,15,119003,12002,Net Banking
13394,06-10-2024,Jayan Mane,South,Bangalore,Toys,Board Game Laudantium,0,15700,2238,Net Banking
13395,24-04-2025,Chirag Johal,North,Lucknow,Home Decor,Clock Accusantium,0,122958,21714,UPI
13396,30-10-2023,Vihaan Biswas,East,Patna,Beauty,Foundation Consequuntur,20,22544,5289,COD
13397,11-11-2024,Faiyaz Yadav,East,Bhubaneswar,Furniture,Cabinet Optio,0,69250,15897,Credit Card
13398,13-07-2024,Divij Bir,West,Mumbai,Toys,Action Figure Cupiditate,15,99482,8464,Debit Card
13399,13-04-2025,Umang Sethi,West,Goa,Home Decor,Wall Art Illo,20,48552,6548,Net Banking
13400,19-07-2025,Farhan Dutt,North,Lucknow,Clothing,Accessories Veritatis,10,12935,2381,COD
13401,07-08-2025,Emir Khatri,East,Kolkata,Toys,Action Figure Voluptas,20,31203,5436,Debit Card
13402,26-06-2024,Miraya Iyer,West,Ahmedabad,Kitchen,Refrigerator Necessitatibus,20,189085,17705,UPI
13403,10-10-2023,Shayak Suresh,South,Bangalore,Home Decor,Clock Voluptate,0,119548,25182,UPI
13404,10-04-2025,Shayak Bhattacharyya,West,Goa,Clothing,Accessories Quia,20,110989,9903,UPI
13405,24-02-2024,Nishith Krish,West,Pune,Furniture,Sofa Vel,10,51404,6876,Debit Card
13406,04-05-2024,Divij Kamdar,West,Ahmedabad,Books,Fiction Fugit,15,129814,19179,COD
13407,21-03-2025,Zain Goda,North,Amritsar,Beauty,Shampoo Fugit,10,88081,6583,UPI
13408,31-03-2024,Damini Bir,South,Hyderabad,Clothing,Men's Wear Iusto,20,188480,32184,COD
13409,22-07-2024,Anvi Gole,East,Patna,Beauty,Face Cream Minus,0,141188,30894,Debit Card
13410,31-01-2024,Purab Verma,North,Amritsar,Groceries,Wheat Nemo,15,9894,1106,COD
13411,16-08-2025,Riaan Karnik,West,Surat,Books,Textbook Accusantium,20,72860,16987,UPI
13412,29-06-2025,Jhanvi Iyer,North,Jaipur,Toys,Action Figure Nihil,20,113824,27975,COD
13413,16-12-2023,Vritika Agarwal,East,Kolkata,Kitchen,Microwave Repudiandae,20,169292,20279,COD
13414,24-11-2023,Eva Varghese,North,Chandigarh,Books,Biography Minima,15,88359,19558,Net Banking
13415,17-12-2023,Drishya Sibal,South,Hyderabad,Clothing,Kids Wear Eos,10,50040,9761,UPI
13416,31-10-2023,Dhruv Thaker,South,Coimbatore,Clothing,Accessories Consequatur,0,92745,17453,Credit Card
13417,16-10-2023,Umang Hora,North,Amritsar,Clothing,Kids Wear Iusto,10,121176,19344,Net Banking
13418,18-02-2024,Hrishita Chahal,East,Bhubaneswar,Toys,Board Game Necessitatibus,15,83297,7668,Debit Card
13419,02-09-2024,Anaya Samra,West,Mumbai,Toys,Doll Sunt,10,83897,11219,Net Banking
13420,29-09-2024,Trisha Solanki,East,Ranchi,Home Decor,Clock Recusandae,0,159230,12362,UPI
13421,05-03-2025,Yuvraj  Sarin,North,Chandigarh,Toys,RC Car Omnis,20,42881,6262,COD
13422,28-11-2024,Sumer Contractor,West,Pune,Furniture,Cabinet Adipisci,5,141847,16771,Debit Card
13423,13-03-2024,Kismat Bandi,South,Bangalore,Toys,Puzzle Veritatis,15,171638,30099,COD
13424,08-11-2024,Ishita Wagle,West,Mumbai,Groceries,Sugar At,15,19470,2548,COD
13425,14-12-2024,Lakshit Singhal,South,Chennai,Toys,Action Figure Enim,15,82306,17878,Debit Card
13426,04-03-2025,Dharmajan Ranganathan,South,Hyderabad,Electronics,Mobile Dolorum,0,214100,33790,Credit Card
13427,17-12-2023,Renee Goyal,West,Mumbai,Home Decor,Cushion Ex,10,194382,29474,Net Banking
13428,10-12-2023,Nitara Srinivas,North,Jaipur,Books,Textbook Beatae,10,102420,23304,Debit Card
13429,16-08-2024,Hrishita Dyal,South,Coimbatore,Sports,Yoga Mat Esse,0,38977,3631,Debit Card
13430,14-05-2024,Seher Raja,North,Lucknow,Home Decor,Wall Art Saepe,0,282750,58546,Debit Card
13431,18-11-2024,Shayak Contractor,East,Patna,Books,Biography Distinctio,10,264863,41051,UPI
13432,13-10-2023,Aaryahi Sehgal,West,Goa,Home Decor,Cushion Fuga,10,27630,2100,UPI
13433,03-04-2024,Advika Hora,East,Kolkata,Home Decor,Lamp Perspiciatis,15,336307,41388,Credit Card
13434,23-10-2023,Indranil Khare,North,Jaipur,Sports,Tennis Racket Laboriosam,15,12277,1866,Credit Card
13435,20-01-2025,Anvi Vora,West,Goa,Home Decor,Clock Assumenda,10,141070,7433,COD
13436,01-04-2025,Kiaan Warrior,West,Mumbai,Beauty,Perfume Ducimus,0,314584,25852,Net Banking
13437,01-07-2025,Prerak Seth,West,Mumbai,Toys,Puzzle Natus,10,207441,30558,UPI
13438,22-07-2025,Vedika Gala,West,Surat,Groceries,Rice Tempora,10,45626,8978,Credit Card
13439,02-10-2024,Hrishita Bajwa,North,Delhi,Groceries,Wheat Neque,10,42228,8367,Credit Card
13440,19-11-2024,Nayantara Lala,East,Guwahati,Clothing,Shoes Qui,5,53124,10001,Debit Card
13441,06-10-2023,Mamooty Solanki,South,Bangalore,Clothing,Kids Wear Magni,10,21578,1440,Net Banking
13442,15-09-2025,Divij Rajagopal,South,Thiruvananthapuram,Books,Comics Voluptate,5,37063,4905,COD
13443,08-04-2024,Kismat Gupta,East,Ranchi,Clothing,Men's Wear Delectus,10,63623,15717,UPI
13444,25-03-2025,Vaibhav Suri,North,Lucknow,Home Decor,Lamp Quasi,0,46040,4127,Net Banking
13445,05-10-2023,Eshani Tandon,East,Patna,Electronics,Smartwatch Alias,5,165205,31468,Credit Card
13446,02-01-2025,Pranay Sathe,North,Amritsar,Furniture,Sofa Necessitatibus,0,294756,24647,Debit Card
13447,25-02-2024,Kanav Jhaveri,North,Jaipur,Kitchen,Refrigerator Recusandae,0,101564,12437,UPI
13448,02-03-2025,Rati Sandal,West,Pune,Groceries,Rice Occaecati,5,129002,27417,Net Banking
13449,03-03-2024,Priyansh Brar,South,Coimbatore,Beauty,Lipstick Quaerat,10,224809,20400,Credit Card
13450,29-03-2025,Tara Sahota,West,Surat,Toys,Puzzle Alias,10,176399,39332,Net Banking
13451,31-03-2025,Dhruv Raju,West,Surat,Clothing,Shoes Soluta,0,28401,4320,COD
13452,21-01-2025,Dhruv Bali,South,Chennai,Sports,Football Reprehenderit,20,25947,4889,Credit Card
13453,20-09-2025,Vivaan Edwin,North,Delhi,Beauty,Shampoo Excepturi,20,190956,41153,COD
13454,30-05-2024,Rohan Bawa,East,Guwahati,Clothing,Women's Wear Laboriosam,20,82392,13146,UPI
13455,19-02-2025,Fateh Bhattacharyya,East,Patna,Sports,Football Aliquid,10,15454,2300,Net Banking
13456,19-07-2024,Dharmajan Gera,West,Pune,Clothing,Women's Wear Repellat,20,78212,14268,Net Banking
13457,23-07-2025,Piya Krishnan,East,Guwahati,Furniture,Chair Saepe,20,112134,10750,UPI
13458,24-01-2025,Hrishita Mangat,West,Ahmedabad,Sports,Football Soluta,0,26889,5702,UPI
13459,17-10-2024,Nirvi Dutta,West,Mumbai,Groceries,Wheat Sint,5,23233,1550,Net Banking
13460,07-01-2024,Kartik Mani,East,Bhubaneswar,Clothing,Women's Wear Aperiam,15,16946,2579,Credit Card
13461,09-02-2024,Dhanush Rajan,South,Thiruvananthapuram,Kitchen,Juicer Ipsa,10,148262,24010,Debit Card
13462,10-02-2024,Siya Shroff,South,Chennai,Electronics,Camera Illum,5,188124,31817,Credit Card
13463,09-03-2024,Jayan Gandhi,South,Hyderabad,Groceries,Rice Nam,10,10271,1940,Net Banking
13464,16-08-2025,Hiran Sharaf,North,Lucknow,Clothing,Women's Wear Ratione,5,207243,10386,Debit Card
13465,14-03-2025,Nishith Sarraf,West,Surat,Beauty,Shampoo Aperiam,20,62586,7735,Net Banking
13466,13-02-2024,Hrishita Master,North,Delhi,Sports,Football Maiores,0,22703,4319,Net Banking
13467,18-01-2024,Shamik Kumar,West,Ahmedabad,Sports,Football Officiis,20,56888,10955,Net Banking
13468,02-04-2024,Aniruddh Rastogi,East,Patna,Beauty,Shampoo Laboriosam,0,84028,18352,UPI
13469,18-08-2024,Yasmin Solanki,South,Chennai,Books,Comics Placeat,10,137986,9602,COD
13470,25-08-2024,Sahil Kuruvilla,North,Amritsar,Books,Non-Fiction Soluta,20,97488,15096,COD
13471,25-11-2024,Taran Som,South,Thiruvananthapuram,Electronics,Smartwatch Vitae,5,1469,244,Credit Card
13472,17-04-2024,Purab Sane,North,Delhi,Furniture,Table Amet,20,21119,3371,UPI
13473,17-01-2024,Pihu Sengupta,North,Chandigarh,Sports,Tennis Racket Culpa,5,120637,26839,Net Banking
13474,26-03-2024,Neysa Magar,West,Mumbai,Electronics,Camera Commodi,10,101970,13412,Credit Card
13475,25-02-2025,Fateh Gandhi,North,Chandigarh,Sports,Football Occaecati,0,76692,9755,COD
13476,02-07-2024,Lakshit Sengupta,West,Ahmedabad,Home Decor,Clock Reprehenderit,10,157793,15635,Debit Card
13477,26-07-2025,Gokul Bhagat,North,Chandigarh,Electronics,Headphones Accusantium,0,76432,11014,Debit Card
13478,26-01-2024,Heer Bala,North,Lucknow,Books,Textbook Ex,20,115912,19268,Debit Card
13479,12-05-2025,Rhea Kalita,West,Surat,Books,Comics Ullam,0,86140,14751,Net Banking
13480,25-11-2024,Dishani Dhillon,West,Pune,Toys,RC Car Pariatur,10,60186,4072,UPI
13481,27-10-2024,Dhruv Magar,West,Surat,Sports,Football Molestiae,15,63873,13780,Net Banking
13482,02-09-2024,Indrans Khurana,South,Thiruvananthapuram,Home Decor,Wall Art Commodi,5,30457,3761,UPI
13483,16-03-2025,Sara Chander,East,Guwahati,Electronics,Camera Omnis,20,29496,4566,Net Banking
13484,13-05-2025,Prisha Rana,East,Bhubaneswar,Electronics,Headphones Quia,10,197675,44853,Credit Card
13485,28-10-2023,Piya Issac,West,Goa,Sports,Tennis Racket Animi,0,26976,3357,Net Banking
13486,01-12-2023,Hazel Chatterjee,North,Lucknow,Books,Comics Iusto,0,216543,40729,COD
13487,12-01-2024,Mannat Ram,South,Hyderabad,Groceries,Spices Sequi,10,38378,2824,Credit Card
13488,02-11-2024,Pari Batta,East,Kolkata,Electronics,Laptop Veniam,0,61560,11239,Net Banking
13489,28-06-2024,Suhana Loke,East,Guwahati,Beauty,Perfume Voluptates,15,318546,72830,COD
13490,09-03-2024,Reyansh Barad,East,Ranchi,Books,Biography Dolores,5,8151,1529,UPI
13491,20-09-2024,Nirvaan Bawa,North,Delhi,Clothing,Men's Wear Dolores,20,90582,15251,Credit Card
13492,01-02-2025,Nitara Roy,East,Patna,Kitchen,Juicer Quidem,10,79205,13311,Credit Card
13493,11-06-2024,Aarush Chakrabarti,East,Guwahati,Furniture,Sofa Corrupti,0,34587,3264,Net Banking
13494,05-12-2024,Tejas Sha,West,Mumbai,Furniture,Cabinet Illo,15,29906,5380,UPI
13495,04-05-2025,Bhamini Dixit,South,Coimbatore,Home Decor,Wall Art Facere,0,219492,52308,UPI
13496,03-01-2024,Fateh Karan,West,Mumbai,Kitchen,Cookware Set Eveniet,5,103523,12450,Debit Card
13497,21-02-2025,Anvi Badami,East,Patna,Groceries,Rice Esse,5,213583,34448,Net Banking
13498,18-11-2024,Tara Sabharwal,South,Coimbatore,Sports,Cricket Bat Aliquid,5,250819,31433,UPI
13499,17-08-2025,Biju Deshpande,North,Jaipur,Books,Textbook Reiciendis,10,84677,10269,Credit Card
13500,02-11-2023,Jayan Thakkar,North,Amritsar,Home Decor,Vase Nostrum,10,206766,21264,UPI
13501,05-05-2025,Dishani Shankar,East,Ranchi,Electronics,Mobile At,0,266912,63455,Credit Card
13502,28-08-2025,Ritvik Bail,North,Chandigarh,Home Decor,Wall Art Similique,20,89861,17852,COD
13503,16-08-2024,Ritvik Rana,North,Amritsar,Clothing,Shoes Ipsam,0,35675,3407,UPI
13504,10-01-2024,Anaya Khatri,East,Kolkata,Beauty,Face Cream Quos,15,55803,6949,Credit Card
13505,25-01-2025,Indrans Halder,South,Thiruvananthapuram,Clothing,Accessories Quia,15,2305,564,COD
13506,24-05-2024,Krish Deo,East,Bhubaneswar,Toys,RC Car Occaecati,10,164228,18958,Debit Card
13507,13-12-2023,Prisha Jha,East,Bhubaneswar,Books,Comics Provident,10,241808,25647,Credit Card
13508,19-10-2024,Kashvi Vasa,East,Bhubaneswar,Books,Fiction Nesciunt,15,19719,4085,UPI
13509,09-06-2024,Zoya Loyal,South,Thiruvananthapuram,Toys,RC Car Aliquid,0,237588,51359,UPI
13510,23-07-2024,Rania Dube,West,Surat,Furniture,Chair Unde,5,123449,14448,Credit Card
13511,14-04-2024,Vardaniya Tripathi,East,Guwahati,Groceries,Spices Consectetur,20,56899,10231,Credit Card
13512,05-12-2024,Yashvi Choudhury,East,Ranchi,Electronics,Smartwatch Tenetur,5,271624,59618,Credit Card
13513,18-04-2025,Ranbir Chaudhary,East,Bhubaneswar,Toys,Puzzle Placeat,10,146142,31298,UPI
13514,17-08-2025,Pari Cheema,South,Thiruvananthapuram,Home Decor,Vase Odit,0,278510,37499,Debit Card
13515,06-04-2024,Stuvan Sathe,West,Pune,Beauty,Lipstick Repellat,20,11434,2047,UPI
13516,04-06-2024,Miraya Varma,West,Mumbai,Books,Textbook Consectetur,5,142942,30302,Credit Card
13517,17-03-2025,Charvi Vaidya,North,Delhi,Kitchen,Juicer Cupiditate,15,74729,6563,Credit Card
13518,25-01-2024,Seher Chopra,East,Guwahati,Home Decor,Lamp Tempore,15,73092,6700,Credit Card
13519,02-06-2025,Suhana Rana,West,Surat,Kitchen,Mixer Grinder Esse,15,84132,11183,UPI
13520,15-01-2024,Ranbir Upadhyay,South,Coimbatore,Kitchen,Mixer Grinder Deleniti,20,374,45,Debit Card
13521,18-11-2023,Jivika Magar,North,Delhi,Furniture,Sofa Non,5,247179,44889,UPI
13522,30-08-2025,Zaina Khurana,West,Goa,Home Decor,Vase Totam,10,17372,1821,COD
13523,23-02-2025,Taran Raju,South,Thiruvananthapuram,Groceries,Rice Nostrum,15,6318,918,COD
13524,25-01-2025,Anya Aggarwal,South,Chennai,Home Decor,Vase Sapiente,10,71608,4022,Credit Card
13525,09-10-2023,Prerak Mangat,North,Chandigarh,Electronics,Smartwatch Tempora,20,13158,2994,Debit Card
13526,30-07-2025,Trisha Rau,North,Amritsar,Clothing,Accessories Repellat,15,157072,19409,Net Banking
13527,21-03-2025,Gatik Ratta,South,Coimbatore,Clothing,Shoes Culpa,10,66236,10802,Net Banking
13528,07-05-2024,Bhamini Dugar,West,Surat,Toys,Puzzle Doloremque,20,54766,4291,UPI
13529,30-01-2025,Kanav Subramaniam,East,Bhubaneswar,Kitchen,Juicer Iusto,20,178906,23347,Net Banking
13530,04-02-2024,Taimur Bhandari,West,Goa,Toys,RC Car Rerum,15,53900,7996,COD
13531,14-01-2025,Madhav Bhatia,East,Bhubaneswar,Electronics,Laptop Eveniet,10,62387,4925,UPI
13532,04-05-2024,Vedika Borah,East,Kolkata,Clothing,Women's Wear Saepe,15,60490,4870,COD
13533,18-01-2024,Adira Dubey,South,Bangalore,Home Decor,Wall Art Perferendis,5,148762,22358,COD
13534,21-11-2023,Inaaya  Viswanathan,North,Jaipur,Beauty,Lipstick Ab,20,89174,7677,Credit Card
13535,13-09-2025,Aaina Karnik,East,Guwahati,Furniture,Sofa Aperiam,20,53382,4368,Debit Card
13536,03-02-2024,Yasmin Butala,North,Lucknow,Home Decor,Vase Laborum,0,62817,5326,Debit Card
13537,14-05-2025,Ranbir Brar,West,Ahmedabad,Electronics,Mobile Officiis,20,2648,414,COD
13538,18-06-2024,Vihaan Datta,East,Ranchi,Home Decor,Cushion Beatae,15,252518,30405,COD
13539,23-09-2024,Biju Bobal,South,Bangalore,Beauty,Lipstick Facere,10,5970,780,COD
13540,07-02-2025,Vaibhav Kannan,South,Chennai,Toys,Board Game Quod,10,83325,19420,UPI
13541,10-12-2024,Raunak Suri,West,Surat,Groceries,Oil Deserunt,15,48532,9842,COD
13542,28-07-2024,Vaibhav Sama,South,Bangalore,Sports,Yoga Mat Aliquam,15,41203,9969,UPI
13543,05-11-2024,Siya Sathe,North,Delhi,Sports,Football In,5,280923,67841,COD
13544,06-09-2024,Bhamini Rana,East,Ranchi,Electronics,Camera Corporis,5,106603,21570,Debit Card
13545,14-05-2025,Riaan Dhar,West,Surat,Groceries,Oil Voluptatibus,0,119910,25086,Credit Card
13546,16-08-2024,Sana Borra,South,Hyderabad,Toys,RC Car Magnam,0,68685,12049,Credit Card
13547,13-01-2025,Kabir Kanda,South,Hyderabad,Furniture,Chair Velit,0,4564,461,Credit Card
13548,31-03-2025,Sumer Chowdhury,North,Chandigarh,Home Decor,Lamp Ipsam,5,86342,16245,Debit Card
13549,26-12-2023,Aarav Bhatia,North,Jaipur,Sports,Dumbbells Ipsa,5,91941,9832,Net Banking
13550,01-02-2025,Neelofar Bhatnagar,West,Mumbai,Electronics,Mobile Dolorem,0,77608,10434,COD
13551,02-07-2025,Vihaan Badal,East,Guwahati,Toys,Doll Laboriosam,15,42106,9925,Debit Card
13552,27-02-2025,Misha Shere,North,Lucknow,Home Decor,Lamp Perspiciatis,5,267615,65873,Credit Card
13553,13-04-2024,Indrajit Garde,West,Ahmedabad,Sports,Cricket Bat Sint,10,25493,2995,Net Banking
13554,01-03-2024,Stuvan Kara,East,Ranchi,Furniture,Chair Nemo,5,27991,3410,UPI
13555,02-06-2025,Shlok Dutta,East,Bhubaneswar,Beauty,Lipstick Cum,0,35673,4355,UPI
13556,26-06-2025,Amani Madan,North,Jaipur,Home Decor,Vase Ab,10,26813,6487,Net Banking
13557,16-01-2024,Anahita Bala,West,Goa,Beauty,Foundation Aperiam,20,13061,1476,Credit Card
13558,14-07-2024,Amani Shukla,West,Pune,Clothing,Men's Wear Et,20,262896,21487,Debit Card
13559,12-02-2025,Faiyaz Dara,South,Coimbatore,Home Decor,Cushion Vero,0,158600,37260,Debit Card
13560,03-09-2025,Miraan Suresh,West,Goa,Groceries,Wheat Possimus,5,96085,9068,COD
13561,04-01-2024,Ahana  Choudhury,West,Goa,Furniture,Chair Adipisci,10,39605,3176,UPI
13562,25-12-2023,Ivan Dutta,West,Pune,Sports,Yoga Mat Nemo,0,1508,139,Credit Card
13563,15-12-2023,Mahika Sridhar,South,Chennai,Groceries,Rice Laudantium,15,54182,3734,Credit Card
13564,24-03-2024,Adira Dayal,West,Surat,Kitchen,Microwave Nihil,5,57242,14299,COD
13565,09-06-2025,Taran Krishnan,East,Ranchi,Toys,Board Game Fuga,20,28662,2572,UPI
13566,26-05-2025,Jivika Tata,East,Ranchi,Sports,Football Voluptatibus,20,35926,8102,UPI
13567,21-03-2024,Hiran Soman,South,Bangalore,Groceries,Rice Ullam,0,251605,15428,Credit Card
13568,09-09-2025,Heer Tara,East,Patna,Beauty,Face Cream Consequatur,20,21459,3353,Debit Card
13569,19-12-2024,Advika Dara,West,Pune,Groceries,Sugar Ex,15,135341,9973,Debit Card
13570,14-12-2024,Vedika Hans,East,Patna,Electronics,Smartwatch Ipsa,10,237402,20382,COD
13571,11-11-2023,Riaan Walia,West,Goa,Kitchen,Cookware Set Amet,15,202507,15647,Net Banking
13572,24-09-2024,Fateh Shah,East,Patna,Beauty,Foundation Ratione,15,33718,5056,Debit Card
13573,19-11-2023,Vritika Cherian,West,Ahmedabad,Clothing,Men's Wear Hic,10,68441,5512,Net Banking
13574,26-09-2024,Advika Dave,West,Mumbai,Home Decor,Vase Occaecati,0,40308,4786,COD
13575,08-04-2025,Adah Sinha,South,Coimbatore,Electronics,Smartwatch Eos,5,62765,10948,UPI
13576,12-12-2024,Renee Lad,West,Pune,Toys,Board Game Reprehenderit,0,70558,13211,Debit Card
13577,28-08-2024,Arnav Lad,South,Bangalore,Groceries,Wheat Nemo,15,283122,28552,Net Banking
13578,24-08-2025,Shaan Rajagopalan,East,Guwahati,Books,Fiction Labore,20,62470,13895,Credit Card
13579,03-11-2023,Taran Buch,East,Bhubaneswar,Beauty,Foundation Perspiciatis,0,232833,50971,Credit Card
13580,04-03-2025,Aaina Lanka,North,Delhi,Sports,Football Accusamus,5,198668,15962,Debit Card
13581,30-09-2025,Gokul Doctor,West,Surat,Groceries,Wheat Corporis,5,104216,9790,COD
13582,04-03-2025,Nitara Deshpande,West,Ahmedabad,Groceries,Wheat Sit,0,135716,15019,Debit Card
13583,01-09-2025,Myra Brar,East,Patna,Furniture,Cabinet Earum,15,116292,18591,Debit Card
13584,04-01-2025,Eva Devan,East,Ranchi,Kitchen,Cookware Set Harum,5,75844,12770,Debit Card
13585,15-09-2025,Trisha Bora,West,Surat,Furniture,Table Deleniti,20,26814,6696,UPI
13586,25-06-2024,Ritvik Kale,North,Lucknow,Beauty,Foundation Deleniti,5,53284,3109,Credit Card
13587,27-02-2025,Yasmin Date,South,Chennai,Sports,Dumbbells Temporibus,10,149499,31255,COD
13588,22-02-2024,Badal Malhotra,West,Mumbai,Sports,Dumbbells Veritatis,0,81237,4616,UPI
13589,26-11-2023,Aaina Halder,West,Pune,Kitchen,Refrigerator Quo,20,56314,12158,Debit Card
13590,09-08-2024,Lakshit Sethi,South,Hyderabad,Sports,Tennis Racket Praesentium,10,330458,16718,COD
13591,18-05-2025,Raghav Sura,North,Delhi,Books,Biography Nihil,20,118466,19836,Credit Card
13592,26-06-2025,Drishya Shroff,South,Chennai,Books,Comics Facilis,10,133799,21806,Debit Card
13593,24-11-2023,Advika Sachar,North,Delhi,Furniture,Cabinet Ipsum,0,203583,37647,Net Banking
13594,15-11-2024,Abram Roy,South,Thiruvananthapuram,Sports,Dumbbells Labore,20,119525,6934,Net Banking
13595,10-04-2024,Kartik Solanki,East,Patna,Kitchen,Cookware Set Earum,5,9545,795,Debit Card
13596,18-10-2023,Reyansh Varty,South,Thiruvananthapuram,Electronics,Camera Error,0,110680,6517,Credit Card
13597,11-12-2023,Amira Kohli,South,Bangalore,Home Decor,Vase Officia,5,190346,10849,Net Banking
13598,18-03-2025,Diya Ganguly,West,Mumbai,Groceries,Wheat Sed,15,18745,1463,UPI
13599,16-08-2025,Kartik Dua,North,Chandigarh,Furniture,Table Totam,10,82105,17401,COD
13600,20-04-2025,Kiara Hegde,West,Surat,Home Decor,Cushion Laudantium,10,110988,14226,Net Banking
13601,17-07-2025,Sara Choudhury,North,Lucknow,Beauty,Face Cream Laboriosam,20,84280,4857,UPI
13602,09-08-2025,Ivana Bahri,South,Hyderabad,Books,Comics Laudantium,0,102004,22076,Credit Card
13603,01-03-2024,Hridaan Rout,West,Pune,Groceries,Rice Enim,15,36445,8507,COD
13604,15-06-2024,Bhavin Som,East,Guwahati,Clothing,Shoes Voluptates,20,127097,18749,Debit Card
13605,12-08-2025,Lakshay Bail,South,Coimbatore,Books,Textbook Inventore,10,83209,9394,UPI
13606,17-07-2024,Yasmin Contractor,North,Jaipur,Books,Fiction Voluptates,0,141650,29067,Net Banking
13607,30-10-2023,Anvi Kari,West,Mumbai,Toys,Board Game Laborum,20,94092,9745,COD
13608,26-12-2023,Samarth Raju,East,Bhubaneswar,Sports,Football Atque,0,5693,418,Net Banking
13609,29-07-2024,Aarush Buch,East,Guwahati,Beauty,Shampoo Asperiores,15,217796,30009,Debit Card
13610,26-05-2025,Riya Desai,West,Pune,Sports,Cricket Bat Placeat,0,56334,5077,UPI
13611,13-07-2025,Advika Mangat,North,Delhi,Kitchen,Juicer Blanditiis,15,3539,242,UPI
13612,12-07-2025,Misha Bajaj,South,Coimbatore,Beauty,Perfume Tempora,0,162352,28396,Credit Card
13613,27-06-2025,Madhup Sane,West,Ahmedabad,Clothing,Women's Wear Itaque,15,109079,12850,UPI
13614,21-02-2024,Hunar Bahl,West,Ahmedabad,Beauty,Foundation Iste,15,23738,5506,COD
13615,08-11-2023,Ehsaan Aggarwal,South,Chennai,Groceries,Wheat Placeat,10,37309,4497,Debit Card
13616,06-04-2025,Akarsh Kala,West,Pune,Sports,Tennis Racket Voluptatibus,20,110813,21237,Net Banking
13617,31-08-2025,Heer Dugar,North,Amritsar,Clothing,Men's Wear Maxime,5,71208,4701,Debit Card
13618,07-04-2025,Neelofar Kale,East,Guwahati,Beauty,Foundation Fuga,10,209264,12149,Debit Card
13619,05-05-2025,Dharmajan Doshi,North,Chandigarh,Beauty,Shampoo Accusantium,10,61348,9317,COD
13620,06-05-2024,Dhanush Handa,East,Bhubaneswar,Groceries,Sugar Nostrum,20,232006,25682,Debit Card
13621,12-02-2025,Bhavin Barad,South,Coimbatore,Beauty,Face Cream Nemo,5,15263,795,COD
13622,19-08-2025,Sana Dhawan,South,Coimbatore,Furniture,Chair Tempora,15,4314,858,COD
13623,31-05-2024,Samaira Sethi,East,Guwahati,Electronics,Camera Sequi,0,17202,2623,Net Banking
13624,11-07-2024,Taran Deo,North,Jaipur,Electronics,Smartwatch Asperiores,15,85121,7878,Net Banking
13625,23-11-2023,Navya Keer,East,Ranchi,Kitchen,Microwave Quo,5,96868,11870,COD
13626,22-04-2025,Aarav Kadakia,North,Amritsar,Books,Non-Fiction Suscipit,10,135675,16227,Net Banking
13627,25-09-2024,Piya Rajagopalan,North,Chandigarh,Home Decor,Vase Voluptatibus,5,244587,28741,Net Banking
13628,06-10-2024,Kartik Biswas,North,Delhi,Sports,Cricket Bat Iure,15,44082,5765,Net Banking
13629,06-09-2025,Samaira Tailor,East,Guwahati,Clothing,Women's Wear Quia,15,44731,7997,Debit Card
13630,06-08-2024,Saira Gopal,South,Bangalore,Sports,Tennis Racket Itaque,0,46826,8220,UPI
13631,07-08-2024,Mohanlal Dada,North,Jaipur,Home Decor,Clock Reprehenderit,5,120616,13730,Net Banking
13632,07-07-2025,Pari Doctor,East,Guwahati,Home Decor,Cushion Sed,20,20100,2810,Debit Card
13633,15-09-2025,Hrishita Banerjee,West,Ahmedabad,Sports,Tennis Racket Vero,5,189107,18579,Credit Card
13634,13-07-2024,Divyansh Sheth,East,Ranchi,Electronics,Headphones Repellendus,10,129812,24468,Debit Card
13635,31-12-2024,Onkar Sarraf,West,Surat,Beauty,Lipstick Laborum,20,208477,43253,Net Banking
13636,29-11-2024,Anya Jayaraman,North,Delhi,Kitchen,Juicer Molestiae,0,258475,33531,Credit Card
13637,11-04-2024,Kabir Borra,East,Ranchi,Beauty,Face Cream Voluptatum,10,20110,1613,Net Banking
13638,30-03-2025,Hridaan Apte,North,Amritsar,Sports,Dumbbells Eveniet,0,17250,3349,Net Banking
13639,24-11-2024,Tiya Jayaraman,West,Surat,Kitchen,Refrigerator Molestias,10,135626,10376,UPI
13640,12-06-2025,Anahita Sunder,East,Ranchi,Kitchen,Cookware Set Laborum,20,216624,37226,Net Banking
13641,11-05-2025,Ryan Behl,North,Chandigarh,Home Decor,Clock Iste,10,56223,3547,Credit Card
13642,08-12-2023,Ojas Sani,West,Mumbai,Kitchen,Mixer Grinder Laboriosam,0,116376,22733,COD
13643,15-11-2023,Navya Chandra,West,Pune,Electronics,Laptop Voluptatibus,20,255309,42298,Net Banking
13644,16-04-2024,Manjari Ben,East,Kolkata,Clothing,Kids Wear Aspernatur,20,63422,12273,UPI
13645,06-12-2024,Azad Sunder,East,Kolkata,Home Decor,Vase Atque,15,67692,5902,Debit Card
13646,29-08-2025,Yuvaan Kulkarni,North,Amritsar,Furniture,Chair Labore,15,115879,11368,COD
13647,22-07-2025,Himmat Khare,South,Bangalore,Kitchen,Mixer Grinder Voluptatum,0,380045,87688,Debit Card
13648,19-06-2024,Mannat Chad,East,Guwahati,Furniture,Sofa Pariatur,15,8398,1172,Net Banking
13649,20-12-2024,Badal Chaudhari,North,Chandigarh,Toys,Action Figure Nulla,10,274577,40570,Debit Card
13650,25-07-2024,Jayant Sane,North,Delhi,Kitchen,Refrigerator Doloremque,20,127176,19500,COD
13651,12-05-2025,Shaan Date,South,Chennai,Books,Fiction Minus,5,76038,11962,Credit Card
13652,06-05-2025,Zara Raval,East,Ranchi,Clothing,Shoes Velit,20,850,124,Debit Card
13653,31-12-2023,Alisha Chadha,West,Ahmedabad,Kitchen,Refrigerator Soluta,10,28355,3324,UPI
13654,04-01-2025,Parinaaz Date,North,Lucknow,Furniture,Chair Vel,20,78195,10981,Net Banking
13655,27-10-2024,Aniruddh Sridhar,West,Goa,Furniture,Bed Officiis,20,158786,34243,Debit Card
13656,30-05-2025,Rasha Brar,East,Ranchi,Electronics,Camera Reprehenderit,20,189098,45863,Credit Card
13657,20-02-2025,Uthkarsh Thakkar,West,Ahmedabad,Books,Textbook Iusto,20,58614,9720,Debit Card
13658,27-05-2024,Jayan Chakraborty,West,Mumbai,Books,Non-Fiction Illum,20,10451,1098,COD
13659,09-03-2025,Alia Zacharia,South,Hyderabad,Home Decor,Lamp Et,5,64999,7158,Net Banking
13660,21-12-2024,Pari Loyal,South,Coimbatore,Books,Fiction Rem,5,51101,10381,Debit Card
13661,24-02-2024,Ritvik Sarin,South,Hyderabad,Groceries,Sugar Est,15,112753,16461,Debit Card
13662,09-02-2025,Arnav Kuruvilla,East,Ranchi,Sports,Yoga Mat Quos,0,223686,35065,Credit Card
13663,18-05-2024,Aaryahi Lala,South,Thiruvananthapuram,Kitchen,Cookware Set Nobis,15,228557,39172,Credit Card
13664,07-09-2024,Anika Walia,South,Hyderabad,Furniture,Chair Ad,10,67900,12948,Net Banking
13665,17-05-2025,Ayesha Dhillon,East,Patna,Clothing,Women's Wear Provident,0,11170,1667,Debit Card
13666,18-07-2024,Mehul Chana,East,Ranchi,Toys,Board Game Pariatur,5,61627,8798,COD
13667,16-05-2025,Arhaan Dhaliwal,North,Chandigarh,Clothing,Men's Wear Similique,0,168936,19288,COD
13668,24-11-2024,Kartik Dhar,West,Ahmedabad,Furniture,Sofa Eum,0,122790,18971,Credit Card
13669,14-04-2024,Navya Kapur,North,Chandigarh,Groceries,Sugar Nobis,15,121610,27124,Net Banking
13670,07-03-2025,Faiyaz Sandal,East,Bhubaneswar,Kitchen,Refrigerator Dolore,5,115813,17065,Debit Card
13671,14-09-2025,Elakshi Aurora,East,Patna,Toys,Action Figure Eius,0,45651,10394,COD
13672,02-09-2025,Mishti Thaker,North,Lucknow,Kitchen,Microwave Odio,20,13572,3386,Debit Card
13673,17-01-2024,Trisha Golla,South,Hyderabad,Beauty,Shampoo Odio,20,71400,17088,COD
13674,02-01-2025,Myra Deep,South,Coimbatore,Books,Textbook Aliquam,0,221943,12174,Debit Card
13675,31-12-2023,Sahil Bobal,East,Guwahati,Home Decor,Vase Inventore,10,41116,5351,UPI
13676,07-04-2025,Gokul Lata,South,Hyderabad,Clothing,Men's Wear Quod,20,8438,817,Net Banking
13677,27-04-2024,Farhan Kala,North,Delhi,Sports,Cricket Bat Molestias,20,127486,9311,COD
13678,18-04-2025,Pihu Sinha,North,Lucknow,Books,Non-Fiction In,20,27470,3942,UPI
13679,09-12-2024,Anahita Arya,West,Ahmedabad,Home Decor,Lamp Aperiam,20,226320,14548,Net Banking
13680,18-02-2024,Kimaya Brar,East,Ranchi,Home Decor,Lamp Libero,20,40882,4187,Credit Card
13681,03-02-2025,Indrajit Ray,West,Pune,Toys,Puzzle Voluptatem,10,23648,4177,COD
13682,16-11-2024,Armaan Agrawal,East,Guwahati,Kitchen,Refrigerator Pariatur,5,12992,2331,UPI
13683,14-06-2025,Priyansh Kala,East,Bhubaneswar,Books,Biography Sit,0,3060,224,Credit Card
13684,27-06-2024,Urvi Hayre,South,Coimbatore,Furniture,Cabinet Tempore,5,74856,15716,Credit Card
13685,15-12-2024,Ivan Krishnamurthy,East,Patna,Clothing,Women's Wear Qui,0,74399,17787,Net Banking
13686,29-03-2024,Faiyaz Borah,South,Bangalore,Toys,Doll Illum,10,59130,8282,Debit Card
13687,23-05-2024,Kaira Wadhwa,West,Surat,Electronics,Smartwatch Nostrum,0,73497,9512,UPI
13688,06-10-2023,Inaaya  Amble,South,Chennai,Home Decor,Lamp Incidunt,15,58029,8718,COD
13689,22-11-2023,Tushar Thakkar,West,Pune,Toys,Action Figure Mollitia,0,7712,766,Debit Card
13690,30-12-2024,Taimur Dash,East,Kolkata,Furniture,Sofa Vero,20,17789,979,Debit Card
13691,09-05-2024,Kanav Acharya,North,Delhi,Home Decor,Lamp Eligendi,20,202176,46283,COD
13692,24-09-2024,Keya Salvi,West,Goa,Sports,Dumbbells Dolorem,20,160352,28140,Debit Card
13693,22-02-2024,Shlok Karpe,South,Coimbatore,Furniture,Table Nihil,15,15856,3110,Net Banking
13694,07-01-2024,Purab Suri,South,Coimbatore,Sports,Football Nulla,0,83740,14234,Credit Card
13695,16-05-2024,Ryan Dutt,South,Coimbatore,Kitchen,Cookware Set Debitis,15,178177,17819,COD
13696,15-05-2024,Piya Shanker,West,Ahmedabad,Groceries,Oil Recusandae,15,1764,266,Credit Card
13697,25-10-2024,Jiya Sharma,West,Goa,Electronics,Laptop Ipsam,5,7380,1575,Net Banking
13698,25-02-2024,Indrans Deep,North,Amritsar,Sports,Football Occaecati,10,62910,11827,UPI
13699,24-11-2023,Hansh Tank,West,Goa,Kitchen,Juicer Fugit,15,211820,13990,COD
13700,29-07-2024,Rasha Handa,West,Pune,Groceries,Rice Aut,0,77940,11711,Debit Card
13701,06-01-2024,Saanvi Bala,North,Chandigarh,Beauty,Face Cream Quisquam,0,156822,7845,COD
13702,20-08-2024,Aarush Chakraborty,West,Ahmedabad,Home Decor,Vase Ipsum,15,208641,51897,Credit Card
13703,29-10-2024,Romil Sunder,North,Amritsar,Sports,Yoga Mat Consequuntur,15,52700,3826,COD
13704,12-07-2025,Sahil De,North,Jaipur,Beauty,Face Cream Dolorem,5,352179,71867,Net Banking
13705,29-05-2024,Navya Issac,West,Surat,Books,Comics Voluptatibus,0,376725,19605,Credit Card
13706,29-10-2024,Keya Yadav,West,Goa,Sports,Yoga Mat Vero,10,96601,13507,UPI
13707,23-05-2024,Indrajit Varma,West,Mumbai,Toys,Puzzle Eum,20,38767,6542,COD
13708,08-08-2025,Ahana  Bera,South,Thiruvananthapuram,Home Decor,Vase Porro,10,206712,13285,UPI
13709,11-05-2025,Manikya Gara,North,Lucknow,Books,Biography Adipisci,15,88667,5257,Debit Card
13710,08-03-2025,Yasmin Biswas,North,Jaipur,Furniture,Table Quam,15,288341,38371,COD
13711,09-06-2025,Devansh Sarraf,East,Guwahati,Electronics,Camera Sunt,5,15005,3291,Net Banking
13712,28-06-2025,Zara Chada,North,Amritsar,Home Decor,Lamp At,20,127712,20795,Net Banking
13713,29-08-2024,Chirag Datta,West,Goa,Books,Fiction Deserunt,10,110090,21420,COD
13714,12-01-2025,Hrishita Mand,North,Amritsar,Electronics,Camera Enim,20,14178,1094,Debit Card
13715,07-02-2025,Ritvik Sawhney,West,Pune,Furniture,Sofa Provident,15,92608,9285,Net Banking
13716,11-07-2025,Jayesh Khalsa,North,Jaipur,Kitchen,Juicer Ullam,5,22318,5354,Debit Card
13717,14-10-2024,Anaya Sangha,East,Patna,Kitchen,Refrigerator Id,15,233325,47255,Debit Card
13718,15-03-2024,Zeeshan Mandal,East,Bhubaneswar,Groceries,Rice Velit,10,35613,8244,UPI
13719,10-11-2024,Kaira Bhagat,West,Ahmedabad,Home Decor,Lamp Consequatur,5,162378,16712,Credit Card
13720,07-03-2025,Ahana  Verma,West,Pune,Electronics,Laptop Voluptas,15,1041,150,Net Banking
13721,20-05-2024,Eshani Ghose,West,Ahmedabad,Kitchen,Juicer Qui,15,182709,26825,UPI
13722,25-03-2025,Darshit Sarna,East,Guwahati,Electronics,Laptop Veritatis,20,142230,29760,UPI
13723,27-05-2025,Hridaan Guha,North,Jaipur,Electronics,Camera Placeat,10,36987,7151,Debit Card
13724,18-02-2024,Sumer Mann,North,Chandigarh,Home Decor,Clock Eaque,0,262545,52053,UPI
13725,17-10-2024,Kaira Subramaniam,West,Mumbai,Electronics,Headphones Impedit,0,107973,19916,Credit Card
13726,14-08-2025,Miraya Badami,North,Chandigarh,Toys,Puzzle Ullam,20,97658,19901,Net Banking
13727,30-11-2023,Aarush Dhingra,North,Delhi,Electronics,Mobile Illo,0,13545,2466,UPI
13728,15-09-2024,Ivana Thakkar,South,Bangalore,Home Decor,Vase Recusandae,0,29727,3132,UPI
13729,08-01-2025,Riaan Hayre,North,Delhi,Beauty,Face Cream Exercitationem,10,143048,28493,Net Banking
13730,30-05-2024,Arhaan Saxena,North,Lucknow,Toys,Action Figure Ab,20,116472,17210,UPI
13731,18-06-2025,Azad Dhillon,North,Chandigarh,Electronics,Smartwatch Eum,15,299961,30249,COD
13732,01-07-2025,Zara Uppal,East,Kolkata,Beauty,Shampoo Dolore,20,12032,943,UPI
13733,30-10-2023,Neelofar Yohannan,West,Pune,Books,Textbook Repudiandae,10,153276,12603,Debit Card
13734,23-08-2025,Vardaniya Verma,South,Chennai,Home Decor,Lamp Vitae,15,93287,12989,Debit Card
13735,30-07-2024,Jayesh Ramachandran,East,Ranchi,Home Decor,Lamp Soluta,5,304276,73169,Net Banking
13736,04-12-2024,Keya Saha,North,Delhi,Furniture,Cabinet Occaecati,20,63931,10477,Credit Card
13737,07-05-2024,Arhaan Sinha,East,Patna,Sports,Tennis Racket Aliquid,0,342040,27573,Net Banking
13738,20-09-2024,Pranay Balan,North,Jaipur,Toys,Board Game Praesentium,15,3114,311,Net Banking
13739,14-10-2023,Ojas Sehgal,East,Kolkata,Beauty,Face Cream Quis,10,61785,14609,UPI
13740,08-10-2024,Madhav Kara,East,Guwahati,Furniture,Bed Accusamus,15,108894,23866,Credit Card
13741,16-09-2025,Rati Boase,North,Jaipur,Home Decor,Lamp Recusandae,5,295222,39392,COD
13742,06-05-2025,Mehul Zacharia,South,Coimbatore,Furniture,Table Ducimus,10,109395,20036,UPI
13743,28-08-2025,Himmat Jhaveri,West,Ahmedabad,Books,Comics Suscipit,10,147985,8142,COD
13744,21-08-2024,Jiya Kala,South,Hyderabad,Home Decor,Clock Animi,15,9236,2038,COD
13745,26-07-2024,Kashvi Chaudry,South,Thiruvananthapuram,Electronics,Mobile Placeat,15,225157,50284,Credit Card
13746,11-04-2025,Ira Bera,West,Goa,Electronics,Headphones Maxime,0,145096,17332,Net Banking
13747,21-04-2024,Aarna Bera,East,Bhubaneswar,Kitchen,Juicer Enim,10,164703,17011,COD
13748,14-09-2025,Madhup Dubey,East,Guwahati,Toys,Doll Impedit,15,28703,4567,COD
13749,25-10-2023,Armaan Saran,East,Ranchi,Clothing,Kids Wear Facere,0,158913,21780,Debit Card
13750,24-10-2024,Miraan Soman,North,Jaipur,Beauty,Lipstick Fuga,5,323366,56821,Credit Card
13751,13-11-2023,Vedika Dara,West,Ahmedabad,Kitchen,Cookware Set Illo,20,204394,20085,UPI
13752,08-02-2024,Gokul Maharaj,North,Amritsar,Home Decor,Vase Consectetur,20,35485,8739,UPI
13753,14-10-2023,Aarav Handa,North,Chandigarh,Books,Biography Tempora,15,79062,8748,Debit Card
13754,25-03-2024,Madhav Malhotra,East,Patna,Kitchen,Mixer Grinder Sequi,5,166242,31519,Debit Card
13755,22-02-2024,Navya Sha,East,Ranchi,Furniture,Cabinet Provident,10,485,112,Net Banking
13756,09-10-2024,Madhup Ray,East,Guwahati,Books,Textbook Quis,20,128551,12687,Net Banking
13757,26-04-2024,Umang Sachdeva,West,Pune,Groceries,Rice Quisquam,20,162547,36135,UPI
13758,03-03-2025,Emir Shere,North,Delhi,Clothing,Accessories Iusto,10,215093,28142,Debit Card
13759,11-05-2024,Zeeshan Chander,East,Bhubaneswar,Toys,Doll Omnis,5,107706,20529,Net Banking
13760,07-01-2024,Nayantara Tata,West,Mumbai,Clothing,Accessories Quam,10,143334,33845,UPI
13761,09-11-2024,Dhruv Sura,East,Guwahati,Clothing,Shoes Officiis,10,203048,20207,Net Banking
13762,15-11-2024,Shray Khare,East,Bhubaneswar,Furniture,Table Illum,20,90984,18718,COD
13763,24-06-2024,Nishith Basu,East,Kolkata,Books,Comics Modi,0,240004,46033,Credit Card
13764,21-01-2024,Kabir Sarma,North,Delhi,Electronics,Laptop Fuga,15,50323,4267,Debit Card
13765,23-10-2023,Baiju Sandhu,South,Chennai,Groceries,Wheat Recusandae,15,53455,8257,Net Banking
13766,03-07-2024,Gokul Hayer,North,Amritsar,Home Decor,Clock Voluptates,15,159454,13180,Net Banking
13767,11-10-2024,Amani Sachar,South,Bangalore,Kitchen,Microwave Fugiat,15,264575,18454,Credit Card
13768,15-04-2024,Samarth Koshy,North,Jaipur,Groceries,Spices Eaque,15,131567,13771,Net Banking
13769,08-01-2025,Zain Mander,West,Mumbai,Electronics,Headphones Vero,5,242968,42590,COD
13770,19-04-2024,Nitya Rattan,North,Jaipur,Kitchen,Mixer Grinder Explicabo,0,111195,26087,Credit Card
13771,21-05-2025,Ojas Doshi,North,Chandigarh,Furniture,Cabinet Enim,0,181580,44696,Net Banking
13772,17-11-2024,Anay Vasa,East,Ranchi,Groceries,Sugar Ullam,0,95524,17964,Net Banking
13773,08-12-2023,Sumer Dalal,North,Jaipur,Electronics,Laptop Nisi,20,204116,36294,Credit Card
13774,20-02-2024,Tarini Bakshi,North,Chandigarh,Sports,Dumbbells Nesciunt,5,19167,1980,UPI
13775,26-05-2024,Rhea Ratta,West,Goa,Kitchen,Microwave Quae,0,127500,22702,COD
13776,01-08-2025,Bhavin Bhatia,East,Kolkata,Kitchen,Juicer Dolor,15,144010,16767,UPI
13777,26-01-2024,Seher Bhardwaj,North,Amritsar,Home Decor,Vase Doloremque,5,102676,5758,UPI
13778,03-11-2024,Advik Ramanathan,West,Surat,Kitchen,Refrigerator Architecto,0,247732,41386,Credit Card
13779,26-04-2024,Emir Dass,South,Bangalore,Groceries,Oil Facere,0,23921,5638,Net Banking
13780,10-01-2024,Sara Keer,North,Jaipur,Sports,Cricket Bat Doloremque,0,343630,60282,Net Banking
13781,24-07-2024,Inaaya  Doshi,West,Surat,Sports,Cricket Bat Ullam,0,254940,62980,UPI
13782,11-10-2024,Rohan Gulati,North,Jaipur,Furniture,Table Harum,5,25698,2937,Net Banking
13783,17-08-2025,Siya Dash,North,Jaipur,Groceries,Oil Velit,20,265016,56862,Credit Card
13784,11-12-2023,Navya Thakur,North,Chandigarh,Beauty,Foundation Veniam,10,41993,4879,COD
13785,03-12-2024,Faiyaz Dasgupta,South,Hyderabad,Kitchen,Cookware Set Laudantium,5,106314,22450,Debit Card
13786,20-10-2023,Mannat Jaggi,West,Pune,Beauty,Foundation Rerum,20,23905,4722,UPI
13787,15-10-2024,Arnav Viswanathan,North,Jaipur,Furniture,Table Nam,5,21883,2730,COD
13788,23-10-2024,Nirvi Samra,East,Kolkata,Books,Fiction Officiis,10,85460,8477,Credit Card
13789,22-02-2024,Kiara Shankar,West,Mumbai,Clothing,Women's Wear Officiis,15,32849,3886,Debit Card
13790,23-02-2025,Hazel Desai,East,Patna,Kitchen,Refrigerator Officia,20,179616,31494,Net Banking
13791,18-12-2024,Shray Kuruvilla,East,Kolkata,Toys,Puzzle Quos,20,85816,10079,COD
13792,08-08-2025,Misha Baral,East,Guwahati,Furniture,Sofa Nobis,15,81507,9880,Credit Card
13793,21-08-2024,Manjari Lata,East,Patna,Toys,RC Car Minus,0,127464,9498,COD
13794,13-08-2024,Anya Ramachandran,South,Coimbatore,Books,Non-Fiction Temporibus,20,43139,10456,COD
13795,23-11-2023,Chirag Varkey,East,Bhubaneswar,Electronics,Headphones Adipisci,5,3924,641,UPI
13796,20-05-2025,Seher Balay,North,Lucknow,Toys,Doll Deserunt,15,70768,8792,Debit Card
13797,29-05-2025,Pihu Shenoy,East,Kolkata,Electronics,Laptop Similique,20,301432,68696,Credit Card
13798,01-09-2024,Umang Bora,East,Guwahati,Clothing,Kids Wear Itaque,5,17553,3344,Debit Card
13799,24-04-2025,Nayantara Babu,North,Lucknow,Sports,Cricket Bat Quam,15,58545,12592,UPI
13800,17-03-2025,Trisha Vyas,West,Pune,Furniture,Table Iste,15,77012,11400,COD
13801,10-10-2024,Misha Goyal,East,Bhubaneswar,Sports,Cricket Bat Omnis,20,36534,5789,Credit Card
13802,08-01-2025,Emir Chauhan,North,Jaipur,Sports,Football Placeat,10,22984,1659,COD
13803,18-07-2024,Yakshit Dey,South,Bangalore,Groceries,Sugar Dolores,20,48800,5754,Debit Card
13804,08-09-2024,Fateh Chana,South,Hyderabad,Furniture,Bed Ut,15,23913,2812,UPI
13805,26-02-2025,Vritika Babu,East,Bhubaneswar,Beauty,Face Cream Molestias,10,23891,1916,Debit Card
13806,14-11-2023,Hansh De,East,Kolkata,Beauty,Foundation Incidunt,5,108072,21674,Credit Card
13807,20-10-2024,Aarna Sama,East,Bhubaneswar,Home Decor,Cushion Non,10,65987,7356,COD
13808,20-02-2025,Vihaan Cherian,North,Delhi,Sports,Cricket Bat Ea,10,48467,6880,Credit Card
13809,02-08-2024,Veer Dara,South,Bangalore,Furniture,Bed A,15,276089,68739,UPI
13810,03-04-2025,Sahil Bawa,East,Guwahati,Kitchen,Cookware Set Quia,15,73884,7866,Net Banking
13811,20-04-2024,Uthkarsh Solanki,East,Kolkata,Beauty,Foundation Odio,15,80249,15287,Debit Card
13812,21-04-2025,Faiyaz Gulati,West,Mumbai,Clothing,Men's Wear Eligendi,20,229354,51735,COD
13813,15-04-2024,Amira Savant,West,Pune,Toys,Doll Non,15,7490,448,COD
13814,10-05-2024,Samaira Barad,West,Surat,Furniture,Table Neque,20,44387,4379,Debit Card
13815,01-03-2025,Zoya Sankar,South,Bangalore,Kitchen,Mixer Grinder Autem,10,42566,6063,Net Banking
13816,07-09-2024,Rasha Golla,North,Delhi,Home Decor,Wall Art Excepturi,20,82560,7916,Debit Card
13817,24-01-2025,Kiara Bhatia,South,Bangalore,Kitchen,Cookware Set Ut,10,36369,3559,Net Banking
13818,08-08-2024,Tejas Dalal,South,Bangalore,Home Decor,Wall Art Nihil,15,22100,3823,Net Banking
13819,28-02-2025,Lakshay Balay,North,Amritsar,Beauty,Foundation Pariatur,10,133929,7482,Debit Card
13820,29-08-2024,Manjari Rastogi,West,Pune,Kitchen,Microwave Eveniet,20,57714,5965,Debit Card
13821,21-07-2024,Umang Gupta,North,Delhi,Home Decor,Lamp Omnis,15,150565,34871,Net Banking
13822,18-07-2024,Sahil Bera,East,Patna,Kitchen,Refrigerator Magnam,20,153864,30909,UPI
13823,18-10-2024,Darshit Gera,North,Amritsar,Furniture,Table Voluptatum,0,101235,25010,Credit Card
13824,13-03-2024,Sara Raval,East,Ranchi,Furniture,Bed Tempora,0,35237,7955,Debit Card
13825,30-11-2024,Ivana Baral,South,Bangalore,Clothing,Shoes Nemo,0,157124,24626,COD
13826,02-07-2025,Nirvaan Datta,North,Jaipur,Kitchen,Microwave Reiciendis,5,338067,61986,Debit Card
13827,26-03-2024,Vivaan Setty,East,Patna,Furniture,Sofa Delectus,20,52711,3202,UPI
13828,10-10-2024,Divij Loyal,South,Chennai,Furniture,Bed Dicta,20,22078,3221,Debit Card
13829,07-08-2025,Hazel Ramachandran,North,Chandigarh,Home Decor,Lamp Consequuntur,15,74994,5612,Debit Card
13830,11-06-2025,Ela Soni,South,Chennai,Toys,Action Figure Impedit,20,32217,2043,Debit Card
13831,16-09-2024,Faiyaz Apte,East,Ranchi,Furniture,Sofa Ea,20,289180,45698,Net Banking
13832,10-10-2023,Eshani Saran,South,Thiruvananthapuram,Books,Non-Fiction Iure,20,180288,40877,COD
13833,29-11-2023,Arnav Golla,East,Kolkata,Sports,Football Modi,5,300618,62609,Credit Card
13834,03-05-2025,Yasmin Sekhon,West,Mumbai,Sports,Dumbbells Doloribus,10,127265,31811,COD
13835,28-03-2025,Alisha Sachar,East,Ranchi,Toys,RC Car Maiores,20,78040,7582,COD
13836,20-12-2024,Aaryahi Bal,North,Chandigarh,Groceries,Wheat Dolore,15,117718,21649,UPI
13837,29-05-2025,Prerak Srinivas,East,Kolkata,Home Decor,Cushion Unde,5,181739,26895,COD
13838,17-01-2024,Myra Bawa,East,Patna,Kitchen,Refrigerator Totam,10,65959,14300,Credit Card
13839,29-05-2024,Dhanush Mand,East,Kolkata,Home Decor,Lamp Enim,5,228927,39408,Credit Card
13840,22-02-2025,Eva Srinivas,East,Kolkata,Groceries,Spices Hic,15,15332,1374,Credit Card
13841,18-10-2024,Yakshit Raman,South,Chennai,Toys,Doll Alias,0,64551,14889,Net Banking
13842,13-04-2025,Divij Thaman,East,Patna,Electronics,Laptop Ipsum,20,104580,7468,Credit Card
13843,04-09-2024,Purab Sarraf,North,Amritsar,Home Decor,Wall Art Error,20,166620,25353,UPI
13844,11-07-2024,Kanav Luthra,North,Jaipur,Beauty,Lipstick Quidem,15,134684,13402,Credit Card
13845,09-07-2025,Trisha Majumdar,North,Jaipur,Furniture,Sofa Fugiat,10,127964,25035,Debit Card
13846,12-03-2025,Indranil Sachdev,South,Bangalore,Home Decor,Cushion Non,5,35877,4975,UPI
13847,30-11-2023,Aarna Walla,East,Ranchi,Sports,Tennis Racket Mollitia,10,111152,24642,Net Banking
13848,15-04-2024,Azad Khurana,North,Lucknow,Electronics,Headphones Tempora,0,150129,16029,Credit Card
13849,16-06-2025,Nirvi Chana,North,Delhi,Clothing,Women's Wear Laudantium,0,25700,2075,Credit Card
13850,07-04-2025,Uthkarsh Suresh,East,Guwahati,Kitchen,Cookware Set Voluptatem,5,46245,3298,UPI
13851,25-05-2025,Shalv Wagle,West,Pune,Books,Non-Fiction Eveniet,0,231740,20459,COD
13852,21-03-2024,Vivaan Kala,West,Pune,Furniture,Cabinet Dolores,10,48623,5823,COD
13853,10-03-2025,Nayantara Jhaveri,South,Bangalore,Groceries,Oil Voluptatem,5,16266,907,COD
13854,16-01-2025,Miraan Dutta,West,Goa,Beauty,Face Cream Quo,5,125476,16103,COD
13855,28-01-2025,Jayesh Mann,West,Mumbai,Toys,RC Car Voluptatibus,0,134391,28232,COD
13856,07-04-2025,Tanya Bandi,East,Patna,Sports,Tennis Racket Commodi,10,40865,7965,COD
13857,15-10-2024,Vidur Suri,West,Pune,Home Decor,Clock Modi,20,230499,34284,Debit Card
13858,13-03-2024,Anay Comar,East,Bhubaneswar,Beauty,Lipstick Quod,5,29164,5598,Net Banking
13859,05-11-2023,Divij Mahajan,South,Coimbatore,Sports,Yoga Mat Quibusdam,0,137860,11234,Credit Card
13860,26-05-2025,Nitara Mani,East,Bhubaneswar,Beauty,Face Cream Voluptatem,5,117732,15109,Net Banking
13861,19-11-2023,Anvi Bahl,West,Surat,Groceries,Spices Placeat,10,7452,1692,Credit Card
13862,29-07-2024,Badal Sachdeva,South,Bangalore,Kitchen,Juicer Repellat,0,65836,6304,Debit Card
13863,07-03-2025,Oorja Dave,East,Guwahati,Groceries,Oil Corrupti,20,3043,637,Debit Card
13864,19-10-2023,Misha Ranganathan,East,Ranchi,Furniture,Table Atque,5,292724,71120,Net Banking
13865,12-07-2025,Indranil Gokhale,North,Delhi,Books,Non-Fiction Exercitationem,5,122459,8662,Net Banking
13866,10-05-2025,Tejas Sood,South,Thiruvananthapuram,Kitchen,Cookware Set Repellendus,5,12113,2678,COD
13867,19-10-2024,Heer Sathe,North,Amritsar,Kitchen,Microwave Velit,20,63269,10537,COD
13868,20-01-2024,Fateh Bahl,North,Chandigarh,Beauty,Perfume Alias,0,22348,2066,COD
13869,18-11-2023,Kashvi Barad,North,Jaipur,Clothing,Women's Wear Inventore,15,72440,11699,COD
13870,03-03-2025,Bhavin Dhingra,North,Jaipur,Clothing,Accessories Qui,5,35886,7789,UPI
13871,11-04-2024,Aarna Kunda,North,Jaipur,Kitchen,Refrigerator Temporibus,20,75634,5583,COD
13872,01-02-2024,Khushi Seth,West,Pune,Sports,Yoga Mat Autem,15,205713,25594,COD
13873,03-06-2024,Nakul Singh,North,Chandigarh,Toys,Board Game Quisquam,15,86948,9577,Debit Card
13874,09-12-2024,Azad Sathe,North,Amritsar,Beauty,Lipstick Laborum,0,261928,55150,COD
13875,15-09-2025,Jivin Sheth,North,Chandigarh,Electronics,Headphones Animi,15,89916,10235,UPI
13876,16-11-2024,Abram Khurana,West,Surat,Electronics,Laptop Aspernatur,10,124762,27592,COD
13877,25-03-2024,Tanya Mander,West,Goa,Furniture,Chair Dicta,15,29923,7039,COD
13878,18-11-2024,Misha Bava,East,Guwahati,Books,Biography Recusandae,0,194015,17020,Credit Card
13879,02-10-2024,Rasha Dixit,West,Surat,Books,Biography Facere,15,17005,2555,Credit Card
13880,07-05-2025,Drishya Jha,East,Guwahati,Furniture,Cabinet Autem,0,47978,5386,UPI
13881,30-08-2024,Kabir Deep,East,Ranchi,Home Decor,Cushion Aperiam,15,119878,19548,Debit Card
13882,11-10-2024,Keya Tandon,North,Delhi,Clothing,Shoes Earum,20,115678,10572,Debit Card
13883,19-01-2025,Fateh Bhavsar,South,Hyderabad,Beauty,Face Cream Quaerat,10,336767,17376,Debit Card
13884,03-03-2025,Vritika Batra,East,Guwahati,Electronics,Camera Voluptate,20,282260,32677,Debit Card
13885,16-02-2025,Manjari Trivedi,North,Amritsar,Clothing,Men's Wear Praesentium,20,189040,28935,UPI
13886,05-01-2025,Veer Edwin,West,Mumbai,Groceries,Sugar Suscipit,20,157272,9403,UPI
13887,13-01-2025,Kanav Tata,South,Bangalore,Sports,Football Eligendi,20,172154,22627,UPI
13888,05-05-2024,Pihu Wason,West,Mumbai,Books,Comics Qui,15,21057,1399,COD
13889,27-02-2025,Renee Chander,West,Pune,Clothing,Accessories Iusto,15,96195,11680,Credit Card
13890,13-12-2023,Divyansh Bhasin,East,Kolkata,Clothing,Accessories Itaque,5,53580,7884,COD
13891,14-09-2024,Aaina Maharaj,North,Amritsar,Sports,Football Tempora,5,276289,50120,UPI
13892,02-05-2025,Shamik Date,East,Kolkata,Clothing,Men's Wear Aliquid,10,9384,925,Net Banking
13893,03-03-2025,Anahi Varkey,North,Jaipur,Home Decor,Cushion Eos,20,162522,20075,UPI
13894,04-04-2025,Stuvan Datta,North,Jaipur,Clothing,Kids Wear Molestiae,5,42902,9027,COD
13895,02-03-2024,Badal Rao,West,Goa,Books,Non-Fiction Praesentium,15,137343,7982,UPI
13896,26-02-2024,Nitara Randhawa,West,Goa,Sports,Football Maiores,5,89409,7860,Credit Card
13897,11-08-2025,Zeeshan Vaidya,South,Chennai,Electronics,Headphones Laboriosam,20,22778,1824,COD
13898,19-08-2024,Mehul Roy,East,Guwahati,Clothing,Shoes Maiores,5,91154,13547,Credit Card
13899,22-03-2025,Anaya Savant,South,Bangalore,Groceries,Sugar Officia,0,86508,8647,COD
13900,23-01-2024,Rania Jhaveri,East,Guwahati,Sports,Football Harum,10,167054,18375,COD
13901,23-05-2025,Ehsaan Krishnan,South,Coimbatore,Home Decor,Cushion Dolore,15,62860,13813,UPI
13902,08-08-2024,Tanya Taneja,East,Guwahati,Books,Textbook Nihil,10,36379,8475,UPI
13903,12-01-2025,Riaan Kalita,North,Amritsar,Sports,Yoga Mat Quo,0,176608,37699,COD
13904,01-07-2025,Tanya Amble,South,Chennai,Sports,Tennis Racket Inventore,0,149012,23049,Net Banking
13905,06-04-2025,Drishya Chokshi,South,Bangalore,Electronics,Camera Expedita,15,16771,3417,Net Banking
13906,28-11-2023,Elakshi Kannan,South,Thiruvananthapuram,Home Decor,Wall Art Commodi,20,228944,30219,COD
13907,01-01-2025,Armaan Kalita,North,Chandigarh,Groceries,Wheat Perspiciatis,10,102272,6216,COD
13908,22-11-2024,Tanya Barad,North,Delhi,Books,Biography Sint,15,40089,8210,Credit Card
13909,22-10-2023,Kiara Ben,North,Jaipur,Beauty,Foundation Molestiae,0,49332,10546,UPI
13910,22-07-2025,Shanaya Bir,South,Thiruvananthapuram,Furniture,Sofa Maxime,5,250629,43785,UPI
13911,22-08-2025,Vritika Dyal,South,Bangalore,Home Decor,Vase Itaque,15,86969,16152,UPI
13912,26-08-2025,Jayan Roy,West,Ahmedabad,Beauty,Face Cream Neque,5,210344,22491,Debit Card
13913,14-11-2024,Jayant Joshi,North,Delhi,Home Decor,Vase Fugiat,20,3718,658,COD
13914,24-03-2025,Adah Gandhi,South,Hyderabad,Furniture,Cabinet Asperiores,0,311815,67266,COD
13915,31-08-2024,Samar Edwin,East,Patna,Groceries,Wheat Recusandae,10,77004,11059,UPI
13916,16-07-2024,Romil Saha,North,Chandigarh,Beauty,Foundation Alias,15,3955,342,Debit Card
13917,27-03-2025,Nitya Bandi,North,Chandigarh,Toys,Action Figure Eaque,10,177923,17733,UPI
13918,12-09-2024,Zain Kota,West,Pune,Home Decor,Cushion Aut,5,57911,7266,Net Banking
13919,23-07-2024,Mohanlal Jayaraman,South,Coimbatore,Home Decor,Vase Delectus,10,45086,6501,Net Banking
13920,14-11-2023,Siya Arora,East,Kolkata,Home Decor,Wall Art Facere,5,120692,21925,Debit Card
13921,27-02-2024,Badal Desai,North,Lucknow,Clothing,Men's Wear Sapiente,20,85286,20838,Debit Card
13922,09-03-2025,Piya Saha,East,Bhubaneswar,Home Decor,Wall Art Eveniet,5,254642,54231,Net Banking
13923,12-09-2024,Khushi Iyer,East,Bhubaneswar,Toys,Puzzle Occaecati,15,566,98,Debit Card
13924,13-10-2023,Amira Dewan,East,Ranchi,Electronics,Laptop Unde,15,132513,16953,Debit Card
13925,12-08-2024,Veer Hari,East,Guwahati,Furniture,Bed Perferendis,15,177103,22802,Debit Card
13926,08-09-2024,Jivika Saxena,South,Coimbatore,Groceries,Wheat Atque,5,11081,1350,UPI
13927,09-09-2025,Ela Bains,West,Pune,Electronics,Camera Modi,5,123869,20841,UPI
13928,14-10-2023,Yakshit Ramachandran,North,Chandigarh,Clothing,Accessories Architecto,15,50400,6193,Debit Card
13929,29-06-2024,Rhea Balay,South,Thiruvananthapuram,Toys,Doll Similique,0,200208,36553,Debit Card
13930,09-10-2024,Uthkarsh Madan,South,Bangalore,Furniture,Bed Pariatur,20,59542,6451,Net Banking
13931,19-06-2025,Arnav Kunda,North,Lucknow,Electronics,Smartwatch Nostrum,0,6836,1085,Net Banking
13932,01-04-2024,Divit Hora,East,Kolkata,Books,Fiction Fugiat,5,17985,1607,COD
13933,01-05-2024,Madhav Rama,South,Hyderabad,Sports,Tennis Racket Temporibus,20,59887,10248,Net Banking
13934,19-12-2024,Hansh Balakrishnan,East,Patna,Electronics,Smartwatch Illum,15,67753,10348,Net Banking
13935,14-07-2025,Lakshay Mall,North,Lucknow,Groceries,Sugar Iure,5,208060,37268,Credit Card
13936,16-12-2023,Anika Kapoor,East,Patna,Kitchen,Juicer Officia,10,193817,19627,Debit Card
13937,22-11-2023,Ira Kulkarni,West,Surat,Books,Comics Quam,5,8465,1696,UPI
13938,18-04-2024,Samaira Ramakrishnan,North,Jaipur,Clothing,Women's Wear Quidem,5,274877,25096,Net Banking
13939,27-10-2024,Hunar Sachdeva,South,Bangalore,Clothing,Kids Wear Saepe,10,32494,2961,Credit Card
13940,29-06-2025,Akarsh Sachdev,East,Patna,Toys,Puzzle Accusamus,10,123444,26964,Debit Card
13941,01-09-2024,Urvi Upadhyay,East,Guwahati,Kitchen,Microwave Illum,20,103354,17799,Debit Card
13942,10-02-2025,Ahana  Tak,West,Mumbai,Furniture,Sofa Ipsa,15,132604,18877,Debit Card
13943,24-12-2023,Rohan Acharya,East,Ranchi,Toys,Puzzle Sequi,20,129451,10801,COD
13944,17-10-2024,Nakul Zacharia,East,Patna,Beauty,Perfume Molestiae,20,41126,3163,UPI
13945,31-12-2024,Tushar Dua,North,Amritsar,Groceries,Rice In,20,59411,6256,Net Banking
13946,14-01-2024,Mannat Iyer,West,Mumbai,Electronics,Camera Quae,10,121369,15169,Credit Card
13947,07-04-2024,Mehul Toor,East,Patna,Home Decor,Clock Minima,0,14010,750,Net Banking
13948,12-10-2024,Ranbir Ben,East,Patna,Furniture,Sofa Ipsam,10,29727,1679,COD
13949,25-08-2024,Alia Salvi,North,Delhi,Kitchen,Refrigerator Enim,10,40048,6851,COD
13950,21-04-2025,Jhanvi Sandal,South,Thiruvananthapuram,Books,Comics Quo,20,15894,1844,Net Banking
13951,21-02-2025,Hrishita Jha,East,Patna,Sports,Dumbbells Ut,10,144540,15617,Debit Card
13952,08-02-2025,Rhea Dugar,West,Surat,Toys,Board Game Quod,0,150675,21442,COD
13953,26-04-2025,Jhanvi Madan,South,Coimbatore,Kitchen,Mixer Grinder Harum,5,38837,5439,COD
13954,23-04-2025,Tiya Gera,South,Chennai,Clothing,Shoes Deserunt,5,72667,3916,Net Banking
13955,16-07-2025,Tushar Gera,North,Lucknow,Home Decor,Clock Quia,15,46636,5628,Net Banking
13956,06-12-2023,Ira Rastogi,North,Amritsar,Furniture,Bed Officia,5,64024,4800,Debit Card
13957,13-05-2024,Vaibhav Bava,North,Delhi,Beauty,Foundation Similique,10,12195,1602,Debit Card
13958,29-04-2025,Kabir Ravi,East,Guwahati,Furniture,Cabinet Asperiores,5,69312,9362,COD
13959,29-11-2023,Inaaya  Ganesan,East,Bhubaneswar,Sports,Football Modi,5,141240,13429,Net Banking
13960,15-01-2024,Jhanvi Bal,West,Ahmedabad,Toys,Puzzle Sapiente,0,61120,14005,Net Banking
13961,12-12-2024,Amani Rastogi,West,Mumbai,Furniture,Cabinet Quam,10,49352,6805,COD
13962,21-08-2024,Ryan Lanka,North,Delhi,Toys,Action Figure Asperiores,0,74125,9274,COD
13963,29-12-2024,Drishya Chana,West,Mumbai,Books,Fiction Commodi,0,85881,7489,Credit Card
13964,12-08-2025,Parinaaz Din,East,Bhubaneswar,Groceries,Sugar Modi,5,118070,19716,Credit Card
13965,28-11-2024,Navya Taneja,West,Pune,Electronics,Mobile Aspernatur,0,36207,7151,Credit Card
13966,31-07-2025,Ritvik Dara,East,Bhubaneswar,Electronics,Smartwatch Dolor,10,105940,13369,COD
13967,16-04-2024,Bhavin Ganesan,East,Kolkata,Clothing,Accessories Est,0,355720,51224,Debit Card
13968,20-01-2025,Vritika Sant,West,Goa,Kitchen,Juicer Distinctio,20,38222,5453,Debit Card
13969,21-05-2025,Amani Apte,North,Lucknow,Home Decor,Wall Art Laboriosam,20,154909,15605,Net Banking
13970,04-07-2024,Mishti Manne,West,Ahmedabad,Clothing,Accessories Dolor,20,39630,8601,Net Banking
13971,15-04-2024,Umang Roy,West,Pune,Furniture,Chair Harum,5,105137,5406,Net Banking
13972,17-01-2024,Uthkarsh Viswanathan,North,Delhi,Furniture,Bed Autem,0,307660,17079,Credit Card
13973,09-08-2024,Biju Dugar,East,Patna,Groceries,Sugar Deleniti,15,60285,3074,COD
13974,10-11-2024,Krish Ram,East,Bhubaneswar,Clothing,Kids Wear Repellat,20,44662,7165,UPI
13975,05-06-2025,Ranbir Rajagopal,East,Ranchi,Books,Non-Fiction Deleniti,20,40279,3224,Credit Card
13976,14-01-2024,Piya Magar,South,Thiruvananthapuram,Electronics,Smartwatch Voluptatibus,5,29463,4461,Credit Card
13977,31-03-2025,Zara Khalsa,East,Ranchi,Home Decor,Lamp Velit,15,173914,41421,Credit Card
13978,21-06-2024,Riaan Yohannan,West,Ahmedabad,Beauty,Face Cream Quos,5,4750,252,COD
13979,02-08-2024,Prerak Sawhney,North,Amritsar,Books,Textbook Repudiandae,20,31392,1801,Debit Card
13980,05-04-2024,Abram Lata,North,Delhi,Groceries,Wheat Aspernatur,0,127910,10570,Debit Card
13981,10-06-2025,Arhaan Sidhu,North,Delhi,Furniture,Cabinet Occaecati,10,27513,5304,Credit Card
13982,26-01-2025,Nishith Arora,East,Kolkata,Kitchen,Mixer Grinder Ea,15,50296,5620,UPI
13983,27-01-2024,Aayush Tak,North,Delhi,Kitchen,Microwave Beatae,10,824,127,UPI
13984,25-06-2025,Vihaan Dani,North,Lucknow,Sports,Dumbbells Rerum,20,221072,25935,Net Banking
13985,22-03-2024,Aaina Sagar,North,Chandigarh,Sports,Cricket Bat Aperiam,0,49113,10381,Credit Card
13986,18-06-2024,Kashvi Tiwari,East,Guwahati,Furniture,Chair Adipisci,20,42844,6580,Debit Card
13987,09-10-2024,Adira Bansal,North,Chandigarh,Sports,Tennis Racket Doloremque,0,41674,10173,Debit Card
13988,17-01-2024,Neelofar Dhawan,East,Patna,Sports,Tennis Racket Ex,20,210867,21586,UPI
13989,21-10-2024,Nirvaan Master,North,Amritsar,Kitchen,Refrigerator Ipsum,10,63797,6201,Net Banking
13990,27-07-2024,Umang Chahal,North,Chandigarh,Books,Comics Eveniet,0,55455,2990,Net Banking
13991,05-01-2024,Kimaya Gera,West,Surat,Books,Biography Sint,5,2206,346,Debit Card
13992,28-05-2024,Rati Banerjee,North,Amritsar,Kitchen,Refrigerator Aliquid,15,311746,42399,UPI
13993,11-10-2024,Dhanush Tara,North,Amritsar,Beauty,Foundation Tempora,15,85952,13599,COD
13994,27-10-2024,Nehmat Kannan,East,Guwahati,Beauty,Foundation Hic,15,111886,23248,Debit Card
13995,19-01-2024,Anahi Choudhry,North,Jaipur,Kitchen,Mixer Grinder Nisi,20,141091,25544,Net Banking
13996,04-08-2024,Hiran Kala,East,Ranchi,Toys,Doll Ea,20,94481,15133,COD
13997,09-11-2023,Shray Jayaraman,East,Ranchi,Electronics,Smartwatch Possimus,15,51816,7579,Net Banking
13998,12-01-2025,Zain Dani,South,Hyderabad,Home Decor,Cushion Similique,0,28121,2647,Net Banking
13999,02-02-2025,Ahana  Wable,South,Coimbatore,Sports,Yoga Mat Praesentium,0,77248,12653,Credit Card
14000,17-12-2023,Tarini Varkey,West,Ahmedabad,Electronics,Mobile Alias,5,83940,5644,COD
14001,23-04-2024,Jayant Mallick,South,Hyderabad,Electronics,Smartwatch Occaecati,10,53622,5830,UPI
14002,22-05-2024,Madhav Barad,East,Guwahati,Kitchen,Cookware Set Voluptatum,5,160683,33755,Net Banking
14003,12-08-2025,Vritika Sethi,South,Hyderabad,Electronics,Smartwatch Repudiandae,5,81063,4976,Net Banking
14004,23-07-2024,Kiaan Gala,West,Mumbai,Kitchen,Microwave Deleniti,15,50998,9612,Debit Card
14005,27-02-2024,Kartik Bhandari,East,Patna,Beauty,Foundation Sed,0,105138,6082,COD
14006,14-03-2025,Vidur Deol,North,Lucknow,Sports,Dumbbells Ullam,0,84068,11856,UPI
14007,17-11-2024,Dhanuk Saxena,North,Delhi,Sports,Cricket Bat Quos,20,138204,9449,Debit Card
14008,28-04-2024,Damini Barman,South,Chennai,Toys,Doll Enim,10,168071,34912,UPI
14009,01-07-2025,Myra Dada,West,Surat,Electronics,Camera Ex,20,65549,14068,Net Banking
14010,12-11-2023,Samiha Shan,East,Kolkata,Groceries,Oil Praesentium,5,49323,2779,Net Banking
14011,22-06-2025,Manjari Bumb,West,Goa,Home Decor,Lamp Aliquid,20,56426,10576,COD
14012,23-06-2024,Yasmin Chahal,South,Thiruvananthapuram,Groceries,Rice Dolores,5,43096,8320,COD
14013,16-09-2025,Kiara Chopra,North,Amritsar,Sports,Dumbbells Omnis,0,3450,749,COD
14014,30-06-2025,Aniruddh Shetty,South,Chennai,Beauty,Face Cream Iure,5,268265,57443,Debit Card
14015,19-03-2025,Indranil Date,East,Patna,Groceries,Rice Laboriosam,10,99911,13975,Debit Card
14016,19-01-2024,Eva Bhandari,West,Pune,Beauty,Face Cream Autem,0,189645,31009,UPI
14017,10-09-2024,Jivin Sangha,East,Ranchi,Beauty,Foundation Laudantium,5,90767,19057,UPI
14018,11-02-2024,Alia Rau,North,Lucknow,Books,Fiction Adipisci,20,137110,29038,COD
14019,28-12-2024,Siya Sangha,South,Chennai,Sports,Football Modi,10,52247,6896,Debit Card
14020,03-09-2025,Kiara Dhawan,South,Thiruvananthapuram,Groceries,Rice Velit,5,61315,4365,Credit Card
14021,23-07-2025,Akarsh Swamy,North,Jaipur,Furniture,Table Iure,0,235716,17377,Net Banking
14022,04-05-2024,Azad Anand,West,Surat,Furniture,Table Nesciunt,15,183320,14939,Net Banking
14023,15-01-2025,Yasmin Vaidya,West,Surat,Furniture,Bed Dolore,15,260495,29361,COD
14024,12-11-2023,Jivin Jani,North,Chandigarh,Clothing,Accessories Voluptatum,0,259436,19912,Credit Card
14025,21-06-2024,Ishita Chowdhury,North,Chandigarh,Home Decor,Vase Quas,0,32903,7498,Debit Card
14026,05-04-2024,Vardaniya Kale,East,Patna,Beauty,Lipstick Beatae,0,76065,9816,UPI
14027,19-12-2023,Dhanush Jha,North,Chandigarh,Furniture,Cabinet Cupiditate,10,24974,2222,Debit Card
14028,06-09-2025,Saanvi Chandra,South,Coimbatore,Home Decor,Wall Art Ipsa,5,67363,9247,Credit Card
14029,07-08-2025,Mishti Kumer,West,Mumbai,Sports,Football Quaerat,0,49102,7177,Net Banking
14030,08-12-2023,Dhanuk Kakar,West,Surat,Books,Textbook Enim,5,30495,5691,Debit Card
14031,18-01-2025,Aaryahi Wadhwa,North,Lucknow,Clothing,Shoes Aliquid,15,250900,61074,COD
14032,30-10-2023,Kashvi Manne,North,Delhi,Toys,Action Figure Adipisci,15,80886,15563,Net Banking
14033,03-03-2025,Yasmin Kala,North,Amritsar,Home Decor,Lamp Nesciunt,5,191452,27647,Credit Card
14034,04-03-2024,Veer Rout,South,Coimbatore,Toys,RC Car Ipsum,10,76948,11588,Net Banking
14035,10-07-2024,Jayan Shenoy,North,Chandigarh,Sports,Cricket Bat Nisi,0,39461,6205,COD
14036,06-06-2024,Vedika Ganguly,East,Ranchi,Furniture,Chair Molestias,0,228723,23543,Credit Card
14037,23-04-2025,Indrans Sharma,South,Thiruvananthapuram,Clothing,Men's Wear Cum,20,94885,7023,Net Banking
14038,23-08-2025,Raunak Loyal,West,Surat,Beauty,Shampoo Quae,20,103899,8768,COD
14039,30-09-2024,Prerak Shere,West,Goa,Beauty,Perfume Nesciunt,10,153274,19510,UPI
14040,30-08-2024,Indranil Ramesh,North,Chandigarh,Books,Biography Quasi,10,62303,7203,Net Banking
14041,08-12-2023,Myra Bath,North,Lucknow,Furniture,Cabinet Saepe,5,63947,14978,Debit Card
14042,30-06-2025,Lakshay Konda,North,Chandigarh,Furniture,Table Pariatur,20,268276,46457,UPI
14043,14-06-2024,Elakshi Mann,West,Pune,Kitchen,Cookware Set Laborum,15,147417,7648,COD
14044,15-09-2024,Fateh Gola,East,Guwahati,Home Decor,Clock Amet,5,339825,35606,Net Banking
14045,20-09-2024,Nishith Ram,West,Ahmedabad,Beauty,Shampoo Nulla,15,72920,5573,Credit Card
14046,04-08-2025,Saira Banik,West,Pune,Kitchen,Mixer Grinder In,20,140623,32834,COD
14047,05-06-2025,Pihu Ravi,West,Goa,Home Decor,Wall Art Molestiae,15,22806,1501,UPI
14048,20-11-2024,Neelofar Borde,North,Delhi,Toys,Board Game Sint,15,99134,11933,COD
14049,13-02-2024,Myra Divan,North,Amritsar,Kitchen,Cookware Set Quibusdam,20,65854,8012,UPI
14050,25-03-2025,Priyansh Wadhwa,South,Bangalore,Books,Textbook Natus,0,78240,4831,Debit Card
14051,18-09-2025,Uthkarsh Bhatnagar,West,Ahmedabad,Groceries,Wheat Eaque,0,22918,4916,COD
14052,17-02-2025,Khushi Reddy,West,Pune,Clothing,Shoes Iste,20,84515,18381,Credit Card
14053,26-10-2024,Kavya Goel,South,Chennai,Electronics,Camera Libero,0,206976,38712,Credit Card
14054,07-02-2025,Mohanlal Chaudhry,South,Bangalore,Books,Textbook Non,15,114371,20679,COD
14055,19-05-2025,Aaryahi Madan,South,Bangalore,Home Decor,Wall Art Quod,10,342167,44452,Credit Card
14056,04-10-2023,Hazel Sinha,East,Guwahati,Home Decor,Vase Vitae,20,18518,2274,COD
14057,03-04-2024,Trisha Bansal,South,Thiruvananthapuram,Toys,RC Car Provident,5,31358,3170,Debit Card
14058,08-08-2025,Ela Khatri,West,Mumbai,Beauty,Foundation Debitis,20,240212,17200,Credit Card
14059,31-12-2024,Kashvi Bedi,West,Mumbai,Electronics,Smartwatch Atque,15,183192,18755,UPI
14060,03-09-2025,Kartik Jha,South,Coimbatore,Clothing,Accessories Repellat,15,45176,4358,Credit Card
14061,19-06-2025,Ishita Sarin,North,Jaipur,Home Decor,Vase Tempore,15,86415,9458,Debit Card
14062,30-12-2023,Aradhya Kapoor,East,Kolkata,Sports,Dumbbells Eaque,15,111214,23393,COD
14063,19-05-2024,Reyansh Aurora,West,Surat,Home Decor,Wall Art In,10,40613,9733,Debit Card
14064,22-07-2024,Adah Gopal,West,Ahmedabad,Kitchen,Microwave Cupiditate,15,151809,10912,Credit Card
14065,02-04-2024,Dharmajan Kakar,West,Pune,Kitchen,Refrigerator Veritatis,0,16046,826,UPI
14066,04-02-2025,Piya Sanghvi,East,Guwahati,Toys,Puzzle Enim,0,184596,32164,Credit Card
14067,17-04-2024,Saksham Srivastava,North,Chandigarh,Toys,Board Game Quae,15,118728,16896,Credit Card
14068,26-02-2025,Mishti Sibal,West,Ahmedabad,Beauty,Shampoo Velit,0,71060,4135,Net Banking
14069,18-04-2024,Ryan Sha,West,Ahmedabad,Sports,Cricket Bat Incidunt,15,169197,13456,Debit Card
14070,30-07-2025,Anika Dugal,South,Hyderabad,Toys,RC Car Enim,20,33553,6368,COD
14071,05-08-2024,Saksham Datta,East,Guwahati,Kitchen,Cookware Set Dignissimos,20,206840,23176,Credit Card
14072,05-10-2023,Dhanuk Kamdar,South,Hyderabad,Toys,RC Car Distinctio,20,31787,5819,Credit Card
14073,06-11-2024,Shray Gaba,East,Ranchi,Kitchen,Juicer Veritatis,5,89893,11149,Credit Card
14074,30-11-2024,Chirag Kothari,East,Guwahati,Clothing,Accessories Nihil,10,93127,9278,Net Banking
14075,11-01-2024,Jayesh Ratti,West,Goa,Groceries,Spices Officia,5,71578,16041,Credit Card
14076,11-12-2023,Adah Rau,East,Bhubaneswar,Toys,RC Car Corrupti,0,98862,7368,UPI
14077,12-08-2025,Amira Karnik,East,Patna,Beauty,Shampoo Ducimus,10,208607,41335,Debit Card
14078,08-10-2024,Pihu Balan,South,Hyderabad,Sports,Tennis Racket Dolorem,5,91368,4891,Net Banking
14079,17-11-2023,Saira Gala,East,Bhubaneswar,Clothing,Accessories Nulla,10,327690,25776,Credit Card
14080,27-09-2024,Rasha Ram,West,Goa,Home Decor,Cushion Voluptatibus,0,3009,174,COD
14081,07-03-2025,Samiha Dugar,South,Thiruvananthapuram,Books,Non-Fiction Nemo,0,20833,4425,COD
14082,19-05-2025,Lavanya Dubey,East,Patna,Kitchen,Mixer Grinder Natus,5,74266,8306,COD
14083,17-03-2025,Samar Dutta,South,Hyderabad,Toys,RC Car Corrupti,10,55250,6417,Net Banking
14084,22-12-2024,Heer Johal,North,Jaipur,Clothing,Women's Wear Deserunt,20,250950,35256,COD
14085,01-07-2024,Gokul Karnik,East,Patna,Home Decor,Clock Distinctio,10,355217,38823,COD
14086,15-04-2025,Lakshay Batra,North,Chandigarh,Books,Non-Fiction Aspernatur,10,66064,7546,Net Banking
14087,14-01-2024,Ira Lad,West,Goa,Toys,Puzzle Molestiae,10,94932,23326,Credit Card
14088,07-01-2025,Ritvik Badal,East,Kolkata,Electronics,Smartwatch Totam,5,126943,23583,Credit Card
14089,25-05-2024,Kismat Ramesh,East,Bhubaneswar,Electronics,Laptop Accusantium,5,69050,4879,Debit Card
14090,10-08-2025,Rasha Ramesh,West,Mumbai,Books,Comics Inventore,0,40088,7333,Debit Card
14091,06-10-2023,Badal Lala,North,Amritsar,Beauty,Shampoo Minus,10,21006,1257,Debit Card
14092,23-05-2025,Uthkarsh Jani,North,Jaipur,Home Decor,Cushion Neque,5,147659,7476,Credit Card
14093,23-12-2023,Azad Sanghvi,East,Ranchi,Books,Comics Similique,20,6574,1124,Credit Card
14094,13-07-2024,Samarth Sura,East,Guwahati,Furniture,Sofa Expedita,5,131690,32484,Credit Card
14095,13-04-2025,Urvi Saraf,West,Goa,Furniture,Chair Labore,0,46242,7892,Debit Card
14096,19-06-2025,Shayak Sarna,East,Bhubaneswar,Groceries,Rice Dolorem,15,187848,14179,Credit Card
14097,23-07-2025,Suhana Mallick,West,Surat,Furniture,Sofa Beatae,0,164195,30693,Net Banking
14098,05-09-2025,Mannat Chad,East,Guwahati,Groceries,Oil Iusto,10,92102,5299,Net Banking
14099,01-09-2024,Krish Sinha,South,Hyderabad,Toys,RC Car Assumenda,20,55817,4734,Debit Card
14100,25-08-2024,Trisha Goswami,West,Goa,Beauty,Face Cream Amet,5,265,23,Net Banking
14101,08-11-2024,Yasmin Badami,West,Goa,Furniture,Chair Ut,5,235505,31151,COD
14102,21-05-2024,Vihaan Bhatti,North,Jaipur,Home Decor,Lamp Numquam,20,35560,2234,Net Banking
14103,19-03-2025,Shlok Srinivas,West,Ahmedabad,Clothing,Shoes Numquam,20,43376,6949,COD
14104,23-05-2025,Ishita Comar,West,Ahmedabad,Books,Non-Fiction Laborum,15,176947,31047,Net Banking
14105,03-12-2024,Himmat Sandhu,North,Delhi,Sports,Dumbbells Dolores,20,184080,43927,UPI
14106,19-08-2025,Yuvraj  Varghese,South,Chennai,Toys,Board Game Perspiciatis,20,87036,17675,Debit Card
14107,02-05-2025,Nayantara Kata,North,Delhi,Furniture,Bed Ab,10,47876,3041,COD
14108,27-05-2025,Chirag Iyengar,South,Bangalore,Beauty,Face Cream Ad,20,254196,13759,Credit Card
14109,29-03-2024,Vardaniya Vora,West,Surat,Beauty,Lipstick Atque,15,50750,5886,Net Banking
14110,30-06-2025,Shaan Dhar,East,Kolkata,Groceries,Spices Doloremque,5,6299,1100,Net Banking
14111,08-11-2024,Eshani Ganguly,North,Jaipur,Books,Comics Quibusdam,15,1849,432,Debit Card
14112,15-04-2024,Chirag Master,South,Chennai,Beauty,Shampoo Eaque,10,214412,14569,Debit Card
14113,17-04-2025,Riya Yohannan,West,Pune,Kitchen,Mixer Grinder Minus,20,233604,57791,Debit Card
14114,05-06-2024,Mehul Sarraf,West,Mumbai,Furniture,Sofa Facere,10,147029,35637,COD
14115,30-11-2023,Pihu Das,East,Bhubaneswar,Home Decor,Cushion Debitis,20,4975,899,COD
14116,11-07-2025,Adira Dhingra,North,Amritsar,Furniture,Cabinet Aut,0,126834,14329,UPI
14117,13-01-2025,Mannat Ramakrishnan,North,Lucknow,Home Decor,Wall Art Vitae,10,41517,9031,Net Banking
14118,03-05-2024,Nitya Bobal,North,Delhi,Home Decor,Cushion Nam,15,137346,19064,UPI
14119,19-07-2024,Nakul Kade,North,Chandigarh,Furniture,Table A,5,4032,374,UPI
14120,06-10-2023,Purab Gole,North,Delhi,Home Decor,Clock Ducimus,15,224043,55563,Credit Card
14121,21-11-2023,Yakshit Dhingra,East,Bhubaneswar,Groceries,Spices Dicta,5,254444,37018,Credit Card
14122,01-10-2025,Aaryahi Lalla,West,Ahmedabad,Furniture,Table Distinctio,10,82682,10027,Credit Card
14123,07-08-2025,Khushi Venkatesh,South,Bangalore,Clothing,Shoes Velit,5,44959,5743,Credit Card
14124,22-01-2025,Samarth Dhillon,South,Chennai,Toys,Puzzle Expedita,10,74080,9604,Net Banking
14125,08-09-2024,Anaya Char,East,Patna,Home Decor,Cushion Veniam,20,73508,17559,Net Banking
14126,12-06-2024,Suhana Tank,West,Mumbai,Toys,Board Game Quia,5,5016,610,Debit Card
14127,24-10-2024,Indranil Bhardwaj,West,Pune,Kitchen,Microwave Debitis,20,57035,5297,UPI
14128,28-12-2023,Nehmat Bahri,South,Bangalore,Sports,Football Exercitationem,15,76177,9594,UPI
14129,28-09-2024,Shlok Kamdar,North,Jaipur,Clothing,Women's Wear Fugiat,0,46429,8711,Debit Card
14130,12-04-2024,Arnav Agate,South,Thiruvananthapuram,Beauty,Foundation Facilis,10,26994,3261,Net Banking
14131,30-03-2025,Uthkarsh Chad,South,Chennai,Furniture,Table Atque,5,59964,10277,COD
14132,22-12-2024,Shayak Mahajan,East,Guwahati,Home Decor,Wall Art Vero,0,51713,6255,Debit Card
14133,30-04-2024,Lavanya Loke,East,Bhubaneswar,Home Decor,Lamp Ratione,20,7659,1717,Net Banking
14134,23-08-2025,Aarush Wadhwa,West,Surat,Books,Textbook Omnis,0,148428,30282,Debit Card
14135,20-02-2025,Divyansh Sarna,South,Thiruvananthapuram,Furniture,Cabinet Repellendus,20,130324,18180,Credit Card
14136,30-10-2023,Lagan Kaul,North,Amritsar,Beauty,Lipstick Tempora,5,174634,39513,Credit Card
14137,12-10-2024,Baiju Ben,North,Amritsar,Beauty,Shampoo Earum,0,167340,21071,COD
14138,23-05-2025,Baiju Sane,South,Bangalore,Toys,Action Figure Dolorum,5,113050,11859,COD
14139,23-09-2025,Rohan Vaidya,East,Bhubaneswar,Clothing,Women's Wear Architecto,0,147840,7524,Credit Card
14140,29-07-2024,Arhaan Char,North,Delhi,Electronics,Smartwatch Veritatis,15,222146,42294,Net Banking
14141,01-09-2025,Jiya Chanda,North,Chandigarh,Toys,Board Game Earum,20,248260,29959,Net Banking
14142,19-08-2024,Samiha Mandal,West,Surat,Toys,RC Car Qui,5,16509,3058,Credit Card
14143,06-05-2025,Keya Rout,South,Thiruvananthapuram,Books,Non-Fiction Sit,0,68990,10149,Net Banking
14144,23-05-2025,Samar Wason,South,Chennai,Home Decor,Cushion Ipsum,20,125395,13850,UPI
14145,15-06-2024,Nayantara Kohli,South,Chennai,Home Decor,Vase Nulla,15,131552,32663,Net Banking
14146,21-09-2025,Bhavin Sastry,West,Ahmedabad,Furniture,Chair Sunt,10,53214,9500,COD
14147,30-11-2023,Dhanuk Gola,West,Goa,Sports,Yoga Mat Fugit,15,118221,26006,Debit Card
14148,01-03-2025,Vritika Tandon,South,Thiruvananthapuram,Kitchen,Refrigerator Maiores,5,33408,8347,UPI
14149,23-10-2024,Shray Chakrabarti,North,Chandigarh,Beauty,Face Cream Impedit,5,69007,10987,Net Banking
14150,21-08-2024,Samiha Gupta,South,Hyderabad,Furniture,Table Perferendis,10,234221,37646,Net Banking
14151,16-06-2024,Jhanvi Sami,South,Chennai,Kitchen,Mixer Grinder Necessitatibus,10,179075,22260,Credit Card
14152,17-09-2024,Dishani Lad,East,Patna,Toys,Action Figure Non,20,2501,418,UPI
14153,24-05-2025,Lakshay Thaman,East,Patna,Furniture,Sofa Aperiam,5,33833,8036,Net Banking
14154,26-03-2024,Anika Bumb,South,Chennai,Groceries,Sugar Vero,5,95729,13023,COD
14155,06-08-2024,Kiara Balay,East,Patna,Furniture,Sofa Nemo,10,54702,3633,UPI
14156,15-12-2024,Anya Ranganathan,West,Surat,Beauty,Lipstick Quis,15,34320,3825,COD
14157,18-06-2025,Amira Dar,East,Guwahati,Home Decor,Lamp Aperiam,0,44810,3098,UPI
14158,28-08-2024,Aaina Shenoy,North,Jaipur,Sports,Dumbbells Commodi,15,229612,56187,Debit Card
14159,25-12-2023,Elakshi Din,South,Bangalore,Electronics,Smartwatch Error,5,142306,10168,Debit Card
14160,09-06-2025,Ivan Varkey,East,Guwahati,Toys,Doll Assumenda,20,24264,5939,COD
14161,05-01-2024,Reyansh Agrawal,South,Thiruvananthapuram,Furniture,Table Nihil,5,73872,13951,UPI
14162,14-04-2024,Aniruddh Batra,North,Chandigarh,Electronics,Camera Maxime,15,112459,17768,COD
14163,05-08-2025,Advik Ganesan,North,Jaipur,Groceries,Spices Minus,5,23659,2127,Debit Card
14164,01-05-2024,Raghav Bhat,North,Jaipur,Books,Comics Doloribus,20,40285,4654,Debit Card
14165,17-11-2024,Samaira Hegde,North,Jaipur,Sports,Tennis Racket Doloremque,0,58688,4597,Net Banking
14166,21-01-2024,Ehsaan Date,North,Lucknow,Beauty,Perfume Dignissimos,15,7721,1854,Debit Card
14167,08-12-2023,Kismat Batra,North,Jaipur,Clothing,Shoes Magnam,0,79625,4507,Net Banking
14168,09-07-2024,Charvi Dua,West,Pune,Sports,Yoga Mat Dolorum,20,63064,11775,COD
14169,26-08-2025,Hridaan Raj,West,Goa,Clothing,Women's Wear Sapiente,20,23470,5251,COD
14170,07-05-2024,Zoya Ranganathan,East,Ranchi,Sports,Tennis Racket Sit,10,65364,11783,UPI
14171,31-08-2025,Nayantara Chatterjee,South,Thiruvananthapuram,Kitchen,Microwave Officiis,10,79067,5246,Credit Card
14172,25-05-2024,Jayesh Sachdeva,South,Hyderabad,Sports,Tennis Racket Consequuntur,0,129746,22510,COD
14173,13-06-2025,Navya Sur,North,Chandigarh,Home Decor,Clock Doloribus,10,40838,3607,Credit Card
14174,25-08-2025,Jayan Chatterjee,West,Pune,Books,Biography At,5,44742,3936,Debit Card
14175,11-03-2025,Zain Dalal,East,Guwahati,Beauty,Perfume Earum,10,9284,2312,Credit Card
14176,22-09-2024,Saira Contractor,North,Delhi,Toys,Action Figure Rerum,0,63490,12308,Credit Card
14177,24-06-2025,Vihaan Dash,North,Delhi,Kitchen,Refrigerator Fugit,5,83269,7827,UPI
14178,02-06-2024,Aaina Deshmukh,East,Kolkata,Home Decor,Vase Necessitatibus,15,21146,4550,Credit Card
14179,30-04-2025,Nirvi Sarma,South,Bangalore,Groceries,Wheat Doloribus,15,217750,49611,UPI
14180,27-05-2025,Raghav Krish,East,Patna,Sports,Dumbbells Omnis,20,76563,4002,COD
14181,13-06-2025,Vivaan Gaba,South,Bangalore,Furniture,Sofa Aliquam,20,225024,16711,UPI
14182,21-06-2025,Reyansh Chakraborty,South,Bangalore,Furniture,Bed Tempore,15,62920,8388,Net Banking
14183,11-05-2025,Mohanlal Bhatia,West,Surat,Furniture,Chair Odit,15,164591,8634,UPI
14184,28-05-2024,Yakshit Gola,South,Bangalore,Toys,RC Car Iure,10,414,98,UPI
14185,08-06-2024,Kashvi Thakkar,East,Bhubaneswar,Furniture,Cabinet Nemo,10,140994,11583,UPI
14186,19-12-2023,Pari Varghese,South,Chennai,Kitchen,Microwave Fugiat,20,70323,7713,Debit Card
14187,23-06-2025,Rania Wali,North,Lucknow,Kitchen,Refrigerator Voluptates,20,116742,23265,Debit Card
14188,01-02-2025,Badal Raju,South,Hyderabad,Clothing,Shoes Repellendus,10,112360,7794,UPI
14189,01-09-2025,Navya Mann,North,Chandigarh,Clothing,Shoes Incidunt,20,196387,43158,Net Banking
14190,06-11-2024,Dhanush Edwin,East,Guwahati,Sports,Tennis Racket Mollitia,10,196528,11012,UPI
14191,28-08-2024,Elakshi Kashyap,South,Hyderabad,Sports,Football Dolore,10,21980,2178,Credit Card
14192,20-03-2025,Bhavin Sarraf,North,Jaipur,Groceries,Spices Libero,5,50869,9767,Debit Card
14193,10-08-2024,Madhup Mannan,South,Coimbatore,Home Decor,Lamp Repellat,20,15268,3502,COD
14194,14-06-2025,Trisha Dugal,West,Mumbai,Beauty,Lipstick Beatae,0,21420,2772,COD
14195,17-07-2025,Dishani Sama,East,Patna,Groceries,Spices Odit,10,67158,15052,Credit Card
14196,22-11-2023,Lagan Korpal,South,Thiruvananthapuram,Toys,Board Game Quis,20,22706,1708,Debit Card
14197,11-07-2024,Tanya Master,South,Chennai,Home Decor,Lamp Reprehenderit,0,4180,947,Net Banking
14198,09-08-2025,Stuvan Kant,South,Bangalore,Sports,Dumbbells Est,10,47758,5780,Net Banking
14199,31-01-2025,Ehsaan Dass,East,Patna,Furniture,Table Itaque,10,4291,684,UPI
14200,03-08-2024,Neysa Sachdeva,West,Goa,Kitchen,Microwave Corrupti,15,38903,4447,Debit Card
14201,14-08-2025,Reyansh Goel,West,Pune,Sports,Football Sunt,0,11916,2161,Debit Card
14202,27-03-2024,Kashvi Garde,South,Coimbatore,Home Decor,Lamp Accusantium,20,161306,25932,Credit Card
14203,22-09-2025,Lakshit Shah,South,Chennai,Furniture,Cabinet Aspernatur,15,155609,19574,COD
14204,27-10-2024,Keya D’Alia,West,Goa,Books,Non-Fiction Hic,20,25178,1862,Credit Card
14205,12-11-2023,Amani Chatterjee,East,Ranchi,Beauty,Lipstick Recusandae,10,108648,18929,Debit Card
14206,25-03-2024,Prisha Bassi,West,Mumbai,Furniture,Bed Magnam,0,84736,17468,COD
14207,04-01-2024,Darshit Chaudhry,East,Guwahati,Home Decor,Cushion Cumque,5,209971,14653,Credit Card
14208,04-12-2024,Faiyaz Thaman,East,Kolkata,Home Decor,Cushion Temporibus,10,50990,9654,UPI
14209,19-08-2024,Vedika Mani,West,Goa,Sports,Football Recusandae,20,32504,6392,Credit Card
14210,18-06-2024,Amani Hegde,South,Chennai,Furniture,Bed Inventore,10,92475,18053,Debit Card
14211,15-02-2024,Miraan Gupta,East,Guwahati,Clothing,Shoes Quae,10,237425,52747,Debit Card
14212,14-06-2024,Tiya Hans,West,Goa,Furniture,Chair Voluptate,5,282450,39219,UPI
14213,09-02-2025,Neelofar Maharaj,East,Guwahati,Groceries,Wheat Laudantium,15,3645,489,Debit Card
14214,20-09-2025,Shayak Mani,East,Guwahati,Clothing,Kids Wear Doloremque,15,162635,33371,Debit Card
14215,29-05-2025,Tejas Saran,East,Bhubaneswar,Groceries,Oil Accusantium,15,63341,11504,UPI
14216,19-12-2024,Samiha Aurora,South,Bangalore,Electronics,Smartwatch Iste,5,24045,3045,UPI
14217,28-06-2025,Jayant Varty,South,Hyderabad,Furniture,Table Magni,5,270172,55080,Net Banking
14218,21-08-2024,Samarth Wali,North,Lucknow,Electronics,Smartwatch Sapiente,0,32954,5043,COD
14219,05-11-2023,Vaibhav Buch,East,Kolkata,Beauty,Perfume Optio,20,20517,4654,COD
14220,18-06-2025,Piya Mallick,South,Thiruvananthapuram,Home Decor,Wall Art Nobis,0,73009,12226,UPI
14221,18-10-2024,Anay Ramachandran,North,Amritsar,Beauty,Face Cream Mollitia,5,9568,1573,UPI
14222,16-10-2023,Dhruv Sodhi,West,Ahmedabad,Home Decor,Cushion Nemo,10,101339,22912,Net Banking
14223,15-06-2024,Oorja Virk,West,Mumbai,Kitchen,Refrigerator A,10,274100,39517,COD
14224,27-02-2024,Kiaan Ben,West,Ahmedabad,Beauty,Face Cream Facere,0,19646,1444,UPI
14225,02-05-2025,Aniruddh Mander,North,Amritsar,Books,Biography Temporibus,5,66879,15026,COD
14226,05-03-2025,Inaaya  Garg,South,Chennai,Books,Textbook Iusto,20,273844,47658,UPI
14227,01-12-2023,Misha Suri,East,Bhubaneswar,Groceries,Spices Nostrum,10,17978,2590,Net Banking
14228,08-11-2023,Divit Deep,West,Goa,Sports,Dumbbells Itaque,20,126296,14275,Net Banking
14229,02-08-2024,Kanav Vohra,West,Pune,Clothing,Kids Wear Error,5,280298,33129,Credit Card
14230,28-08-2025,Damini Rajagopal,South,Hyderabad,Toys,RC Car Ad,20,67992,7625,Net Banking
14231,13-09-2024,Sana Shenoy,West,Ahmedabad,Home Decor,Lamp Veritatis,0,315335,16131,Net Banking
14232,31-08-2024,Bhamini Tata,South,Chennai,Home Decor,Clock Assumenda,5,70009,13909,Net Banking
14233,06-05-2024,Shlok Gandhi,South,Chennai,Kitchen,Microwave Et,5,39186,4905,Credit Card
14234,21-03-2025,Darshit Kurian,East,Ranchi,Books,Comics Culpa,15,50189,4620,COD
14235,14-07-2025,Baiju Kapoor,East,Kolkata,Electronics,Laptop Molestiae,5,56365,7039,COD
14236,17-09-2024,Shayak Rana,East,Patna,Groceries,Sugar Iure,0,236670,13160,Net Banking
14237,21-02-2024,Darshit Gupta,South,Thiruvananthapuram,Toys,Action Figure Iure,20,14211,2223,UPI
14238,09-10-2023,Jivika Malhotra,East,Ranchi,Kitchen,Mixer Grinder Illum,20,193514,19017,Net Banking
14239,25-10-2024,Indranil Kalla,North,Delhi,Furniture,Cabinet Earum,20,259628,28981,Debit Card
14240,02-05-2025,Seher Shroff,East,Ranchi,Clothing,Kids Wear Quas,10,126949,27641,COD
14241,28-02-2025,Faiyaz Ravel,North,Delhi,Clothing,Accessories Reprehenderit,5,50564,3476,Net Banking
14242,15-11-2023,Purab Dada,North,Lucknow,Groceries,Wheat Doloribus,10,6368,1309,Debit Card
14243,25-02-2024,Dhanuk D’Alia,North,Lucknow,Toys,Doll Assumenda,5,28703,3669,COD
14244,24-03-2025,Badal Tank,North,Amritsar,Furniture,Cabinet Hic,5,136938,8605,UPI
14245,05-06-2025,Zara Hegde,West,Mumbai,Toys,RC Car Quaerat,20,47139,5968,Credit Card
14246,23-08-2024,Alia Wable,West,Goa,Kitchen,Juicer Repellat,0,31920,7782,Debit Card
14247,05-04-2024,Yakshit Biswas,North,Jaipur,Books,Non-Fiction Numquam,15,54445,3384,Credit Card
14248,01-03-2025,Anika Reddy,South,Bangalore,Toys,Action Figure Inventore,10,94529,18224,UPI
14249,20-02-2025,Armaan Shanker,East,Ranchi,Home Decor,Cushion Cumque,5,241323,30833,Debit Card
14250,14-12-2023,Gokul Dixit,West,Pune,Clothing,Kids Wear Ducimus,20,82058,15125,COD
14251,21-01-2024,Ryan Bedi,West,Mumbai,Beauty,Lipstick Voluptates,15,6584,508,Credit Card
14252,27-09-2024,Inaaya  Mani,West,Goa,Clothing,Men's Wear Repudiandae,5,292838,19061,UPI
14253,04-01-2024,Piya Ganesan,South,Coimbatore,Electronics,Laptop Consectetur,5,16547,1377,Net Banking
14254,19-02-2024,Romil Saxena,West,Surat,Sports,Cricket Bat Sit,0,22765,3158,Debit Card
14255,02-04-2025,Chirag Taneja,East,Ranchi,Sports,Football Ullam,20,246093,35906,COD
14256,13-12-2024,Seher Brar,West,Surat,Toys,Doll Ex,0,274725,67364,COD
14257,03-06-2024,Inaaya  Seth,West,Surat,Clothing,Shoes Distinctio,15,156325,21389,COD
14258,15-09-2025,Ryan Yohannan,South,Hyderabad,Electronics,Mobile Itaque,20,149702,15843,UPI
14259,04-06-2024,Purab Raju,West,Surat,Sports,Tennis Racket Cum,0,77790,16917,Net Banking
14260,24-11-2024,Lavanya Chandran,East,Guwahati,Clothing,Men's Wear Consequatur,15,79550,19602,Credit Card
14261,24-08-2024,Madhav Sahni,North,Chandigarh,Furniture,Sofa Maiores,10,124006,22524,COD
14262,13-10-2024,Anvi Madan,West,Mumbai,Beauty,Face Cream Repellat,10,19402,4299,Credit Card
14263,14-05-2025,Mohanlal Bath,North,Delhi,Books,Biography Iusto,15,120297,28267,COD
14264,07-02-2024,Madhup Kunda,East,Bhubaneswar,Kitchen,Juicer Error,20,28128,3697,UPI
14265,30-03-2024,Ayesha Bhasin,East,Ranchi,Books,Textbook Deleniti,10,89050,21096,COD
14266,29-10-2023,Ritvik Lad,North,Chandigarh,Kitchen,Juicer Officia,10,145915,16116,COD
14267,21-05-2025,Sana Sampath,South,Bangalore,Clothing,Accessories Debitis,20,151600,10673,COD
14268,27-07-2024,Aarna Borra,South,Thiruvananthapuram,Sports,Dumbbells Sunt,5,10513,2382,COD
14269,01-07-2025,Drishya Das,East,Ranchi,Toys,RC Car Quis,15,46937,8047,Net Banking
14270,29-08-2024,Zaina Bath,South,Hyderabad,Beauty,Shampoo Dolorem,5,33241,2305,COD
14271,23-06-2025,Miraan Dugar,North,Amritsar,Groceries,Oil Doloremque,5,77976,14178,Debit Card
14272,25-08-2025,Anay Ganesan,East,Guwahati,Beauty,Shampoo Quia,0,180872,22032,COD
14273,27-06-2024,Zaina Ben,West,Ahmedabad,Sports,Tennis Racket Illo,10,186378,39813,UPI
14274,18-11-2024,Nakul Jani,North,Chandigarh,Electronics,Headphones Deserunt,20,42151,7151,Debit Card
14275,06-06-2024,Miraya Kara,South,Bangalore,Clothing,Accessories Nesciunt,20,95564,7876,Credit Card
14276,28-10-2024,Nishith Thaker,West,Pune,Beauty,Perfume Illo,5,35763,5645,Net Banking
14277,07-09-2025,Saksham Sodhi,West,Mumbai,Sports,Tennis Racket Ratione,20,100570,16721,COD
14278,17-10-2024,Amani Deol,South,Bangalore,Clothing,Women's Wear Quasi,20,218804,15468,COD
14279,06-09-2025,Damini Raju,South,Hyderabad,Books,Comics Earum,10,283802,48807,Credit Card
14280,24-01-2025,Darshit Kant,South,Coimbatore,Sports,Yoga Mat Dicta,10,201029,37127,Credit Card
14281,24-05-2024,Khushi Batta,West,Ahmedabad,Home Decor,Wall Art Aperiam,10,237168,21960,Debit Card
14282,29-01-2024,Ayesha Reddy,East,Patna,Sports,Tennis Racket Perferendis,10,181386,41433,Credit Card
14283,29-07-2024,Zain Baria,South,Chennai,Groceries,Sugar Ratione,5,73063,9415,Debit Card
14284,28-11-2024,Kartik Garg,South,Hyderabad,Electronics,Camera Quas,20,5978,951,Credit Card
14285,02-10-2024,Ehsaan Babu,South,Coimbatore,Groceries,Wheat Molestias,20,274864,25784,UPI
14286,02-07-2025,Miraya Srivastava,West,Surat,Books,Non-Fiction Eos,5,149976,27730,UPI
14287,01-06-2025,Manjari Mangal,South,Hyderabad,Beauty,Shampoo Impedit,15,187190,32130,UPI
14288,04-08-2024,Advika Bora,East,Guwahati,Beauty,Foundation Ea,5,30166,4820,UPI
14289,29-08-2025,Charvi Mandal,North,Jaipur,Kitchen,Cookware Set Vero,15,15988,3255,Debit Card
14290,04-04-2025,Neelofar Bhatt,West,Pune,Toys,Board Game Repudiandae,20,119644,15341,Debit Card
14291,06-10-2023,Aaryahi Ganesh,East,Kolkata,Home Decor,Cushion Eaque,15,7530,1491,COD
14292,24-06-2024,Lakshay Lata,East,Bhubaneswar,Home Decor,Wall Art Dicta,10,33515,4856,Debit Card
14293,24-09-2025,Lavanya Shan,North,Chandigarh,Books,Textbook Accusamus,20,44626,3583,COD
14294,25-08-2024,Yuvaan Kumer,West,Surat,Home Decor,Cushion Odio,10,33273,1723,COD
14295,01-03-2025,Dhanuk Krish,South,Bangalore,Toys,Action Figure Mollitia,5,23164,1717,Credit Card
14296,29-04-2025,Baiju Kuruvilla,North,Jaipur,Groceries,Spices Sapiente,0,89628,21513,Debit Card
14297,08-07-2025,Shanaya Yohannan,East,Bhubaneswar,Beauty,Foundation Eius,0,310972,46204,Net Banking
14298,21-12-2024,Tiya Dutta,East,Guwahati,Clothing,Men's Wear Maxime,0,299164,34059,Net Banking
14299,21-08-2025,Ojas Sem,South,Thiruvananthapuram,Sports,Cricket Bat Laudantium,0,56662,8549,UPI
14300,04-05-2024,Amani Andra,East,Guwahati,Electronics,Camera Eligendi,20,152261,27540,COD
14301,11-11-2024,Ela Koshy,South,Thiruvananthapuram,Sports,Cricket Bat Necessitatibus,10,53968,7196,UPI
14302,11-07-2025,Darshit Sampath,West,Goa,Groceries,Wheat Consequuntur,15,89576,14285,Debit Card
14303,22-05-2025,Divyansh Ravel,West,Pune,Books,Non-Fiction Molestiae,20,12663,3023,UPI
14304,07-10-2023,Badal Krish,East,Guwahati,Furniture,Sofa Labore,15,38345,5988,UPI
14305,09-12-2024,Dishani Das,West,Goa,Electronics,Headphones Laboriosam,10,41542,3033,Net Banking
14306,15-01-2025,Nayantara Setty,West,Surat,Groceries,Spices Earum,5,57182,3544,Debit Card
14307,24-07-2024,Misha Kota,North,Chandigarh,Clothing,Men's Wear Sapiente,5,44331,8976,COD
14308,07-01-2024,Sana Dua,East,Bhubaneswar,Beauty,Face Cream Molestias,5,113894,10570,Net Banking
14309,12-09-2024,Trisha Mani,West,Ahmedabad,Furniture,Cabinet Vero,5,135711,15321,UPI
14310,10-01-2024,Uthkarsh Shetty,East,Ranchi,Home Decor,Lamp Ipsum,0,165942,24842,COD
14311,06-05-2025,Khushi Sarraf,East,Kolkata,Beauty,Foundation Eos,10,30658,5452,UPI
14312,07-06-2024,Shayak Vora,East,Guwahati,Kitchen,Refrigerator Explicabo,15,252532,62583,Net Banking
14313,28-03-2025,Shlok Sarna,West,Mumbai,Toys,Doll Sequi,10,204668,18799,Net Banking
14314,10-04-2025,Sumer Yadav,South,Hyderabad,Furniture,Table Sunt,5,68358,11448,Net Banking
14315,03-03-2025,Jayesh Dayal,South,Bangalore,Books,Biography Unde,0,44583,3093,Net Banking
14316,13-04-2024,Lagan Chahal,South,Bangalore,Home Decor,Lamp Non,5,44469,4365,Debit Card
14317,05-06-2025,Hazel Bedi,South,Chennai,Toys,Board Game Deleniti,0,8420,712,COD
14318,25-11-2024,Shanaya Jaggi,North,Jaipur,Beauty,Face Cream Laboriosam,15,27308,2029,Net Banking
14319,09-08-2024,Rania Sachar,South,Hyderabad,Home Decor,Wall Art Ducimus,10,1646,361,Debit Card
14320,19-05-2025,Shanaya Shan,North,Jaipur,Clothing,Men's Wear Dolorum,10,134651,24415,COD
14321,23-01-2025,Vaibhav Kade,West,Mumbai,Books,Non-Fiction Quidem,5,66998,16084,Debit Card
14322,24-02-2025,Dharmajan Sridhar,North,Delhi,Electronics,Headphones Animi,20,228886,22036,COD
14323,11-08-2025,Navya Sagar,East,Guwahati,Furniture,Table Officiis,0,241512,58217,Credit Card
14324,19-04-2024,Kismat Rao,East,Guwahati,Electronics,Mobile Numquam,5,187899,32101,Net Banking
14325,07-06-2025,Manikya Ravel,North,Amritsar,Clothing,Kids Wear Necessitatibus,10,140425,22251,Credit Card
14326,06-04-2024,Zaina Sengupta,West,Mumbai,Clothing,Kids Wear Tempore,5,60488,3572,Credit Card
14327,19-07-2024,Pranay Ravel,West,Goa,Kitchen,Microwave Adipisci,10,147501,16862,UPI
14328,07-05-2025,Ritvik Thakur,East,Guwahati,Beauty,Face Cream Debitis,5,39338,2155,UPI
14329,27-02-2025,Divit Sant,South,Bangalore,Home Decor,Lamp Magni,15,278333,25278,UPI
14330,15-05-2024,Elakshi Kulkarni,South,Coimbatore,Books,Textbook Doloribus,20,231328,17535,COD
14331,10-07-2025,Ritvik Verma,West,Pune,Home Decor,Clock Dignissimos,0,126315,15892,Credit Card
14332,08-06-2024,Prerak Koshy,South,Coimbatore,Electronics,Camera Delectus,20,189412,42458,Credit Card
14333,07-12-2023,Nitara Dora,West,Mumbai,Clothing,Kids Wear Porro,20,56117,7023,Debit Card
14334,19-05-2025,Sumer Date,West,Goa,Toys,Doll Impedit,5,35844,5052,Credit Card
14335,09-04-2024,Rasha Samra,West,Pune,Kitchen,Juicer Quas,15,39905,4010,COD
14336,05-03-2024,Darshit Contractor,East,Bhubaneswar,Kitchen,Refrigerator Accusamus,20,27669,4999,Net Banking
14337,02-08-2025,Umang Ramanathan,South,Hyderabad,Beauty,Foundation Iusto,5,20064,1989,COD
14338,19-10-2023,Reyansh Sachdeva,East,Ranchi,Sports,Cricket Bat Optio,15,58082,8014,COD
14339,20-02-2024,Mahika Banerjee,West,Surat,Clothing,Men's Wear Perferendis,15,7347,1262,Net Banking
14340,17-09-2025,Kabir Ganesh,South,Hyderabad,Sports,Tennis Racket Earum,5,110050,21137,Debit Card
14341,05-03-2025,Pari Sood,West,Mumbai,Beauty,Face Cream Aliquam,15,237000,52875,Debit Card
14342,18-03-2025,Dharmajan Rajagopal,South,Hyderabad,Furniture,Bed Perferendis,15,2716,233,Debit Card
14343,30-07-2024,Mehul Bali,East,Guwahati,Kitchen,Mixer Grinder A,10,90529,18551,Credit Card
14344,28-04-2024,Adah Bath,South,Coimbatore,Home Decor,Vase Eveniet,15,307934,29043,COD
14345,11-04-2025,Anaya Banik,South,Thiruvananthapuram,Kitchen,Microwave Ea,15,206346,27709,COD
14346,23-01-2025,Yakshit Kuruvilla,South,Thiruvananthapuram,Sports,Tennis Racket Repellendus,0,14734,3182,Net Banking
14347,08-01-2024,Himmat Choudhary,West,Surat,Clothing,Accessories Dolorem,20,12030,2409,UPI
14348,19-12-2024,Samiha Kar,North,Lucknow,Furniture,Cabinet Ducimus,20,3885,608,COD
14349,30-05-2024,Divij Doctor,North,Jaipur,Groceries,Sugar Dolore,15,226933,29139,UPI
14350,12-09-2024,Pari Thaker,West,Ahmedabad,Home Decor,Vase Asperiores,15,42440,7282,UPI
14351,14-10-2024,Indrajit Buch,East,Kolkata,Home Decor,Vase Rem,10,17420,1304,Credit Card
14352,26-10-2024,Vanya Vohra,South,Bangalore,Kitchen,Juicer Dolor,0,215235,52434,COD
14353,19-09-2025,Ryan Savant,East,Ranchi,Clothing,Kids Wear Culpa,0,28197,1499,Debit Card
14354,15-06-2024,Mishti Sangha,East,Ranchi,Electronics,Camera Consequatur,5,358939,76356,Credit Card
14355,04-09-2024,Anay Sandhu,North,Chandigarh,Toys,RC Car Sequi,0,285316,44268,Credit Card
14356,09-04-2025,Madhup Saxena,North,Lucknow,Electronics,Laptop Similique,10,249347,39813,UPI
14357,26-03-2025,Darshit Tella,West,Pune,Kitchen,Microwave Quos,10,124327,16812,COD
14358,28-08-2024,Shlok Rau,North,Chandigarh,Books,Textbook Provident,10,7971,1878,Debit Card
14359,07-07-2024,Oorja Khare,West,Pune,Groceries,Spices Quibusdam,20,194304,22134,UPI
14360,23-09-2025,Amani Sachar,East,Ranchi,Furniture,Table Harum,15,67963,14779,UPI
14361,19-05-2024,Kimaya Agate,North,Delhi,Sports,Yoga Mat Est,20,1591,133,Credit Card
14362,25-06-2025,Vihaan Cheema,West,Goa,Electronics,Headphones Inventore,20,90478,6098,Debit Card
14363,16-08-2024,Vanya Magar,North,Amritsar,Groceries,Spices Eum,20,51059,11798,Credit Card
14364,11-04-2024,Elakshi Mann,West,Mumbai,Furniture,Table Autem,5,64017,10647,COD
14365,04-12-2024,Jayesh Lall,North,Delhi,Home Decor,Wall Art Laborum,0,35422,7166,Net Banking
14366,05-11-2023,Ivana Talwar,West,Ahmedabad,Electronics,Smartwatch Minus,10,66720,15382,Debit Card
14367,19-09-2025,Shamik Sundaram,West,Goa,Books,Textbook Facere,10,75082,13111,Debit Card
14368,08-02-2025,Rati Handa,North,Amritsar,Sports,Tennis Racket Dicta,10,191142,22836,COD
14369,31-01-2024,Urvi Chada,East,Bhubaneswar,Kitchen,Refrigerator Aut,15,49303,10200,COD
14370,25-10-2023,Ivana Mann,South,Chennai,Clothing,Men's Wear Tempore,20,162763,34701,Credit Card
14371,14-11-2023,Faiyaz Andra,West,Goa,Kitchen,Refrigerator Id,5,74833,17454,Credit Card
14372,01-11-2024,Siya Dhillon,South,Thiruvananthapuram,Beauty,Foundation In,10,42935,7885,Debit Card
14373,16-08-2025,Saksham Mani,South,Hyderabad,Electronics,Laptop Sit,0,12992,1718,Debit Card
14374,07-12-2024,Onkar Bhasin,South,Hyderabad,Electronics,Laptop Vel,5,129669,31511,Credit Card
14375,14-07-2024,Dhanush Cheema,South,Chennai,Furniture,Chair Illum,20,39728,3976,UPI
14376,24-01-2025,Trisha Ram,West,Mumbai,Groceries,Oil Cumque,0,10375,2098,Net Banking
14377,05-02-2025,Hiran Jani,West,Surat,Electronics,Mobile At,5,117994,19323,UPI
14378,02-10-2025,Ela Yadav,South,Hyderabad,Kitchen,Mixer Grinder Illo,20,81936,6887,Net Banking
14379,29-12-2023,Jiya Sankar,South,Bangalore,Clothing,Women's Wear Magni,0,348650,69633,COD
14380,22-10-2024,Diya Jha,North,Jaipur,Electronics,Headphones Accusantium,15,257525,18555,Net Banking
14381,31-08-2024,Neelofar Goyal,East,Bhubaneswar,Books,Fiction Aut,0,139626,31460,Debit Card
14382,20-08-2024,Ehsaan Gokhale,South,Thiruvananthapuram,Groceries,Oil Laboriosam,0,26778,4695,Credit Card
14383,13-01-2024,Damini Rout,East,Ranchi,Books,Non-Fiction Doloribus,10,100274,8710,COD
14384,06-12-2024,Neelofar Warrior,North,Jaipur,Kitchen,Cookware Set Blanditiis,5,279893,17589,Net Banking
14385,24-05-2024,Azad Sawhney,West,Goa,Electronics,Laptop Error,10,329774,71074,Net Banking
14386,03-06-2025,Tara Raju,North,Amritsar,Home Decor,Lamp Deserunt,20,63918,11229,Net Banking
14387,08-06-2024,Riaan Vala,South,Hyderabad,Clothing,Shoes Nam,5,197497,48625,Debit Card
14388,21-11-2024,Gatik Banerjee,South,Coimbatore,Groceries,Sugar Voluptas,20,131204,10020,Credit Card
14389,11-11-2024,Nirvaan Bhardwaj,West,Mumbai,Electronics,Headphones Nam,20,16682,2362,Debit Card
14390,04-05-2025,Trisha Sankaran,East,Ranchi,Electronics,Laptop Placeat,15,6736,1649,Net Banking
14391,06-11-2023,Damini Bala,West,Pune,Home Decor,Cushion Corrupti,10,17788,1039,COD
14392,01-06-2025,Anay Wason,South,Chennai,Kitchen,Mixer Grinder Sit,10,14488,813,Credit Card
14393,06-12-2024,Zoya Joshi,North,Delhi,Kitchen,Cookware Set Dolor,15,160286,33283,Credit Card
14394,16-03-2024,Jivin Chanda,East,Kolkata,Home Decor,Wall Art Porro,20,104512,19139,COD
14395,01-09-2025,Samiha Buch,South,Hyderabad,Toys,Board Game Error,10,111380,26522,Credit Card
14396,12-08-2024,Hansh Rajagopal,West,Goa,Electronics,Camera Doloremque,20,28629,4512,UPI
14397,29-04-2024,Nirvaan Arora,North,Amritsar,Kitchen,Mixer Grinder Officiis,15,4439,849,Net Banking
14398,26-12-2024,Oorja Varma,North,Delhi,Groceries,Sugar Rem,15,30528,4949,Debit Card
14399,26-04-2024,Abram Rout,West,Pune,Books,Textbook Alias,15,85666,4933,Debit Card
14400,21-01-2025,Divij Tank,West,Mumbai,Clothing,Women's Wear Illo,0,62499,13726,UPI
14401,24-04-2024,Madhav Mand,West,Mumbai,Beauty,Lipstick Voluptatum,20,58073,9932,COD
14402,12-07-2025,Riaan Ray,North,Delhi,Books,Biography Reiciendis,0,167571,15138,UPI
14403,04-12-2023,Urvi Amble,West,Goa,Sports,Yoga Mat Officia,0,158885,28450,Debit Card
14404,10-07-2025,Ranbir Acharya,East,Guwahati,Home Decor,Lamp Eum,0,217804,26421,COD
14405,10-06-2025,Riaan Doctor,East,Guwahati,Electronics,Headphones Quo,5,48618,5087,COD
14406,13-03-2024,Nitya Dora,East,Patna,Electronics,Headphones Laboriosam,5,127129,11643,COD
14407,31-01-2024,Pari Sangha,East,Guwahati,Toys,RC Car Aliquid,0,9456,693,Net Banking
14408,19-02-2025,Zara Singh,East,Kolkata,Groceries,Spices Quia,0,152740,20339,Credit Card
14409,08-03-2024,Hazel Bawa,East,Patna,Electronics,Mobile Sint,5,206025,30674,UPI
14410,16-12-2023,Shayak Bora,West,Goa,Kitchen,Cookware Set Deleniti,10,180514,18852,Debit Card
14411,19-01-2025,Heer Chatterjee,North,Chandigarh,Sports,Dumbbells Asperiores,5,125907,30852,UPI
14412,25-10-2024,Kiara Saraf,North,Delhi,Toys,RC Car Illo,20,14051,3118,UPI
14413,25-09-2024,Taran Chaudhary,North,Amritsar,Sports,Yoga Mat Voluptate,5,76784,14623,Credit Card
14414,05-12-2024,Aniruddh Varghese,North,Amritsar,Furniture,Sofa Explicabo,15,115154,8987,UPI
14415,20-05-2024,Biju Edwin,North,Amritsar,Home Decor,Wall Art Sequi,0,44769,3643,UPI
14416,11-06-2024,Jhanvi Solanki,West,Ahmedabad,Beauty,Foundation Dolor,0,154508,11516,UPI
14417,05-01-2025,Piya Kothari,East,Patna,Home Decor,Vase Iure,0,53784,6554,UPI
14418,24-05-2025,Ishaan Kibe,West,Pune,Beauty,Face Cream In,0,316504,60653,Net Banking
14419,03-04-2025,Devansh Ramakrishnan,East,Kolkata,Electronics,Laptop Quo,5,71980,13733,COD
14420,07-12-2023,Nishith Saxena,East,Bhubaneswar,Furniture,Chair Sequi,0,90924,9872,UPI
14421,18-02-2024,Ivan Vig,South,Coimbatore,Toys,Board Game Praesentium,10,135937,32642,COD
14422,06-10-2024,Vardaniya Hegde,East,Ranchi,Kitchen,Refrigerator Illo,20,35866,3600,Net Banking
14423,24-02-2025,Neelofar Mani,East,Bhubaneswar,Sports,Dumbbells Repellat,5,67663,6064,UPI
14424,13-01-2024,Divit Swaminathan,East,Patna,Books,Textbook Beatae,0,20274,1363,Net Banking
14425,15-10-2024,Urvi Babu,South,Chennai,Groceries,Oil Voluptates,15,40378,4712,UPI
14426,11-02-2025,Darshit Agrawal,West,Goa,Kitchen,Cookware Set Harum,0,21500,3933,COD
14427,08-09-2024,Abram Aggarwal,South,Chennai,Clothing,Kids Wear Deleniti,20,8998,1891,Credit Card
14428,08-12-2024,Tejas Bora,North,Lucknow,Books,Textbook Omnis,5,174705,33212,Debit Card
14429,06-04-2025,Vedika Grewal,East,Patna,Beauty,Face Cream Aliquid,15,144976,19543,Credit Card
14430,25-08-2025,Devansh Raval,East,Guwahati,Groceries,Sugar Architecto,10,46447,9734,COD
14431,02-08-2025,Divyansh Arya,East,Ranchi,Clothing,Men's Wear Quae,0,110040,16480,Credit Card
14432,19-01-2024,Tejas Amble,South,Bangalore,Clothing,Kids Wear Error,5,2448,220,COD
14433,13-06-2025,Zeeshan D’Alia,East,Bhubaneswar,Kitchen,Refrigerator Corporis,10,5609,863,Debit Card
14434,24-09-2025,Ishita Basu,West,Mumbai,Clothing,Women's Wear Hic,15,324670,54863,Debit Card
14435,08-10-2023,Baiju Soni,East,Bhubaneswar,Furniture,Sofa Repellat,5,289869,29163,Debit Card
14436,01-10-2025,Romil Gandhi,West,Ahmedabad,Home Decor,Lamp Voluptas,0,21438,3307,UPI
14437,01-05-2024,Anvi Reddy,South,Hyderabad,Kitchen,Mixer Grinder Architecto,5,23784,4808,Debit Card
14438,10-06-2025,Tejas Vora,North,Chandigarh,Groceries,Rice Tenetur,15,186737,26731,Debit Card
14439,18-06-2024,Alisha Bail,East,Ranchi,Books,Non-Fiction Labore,5,210767,40763,COD
14440,29-07-2024,Samaira Gokhale,East,Bhubaneswar,Books,Non-Fiction Vitae,5,19232,1600,COD
14441,05-10-2024,Ivan Mane,East,Kolkata,Furniture,Cabinet Harum,15,63300,5114,Credit Card
14442,10-03-2024,Adira Dutta,South,Bangalore,Toys,Doll Veniam,10,39852,2347,Net Banking
14443,13-03-2024,Raghav Wali,East,Kolkata,Sports,Dumbbells Unde,15,1538,264,Credit Card
14444,19-08-2025,Taran Sengupta,South,Coimbatore,Toys,Doll Sint,20,277552,24830,Net Banking
14445,01-02-2025,Hunar Verma,West,Mumbai,Home Decor,Lamp Dolorum,15,98954,23609,COD
14446,19-05-2024,Anay Sharaf,North,Delhi,Groceries,Wheat Autem,10,155874,23254,Debit Card
14447,18-07-2025,Diya Divan,North,Jaipur,Beauty,Face Cream Laboriosam,0,196956,33195,COD
14448,28-01-2024,Akarsh Sastry,East,Patna,Sports,Tennis Racket Eos,15,32263,1740,Net Banking
14449,26-11-2024,Himmat Rout,South,Bangalore,Toys,Action Figure Et,20,123979,9231,Debit Card
14450,16-01-2024,Miraya Amble,North,Jaipur,Clothing,Accessories Pariatur,0,30735,1989,Debit Card
14451,03-09-2025,Siya Garde,South,Bangalore,Sports,Tennis Racket Doloribus,0,52781,4085,Net Banking
14452,12-12-2024,Vihaan Choudhry,East,Ranchi,Toys,RC Car Labore,5,67599,9600,Net Banking
14453,19-07-2024,Riaan Dutt,South,Chennai,Home Decor,Wall Art Sed,10,66212,12025,Net Banking
14454,06-04-2024,Zaina Bora,East,Guwahati,Groceries,Oil Delectus,15,37822,9189,Debit Card
14455,16-06-2025,Farhan Kari,North,Delhi,Kitchen,Juicer Tempora,15,53688,8755,COD
14456,30-11-2023,Siya Mann,West,Goa,Furniture,Cabinet Ab,15,106307,9054,Debit Card
14457,17-08-2024,Pihu Karpe,North,Delhi,Furniture,Bed Minus,5,32413,7330,Debit Card
14458,27-09-2025,Aaryahi Issac,East,Guwahati,Groceries,Spices Quidem,0,98286,9885,UPI
14459,22-05-2024,Aayush Sur,North,Amritsar,Books,Comics Qui,15,158787,19940,Debit Card
14460,19-12-2023,Siya Warrior,East,Kolkata,Furniture,Cabinet Aperiam,0,7817,588,Net Banking
14461,01-04-2024,Ehsaan Bhattacharyya,West,Mumbai,Books,Comics Placeat,5,130095,7882,Credit Card
14462,05-06-2024,Stuvan Dutt,South,Bangalore,Home Decor,Clock Ab,0,112394,22488,COD
14463,17-06-2024,Jivin Sani,South,Hyderabad,Beauty,Face Cream Consequatur,15,61593,7626,Credit Card
14464,27-07-2024,Oorja Hegde,North,Chandigarh,Books,Biography Maxime,15,134181,24990,COD
14465,01-03-2024,Yuvaan Sarraf,West,Goa,Beauty,Foundation Facere,5,66986,9415,Credit Card
14466,28-09-2025,Dishani Bhatt,East,Guwahati,Clothing,Women's Wear Officiis,0,9133,814,COD
14467,20-04-2024,Saira Dubey,South,Thiruvananthapuram,Electronics,Headphones Voluptas,5,41293,9099,UPI
14468,22-01-2024,Indranil Guha,North,Delhi,Beauty,Face Cream Unde,10,44816,8962,Debit Card
14469,29-12-2024,Dhanush Yogi,North,Amritsar,Groceries,Wheat Suscipit,20,281396,35694,Debit Card
14470,03-05-2024,Kaira Dass,North,Lucknow,Beauty,Perfume Temporibus,15,47841,10519,Credit Card
14471,16-08-2025,Hansh Varty,West,Ahmedabad,Toys,Action Figure Accusantium,10,97601,7876,Credit Card
14472,07-10-2023,Emir Talwar,South,Coimbatore,Home Decor,Lamp Reiciendis,5,74442,10036,Net Banking
14473,07-12-2024,Elakshi Sama,East,Kolkata,Electronics,Laptop Ducimus,15,46674,9054,COD
14474,02-10-2024,Oorja Kunda,East,Patna,Sports,Dumbbells Cupiditate,10,81616,7327,COD
14475,17-04-2025,Nitya Deo,South,Chennai,Beauty,Perfume Quasi,10,96212,22143,COD
14476,24-06-2024,Keya Kalla,West,Mumbai,Furniture,Bed Vel,0,163684,32117,Debit Card
14477,01-09-2024,Anaya Chahal,East,Ranchi,Toys,Doll Cumque,0,47825,3408,COD
14478,07-07-2025,Rati Yogi,South,Hyderabad,Furniture,Bed Reprehenderit,15,63236,14639,Debit Card
14479,10-04-2025,Jayant Dhar,West,Pune,Clothing,Men's Wear Dolor,20,36931,2055,Debit Card
14480,18-10-2024,Tara Kala,East,Bhubaneswar,Books,Non-Fiction Molestiae,15,121709,27820,Net Banking
14481,04-04-2024,Mehul Roy,South,Chennai,Beauty,Foundation Aut,15,45069,6666,UPI
14482,05-06-2024,Shamik Vyas,North,Lucknow,Clothing,Men's Wear Ad,10,130842,6607,UPI
14483,29-06-2024,Kiaan Venkataraman,West,Mumbai,Clothing,Shoes Officia,5,120045,18630,UPI
14484,02-11-2024,Adah Gokhale,North,Delhi,Sports,Yoga Mat Incidunt,20,37775,6869,Debit Card
14485,21-12-2024,Shalv Bhattacharyya,West,Pune,Electronics,Camera Perspiciatis,10,35902,4004,Debit Card
14486,14-10-2023,Vivaan Sastry,South,Bangalore,Kitchen,Cookware Set Neque,0,61936,10861,Credit Card
14487,03-01-2025,Kartik Tara,West,Surat,Furniture,Bed Temporibus,15,54120,11378,Credit Card
14488,08-02-2024,Himmat Zachariah,North,Chandigarh,Kitchen,Refrigerator Ipsa,0,108240,24320,Credit Card
14489,03-03-2024,Bhamini Sane,South,Hyderabad,Beauty,Lipstick Debitis,15,184991,17655,Net Banking
14490,05-05-2025,Stuvan Hans,South,Thiruvananthapuram,Home Decor,Lamp Culpa,0,20244,5010,UPI
14491,24-07-2025,Hiran Karpe,West,Mumbai,Furniture,Bed Blanditiis,10,177509,37651,COD
14492,27-09-2025,Vanya Iyer,South,Hyderabad,Sports,Football Eius,0,25617,5014,Net Banking
14493,25-04-2024,Mannat Sodhi,North,Lucknow,Furniture,Sofa Vitae,10,278348,45877,Net Banking
14494,25-02-2024,Hunar Deo,East,Guwahati,Kitchen,Refrigerator Sunt,15,164115,18208,Credit Card
14495,17-04-2025,Romil Devan,West,Surat,Electronics,Mobile Itaque,0,32766,5368,COD
14496,11-12-2024,Vivaan Sheth,East,Kolkata,Furniture,Bed Laudantium,20,137933,26665,Net Banking
14497,25-04-2025,Aarav Kaur,East,Ranchi,Clothing,Shoes Est,20,288900,67695,UPI
14498,29-01-2025,Ishita Lall,East,Kolkata,Kitchen,Mixer Grinder Nobis,5,92454,11782,Credit Card
14499,15-06-2025,Hrishita Sankar,West,Surat,Beauty,Face Cream Voluptatum,15,267066,14466,UPI
14500,18-08-2024,Nirvaan Lad,South,Chennai,Sports,Dumbbells Mollitia,0,168564,31098,UPI
14501,25-11-2024,Himmat Bhagat,East,Bhubaneswar,Toys,Doll Repellat,0,65484,3895,Net Banking
14502,16-06-2024,Damini Acharya,West,Ahmedabad,Furniture,Sofa Nam,20,12597,2503,Debit Card
14503,04-03-2024,Kimaya Ganguly,West,Mumbai,Home Decor,Clock Perferendis,5,114363,7027,Net Banking
14504,15-12-2024,Fateh Brahmbhatt,East,Bhubaneswar,Electronics,Headphones Facilis,20,124941,8952,Net Banking
14505,11-08-2025,Anahi Bandi,East,Bhubaneswar,Electronics,Smartwatch Optio,0,43318,6694,Credit Card
14506,23-01-2025,Biju Kadakia,South,Coimbatore,Books,Fiction Aperiam,0,28876,5234,COD
14507,23-04-2024,Nirvaan Bhattacharyya,West,Mumbai,Electronics,Mobile Autem,5,7453,1658,Credit Card
14508,31-12-2023,Bhamini Rout,West,Ahmedabad,Clothing,Shoes Quo,10,31846,2451,Credit Card
14509,19-06-2024,Aarush Kalla,East,Bhubaneswar,Clothing,Accessories Veritatis,0,100716,16413,Debit Card
14510,27-09-2025,Navya Sagar,East,Bhubaneswar,Furniture,Table Beatae,5,70049,17488,Debit Card
14511,18-02-2025,Nehmat Date,West,Ahmedabad,Kitchen,Juicer Necessitatibus,10,166182,28718,Debit Card
14512,03-09-2024,Vaibhav Gokhale,North,Amritsar,Clothing,Men's Wear Similique,0,95488,18486,UPI
14513,03-07-2025,Lakshay Johal,West,Surat,Books,Fiction Impedit,15,171690,26317,COD
14514,15-10-2023,Aaina Ganguly,South,Bangalore,Sports,Yoga Mat Quam,20,14384,2803,COD
14515,18-10-2023,Jivin Chauhan,West,Pune,Electronics,Headphones Minus,10,43326,8066,Credit Card
14516,03-06-2024,Himmat Mannan,North,Lucknow,Kitchen,Microwave Neque,10,88211,18677,Debit Card
14517,22-05-2025,Riaan Mannan,South,Chennai,Toys,Action Figure Amet,0,301772,15437,Debit Card
14518,09-08-2024,Samar Ghosh,West,Goa,Groceries,Rice Dignissimos,20,69713,7430,Credit Card
14519,17-04-2025,Rohan Ramachandran,North,Delhi,Electronics,Camera Atque,10,115785,23937,COD
14520,01-10-2025,Ela Dave,East,Patna,Groceries,Sugar Aspernatur,0,29157,1888,UPI
14521,31-07-2024,Yuvaan Din,East,Bhubaneswar,Furniture,Table Quae,0,7259,926,Debit Card
14522,07-05-2024,Kiaan Virk,West,Ahmedabad,Kitchen,Cookware Set Esse,20,41542,9694,Debit Card
14523,30-03-2025,Tejas Kaur,South,Bangalore,Toys,Doll Eveniet,0,67075,4916,Net Banking
14524,15-02-2024,Vaibhav Ratta,West,Ahmedabad,Books,Comics Quasi,15,50752,4972,Debit Card
14525,07-09-2025,Ishaan Dube,South,Hyderabad,Kitchen,Microwave Perferendis,0,72156,8623,Net Banking
14526,11-04-2025,Akarsh Dora,East,Guwahati,Groceries,Rice Voluptatem,20,35021,6312,Net Banking
14527,21-01-2024,Aarna Doshi,West,Ahmedabad,Toys,Doll Accusamus,20,34877,2317,COD
14528,22-02-2024,Jayan Dayal,East,Ranchi,Books,Textbook Distinctio,10,44077,5990,Debit Card
14529,08-04-2025,Trisha Bhargava,North,Lucknow,Toys,Action Figure Sunt,20,98010,15015,Net Banking
14530,11-03-2025,Anika Varghese,West,Ahmedabad,Toys,Puzzle Corrupti,0,262636,33937,Credit Card
14531,13-12-2023,Mehul Dutt,East,Ranchi,Clothing,Shoes Consectetur,5,161543,31954,Debit Card
14532,14-04-2024,Ritvik Sandhu,East,Ranchi,Electronics,Camera Magni,20,233162,24179,Credit Card
14533,18-04-2025,Shayak Dhawan,East,Ranchi,Furniture,Bed Commodi,5,248411,59978,Net Banking
14534,26-01-2025,Rati Singhal,North,Jaipur,Clothing,Accessories Rem,20,20614,2864,COD
14535,27-09-2024,Trisha Srivastava,East,Bhubaneswar,Clothing,Women's Wear Doloremque,0,4555,459,Debit Card
14536,12-07-2024,Biju Gupta,East,Ranchi,Home Decor,Lamp Commodi,20,39330,9394,COD
14537,09-12-2023,Mahika Kakar,East,Guwahati,Electronics,Smartwatch Odit,15,16252,3580,UPI
14538,26-03-2025,Reyansh Sarna,East,Ranchi,Clothing,Women's Wear Suscipit,15,5044,877,UPI
14539,10-12-2024,Dhruv Kata,North,Jaipur,Clothing,Women's Wear Deserunt,10,133799,25623,Net Banking
14540,27-03-2025,Trisha Ram,North,Lucknow,Sports,Dumbbells A,5,71697,13878,COD
14541,19-06-2024,Alisha Doctor,North,Lucknow,Sports,Yoga Mat Consectetur,15,3876,361,Credit Card
14542,09-12-2024,Keya Walia,North,Jaipur,Toys,Action Figure Velit,5,70669,8123,COD
14543,12-01-2024,Yashvi Brahmbhatt,West,Surat,Books,Biography Ex,0,50224,11861,UPI
14544,15-08-2024,Nirvaan Talwar,South,Thiruvananthapuram,Furniture,Chair Magnam,10,40664,6342,Credit Card
14545,26-01-2024,Aaryahi Lata,West,Surat,Books,Biography Dignissimos,20,13776,1017,Credit Card
14546,15-06-2025,Raghav Mammen,East,Patna,Beauty,Shampoo Voluptate,20,13603,1039,COD
14547,21-05-2024,Aarush Mandal,North,Lucknow,Electronics,Headphones Non,15,139613,12103,UPI
14548,11-07-2024,Arnav Buch,East,Guwahati,Clothing,Shoes Natus,15,26763,6186,Net Banking
14549,31-10-2024,Dhanuk Bhardwaj,East,Bhubaneswar,Kitchen,Microwave Voluptates,15,222775,23398,Credit Card
14550,17-04-2024,Myra Randhawa,East,Bhubaneswar,Groceries,Rice Vel,5,189178,28616,Credit Card
14551,13-07-2025,Riaan Lad,West,Pune,Books,Textbook Delectus,10,155250,38494,Net Banking
14552,06-03-2025,Ryan Boase,South,Hyderabad,Beauty,Foundation Alias,15,72741,14133,Debit Card
14553,27-11-2024,Eshani Mann,East,Guwahati,Books,Textbook Numquam,15,321593,40731,Credit Card
14554,07-07-2025,Aarush Jani,South,Chennai,Home Decor,Wall Art Quis,0,124450,14004,Debit Card
14555,10-03-2025,Anvi Trivedi,North,Amritsar,Electronics,Camera Explicabo,20,174742,29652,Credit Card
14556,30-04-2025,Anahita Krishna,South,Chennai,Beauty,Perfume Accusamus,0,49386,11059,UPI
14557,09-10-2023,Dharmajan Gole,West,Goa,Groceries,Sugar Voluptates,0,368275,89688,Net Banking
14558,29-01-2025,Diya Sarraf,South,Bangalore,Books,Biography At,10,57532,5108,Debit Card
14559,22-11-2023,Misha Salvi,East,Guwahati,Beauty,Shampoo Molestiae,10,50807,9231,COD
14560,05-08-2024,Alisha Walla,North,Amritsar,Home Decor,Vase A,20,91874,9971,Debit Card
14561,25-03-2025,Alisha Mannan,West,Surat,Home Decor,Vase Aut,5,122156,15578,COD
14562,10-09-2024,Myra Dalal,North,Delhi,Beauty,Shampoo Quisquam,10,110880,20590,COD
14563,13-05-2024,Shayak Bandi,West,Mumbai,Toys,Board Game Veniam,15,14102,754,Credit Card
14564,28-10-2023,Lagan Venkatesh,East,Ranchi,Groceries,Oil Magni,5,256435,48470,Net Banking
14565,31-12-2023,Eshani Shenoy,West,Ahmedabad,Home Decor,Clock Culpa,10,73076,13186,UPI
14566,22-11-2023,Priyansh Mahajan,North,Chandigarh,Groceries,Wheat Corporis,5,162108,28163,UPI
14567,19-11-2023,Anahita Agarwal,South,Chennai,Furniture,Sofa Facilis,5,72086,10812,Debit Card
14568,28-08-2024,Jayant Yohannan,South,Coimbatore,Kitchen,Juicer Blanditiis,10,32588,7824,UPI
14569,09-08-2024,Gatik Jayaraman,East,Guwahati,Electronics,Laptop Modi,5,27141,3677,COD
14570,14-05-2024,Charvi Lala,North,Jaipur,Electronics,Mobile Quam,20,81200,12349,Net Banking
14571,06-04-2025,Sumer Sengupta,West,Mumbai,Clothing,Shoes Facere,10,16259,888,Net Banking
14572,04-01-2024,Ojas Uppal,South,Hyderabad,Kitchen,Microwave Architecto,5,69136,3825,UPI
14573,18-06-2024,Jivika Raja,South,Bangalore,Groceries,Oil Perspiciatis,15,191087,10795,UPI
14574,26-05-2024,Ehsaan Das,South,Bangalore,Sports,Cricket Bat Molestias,20,124442,27981,COD
14575,26-02-2025,Mishti Vala,South,Thiruvananthapuram,Electronics,Camera Officia,10,69070,8781,COD
14576,10-02-2024,Nirvi Bhasin,South,Coimbatore,Groceries,Sugar Laborum,10,195341,17255,Credit Card
14577,16-03-2025,Taimur Comar,North,Lucknow,Beauty,Foundation Dolorum,0,93244,5623,Credit Card
14578,14-11-2023,Vidur Gandhi,West,Goa,Kitchen,Refrigerator Maiores,5,287884,27465,UPI
14579,02-09-2024,Seher Shetty,North,Delhi,Kitchen,Refrigerator Impedit,5,71307,15010,Debit Card
14580,01-09-2025,Rasha Thaman,South,Coimbatore,Books,Textbook Accusamus,10,127096,30765,Debit Card
14581,20-08-2024,Aniruddh Bhavsar,North,Delhi,Books,Fiction Quos,5,266461,29233,Credit Card
14582,17-05-2024,Ranbir Sehgal,North,Amritsar,Books,Fiction Eos,0,44617,8400,Credit Card
14583,13-04-2024,Myra Gopal,East,Patna,Clothing,Men's Wear Consectetur,5,112846,20201,COD
14584,19-04-2025,Dhanush Dhaliwal,West,Surat,Home Decor,Wall Art Asperiores,10,86535,20339,Net Banking
14585,25-11-2024,Alia Brahmbhatt,East,Kolkata,Home Decor,Cushion Laudantium,10,214048,47029,UPI
14586,12-06-2025,Tanya Sahota,East,Bhubaneswar,Toys,Action Figure Occaecati,15,95030,9115,COD
14587,08-08-2024,Saanvi Dugar,North,Chandigarh,Toys,Action Figure Suscipit,15,84473,9126,Debit Card
14588,02-03-2024,Mamooty Kaul,North,Chandigarh,Clothing,Shoes Cum,10,31529,3488,Credit Card
14589,19-10-2023,Seher Tandon,West,Surat,Toys,RC Car Quisquam,15,55956,7213,COD
14590,13-05-2025,Mohanlal Dubey,South,Coimbatore,Toys,Action Figure Possimus,10,154238,24911,Net Banking
14591,26-01-2024,Yuvraj  Roy,East,Ranchi,Groceries,Sugar Doloribus,15,64306,13301,COD
14592,02-03-2024,Faiyaz Tiwari,South,Hyderabad,Groceries,Sugar Libero,5,48009,5845,Net Banking
14593,31-05-2025,Nirvi Raj,North,Amritsar,Sports,Yoga Mat Eveniet,0,2635,347,UPI
14594,16-01-2024,Tarini Bandi,West,Goa,Furniture,Chair Unde,10,234090,44513,Debit Card
14595,20-08-2025,Divij Dixit,North,Amritsar,Furniture,Sofa Voluptas,10,68175,5299,UPI
14596,12-09-2024,Damini Rau,West,Ahmedabad,Electronics,Headphones Dolore,20,201756,18011,Credit Card
14597,10-01-2025,Urvi Varma,West,Surat,Groceries,Wheat Alias,0,2820,459,Net Banking
14598,08-02-2024,Saira Cherian,South,Hyderabad,Groceries,Oil Officiis,20,72998,4885,Debit Card
14599,26-05-2025,Rati Bail,East,Guwahati,Home Decor,Clock Quidem,0,69039,16389,UPI
14600,24-01-2024,Dhanuk Yadav,North,Amritsar,Kitchen,Refrigerator Velit,15,98005,8250,Debit Card
14601,11-03-2025,Hridaan Luthra,South,Coimbatore,Clothing,Shoes A,5,128968,23070,UPI
14602,17-01-2025,Tiya Dhar,North,Amritsar,Books,Biography Molestias,15,36988,3373,Credit Card
14603,22-06-2025,Parinaaz Dixit,North,Chandigarh,Groceries,Wheat Animi,20,53806,7063,Net Banking
14604,27-05-2025,Rasha Johal,North,Delhi,Clothing,Women's Wear Corrupti,5,127153,12407,Credit Card
14605,20-12-2023,Vardaniya Chaudhari,East,Patna,Clothing,Accessories Mollitia,10,49766,9435,COD
14606,19-01-2024,Jivika Agrawal,West,Pune,Sports,Tennis Racket Excepturi,20,110167,24032,Debit Card
14607,16-09-2024,Ritvik Venkatesh,West,Pune,Home Decor,Vase Nisi,10,46638,5597,COD
14608,06-09-2024,Rania Bhavsar,West,Goa,Electronics,Headphones Quidem,10,133349,10535,Net Banking
14609,16-02-2024,Advika Thaman,East,Kolkata,Beauty,Perfume Commodi,5,59320,7273,Credit Card
14610,11-07-2025,Anahi Raval,West,Goa,Beauty,Foundation Facere,20,85024,19731,Net Banking
14611,18-04-2025,Fateh Kala,East,Ranchi,Furniture,Table Tenetur,20,42074,2290,COD
14612,07-05-2024,Hansh Tak,South,Chennai,Kitchen,Juicer Nostrum,10,19562,4391,UPI
14613,23-03-2025,Vedika Magar,South,Thiruvananthapuram,Sports,Yoga Mat Id,10,12200,1992,UPI
14614,05-11-2024,Renee Ratta,South,Thiruvananthapuram,Sports,Yoga Mat Quod,10,10375,1395,Credit Card
14615,12-09-2024,Anvi Keer,East,Patna,Sports,Cricket Bat Eum,10,128338,26655,Debit Card
14616,12-05-2024,Riaan Loyal,West,Mumbai,Toys,Action Figure Expedita,15,226964,44175,Credit Card
14617,18-07-2024,Anay Bala,West,Pune,Books,Comics Dignissimos,15,97740,21482,COD
14618,10-12-2024,Ishita Keer,North,Amritsar,Sports,Cricket Bat Aut,15,149940,28108,COD
14619,30-03-2025,Bhavin Som,West,Goa,Home Decor,Vase Porro,0,36266,4749,Net Banking
14620,20-01-2024,Veer D’Alia,North,Amritsar,Furniture,Chair Adipisci,10,161514,11817,Debit Card
14621,04-01-2024,Onkar Borah,South,Thiruvananthapuram,Home Decor,Cushion Voluptates,0,14133,3001,UPI
14622,04-04-2024,Nayantara Mammen,North,Amritsar,Furniture,Chair Excepturi,10,142121,12670,COD
14623,12-08-2025,Ranbir Kumar,North,Jaipur,Kitchen,Juicer Fugit,20,25198,2935,Net Banking
14624,19-01-2024,Sana Ram,West,Goa,Kitchen,Microwave Quaerat,15,166847,31755,Credit Card
14625,05-08-2024,Arhaan Dasgupta,East,Ranchi,Books,Fiction Animi,10,200885,34197,Credit Card
14626,25-03-2025,Ranbir Chada,West,Ahmedabad,Furniture,Chair Aliquid,0,2029,265,Debit Card
14627,05-07-2024,Dhruv Joshi,West,Surat,Books,Comics Aspernatur,20,7294,696,UPI
14628,07-01-2024,Uthkarsh Bail,South,Bangalore,Beauty,Face Cream Porro,15,320820,24580,Debit Card
14629,23-05-2025,Siya Hora,North,Amritsar,Toys,Board Game Modi,5,38334,3468,COD
14630,06-02-2025,Samaira Sastry,East,Patna,Clothing,Accessories Ipsam,20,2672,160,Net Banking
14631,22-08-2024,Manikya Sibal,South,Thiruvananthapuram,Beauty,Lipstick Repellat,15,113852,16952,Net Banking
14632,13-07-2024,Lakshay Malhotra,North,Delhi,Furniture,Table Voluptates,15,105002,15148,Net Banking
14633,24-06-2025,Bhavin Anand,East,Ranchi,Kitchen,Juicer Expedita,0,159290,33087,UPI
14634,15-02-2025,Biju Shan,West,Mumbai,Furniture,Sofa Ad,0,189945,36977,UPI
14635,12-06-2024,Saksham Chad,West,Surat,Sports,Yoga Mat Rerum,20,84283,18661,Debit Card
14636,22-05-2025,Alia Sibal,North,Chandigarh,Home Decor,Cushion Similique,20,112586,22653,Credit Card
14637,28-01-2024,Oorja Bora,East,Kolkata,Home Decor,Cushion Doloribus,0,165378,10724,Credit Card
14638,10-06-2024,Advika Tiwari,West,Ahmedabad,Furniture,Sofa Dolore,20,275872,58634,Debit Card
14639,13-09-2025,Myra Bansal,East,Patna,Electronics,Laptop Maxime,10,24156,3016,COD
14640,14-04-2024,Jayant Agate,North,Lucknow,Groceries,Oil Mollitia,20,34474,1899,COD
14641,24-06-2024,Aradhya Kothari,East,Patna,Electronics,Mobile Sapiente,0,27957,5421,Debit Card
14642,27-06-2025,Dhruv Sarna,South,Chennai,Home Decor,Clock Illum,15,7275,739,Credit Card
14643,27-04-2025,Myra Sodhi,South,Bangalore,Groceries,Wheat Distinctio,10,28123,4262,COD
14644,16-03-2025,Dhanush Ratti,North,Chandigarh,Home Decor,Clock Recusandae,20,275152,59337,Debit Card
14645,03-09-2024,Uthkarsh Bhardwaj,South,Bangalore,Home Decor,Lamp Dolorem,0,79827,13912,Debit Card
14646,12-06-2024,Aarna Karnik,South,Hyderabad,Kitchen,Microwave Recusandae,15,30637,5909,COD
14647,16-10-2023,Krish Toor,West,Goa,Home Decor,Vase Ut,10,53973,12190,UPI
14648,28-10-2023,Shlok Kumer,East,Patna,Electronics,Laptop Nihil,10,68380,5534,Credit Card
14649,22-05-2024,Ela Ghose,North,Amritsar,Clothing,Women's Wear Dignissimos,20,55654,10611,Net Banking
14650,28-11-2023,Riya Joshi,East,Patna,Clothing,Men's Wear Quisquam,15,54652,9386,COD
14651,15-11-2024,Riya Ben,East,Guwahati,Groceries,Sugar Dignissimos,15,117797,23278,Net Banking
14652,04-05-2024,Faiyaz Mand,North,Amritsar,Beauty,Shampoo Id,15,115527,28589,UPI
14653,05-02-2024,Advika Brahmbhatt,North,Amritsar,Furniture,Chair Quisquam,10,74393,14327,Debit Card
14654,13-04-2025,Jhanvi Sem,North,Chandigarh,Kitchen,Mixer Grinder Neque,15,102194,16801,UPI
14655,02-10-2024,Ishita Arya,South,Chennai,Books,Biography Neque,15,65704,4200,Debit Card
14656,02-03-2024,Ehsaan Khurana,South,Hyderabad,Furniture,Bed Pariatur,10,18066,4015,COD
14657,29-09-2024,Ojas Bali,South,Chennai,Electronics,Mobile Aliquam,20,7069,578,COD
14658,08-10-2024,Trisha Sodhi,East,Patna,Clothing,Kids Wear Incidunt,5,245780,47534,Net Banking
14659,22-11-2023,Sana Ramanathan,North,Chandigarh,Home Decor,Clock Porro,15,254436,61038,Credit Card
14660,15-01-2025,Ranbir Master,East,Guwahati,Sports,Football Laboriosam,15,88748,6059,UPI
14661,29-07-2024,Anahi Bhagat,North,Jaipur,Home Decor,Wall Art Quos,20,58116,13839,UPI
14662,09-12-2024,Tarini Behl,South,Bangalore,Groceries,Sugar At,15,116377,24624,COD
14663,17-11-2023,Farhan Joshi,South,Chennai,Beauty,Perfume Non,0,23809,2711,Debit Card
14664,19-07-2025,Rati Rattan,South,Coimbatore,Furniture,Sofa Iste,15,234433,28932,COD
14665,29-11-2023,Kiaan Yohannan,North,Delhi,Kitchen,Microwave Provident,10,44812,5528,Credit Card
14666,15-12-2023,Romil Mangat,East,Guwahati,Sports,Yoga Mat Mollitia,0,152502,33095,Net Banking
14667,27-11-2023,Anika Maharaj,East,Kolkata,Groceries,Oil Facere,10,62960,10293,Debit Card
14668,20-11-2023,Hrishita Bath,North,Chandigarh,Books,Biography Deserunt,5,64282,7907,UPI
14669,26-09-2024,Tejas Bal,North,Jaipur,Toys,Doll Ducimus,10,56459,7908,Net Banking
14670,06-11-2023,Ivan Sani,West,Ahmedabad,Beauty,Shampoo Minus,15,1441,191,Net Banking
14671,17-12-2023,Manikya Yadav,East,Bhubaneswar,Groceries,Spices Quis,10,112829,22991,Debit Card
14672,11-01-2025,Diya Kala,South,Chennai,Books,Biography Repellat,20,37022,3189,Credit Card
14673,19-05-2024,Riya Sant,West,Pune,Kitchen,Juicer Provident,15,27902,2176,Credit Card
14674,22-06-2024,Seher Setty,East,Guwahati,Beauty,Face Cream Necessitatibus,0,20605,2932,COD
14675,18-09-2025,Ryan Chana,East,Bhubaneswar,Kitchen,Microwave Odit,10,95076,8450,Credit Card
14676,03-07-2024,Nirvaan Karan,South,Thiruvananthapuram,Electronics,Laptop Quaerat,15,27879,4386,Net Banking
14677,11-11-2024,Samarth Wagle,East,Kolkata,Groceries,Spices Maxime,20,293628,53157,UPI
14678,23-12-2024,Divij Ramesh,East,Bhubaneswar,Groceries,Oil Officia,0,91004,17999,UPI
14679,16-04-2024,Alisha Manne,East,Patna,Groceries,Rice Id,15,118247,18241,Debit Card
14680,01-06-2024,Indrajit Shukla,South,Bangalore,Home Decor,Lamp Fuga,20,57316,6910,Net Banking
14681,05-10-2023,Nayantara Varghese,South,Coimbatore,Toys,Action Figure Deserunt,15,92557,8959,Debit Card
14682,22-01-2024,Aayush Dutt,East,Bhubaneswar,Sports,Football Fugit,10,81157,19110,Credit Card
14683,07-03-2025,Sana Handa,South,Chennai,Home Decor,Clock Voluptatum,10,84330,17510,Net Banking
14684,07-12-2024,Zoya Sami,West,Mumbai,Sports,Yoga Mat Aliquid,20,162762,36503,UPI
14685,18-10-2024,Prisha Sachar,East,Ranchi,Books,Fiction Dolore,0,210660,26095,Net Banking
14686,28-11-2023,Heer Solanki,North,Chandigarh,Electronics,Smartwatch Mollitia,5,123083,28622,Net Banking
14687,27-06-2024,Yuvaan Ganguly,South,Thiruvananthapuram,Home Decor,Wall Art Est,15,186326,25423,UPI
14688,24-12-2023,Raghav Grover,North,Delhi,Clothing,Kids Wear Quia,0,119948,20200,UPI
14689,17-07-2025,Ranbir Sami,East,Kolkata,Kitchen,Cookware Set Aliquam,10,37724,2454,Credit Card
14690,13-02-2025,Mohanlal Bains,West,Goa,Kitchen,Microwave Eius,15,309855,59977,Debit Card
14691,17-07-2024,Aradhya Bobal,West,Surat,Toys,Board Game Est,20,81406,7800,Net Banking
14692,07-11-2023,Vritika Krishnamurthy,West,Ahmedabad,Clothing,Accessories Dignissimos,20,46378,5361,Debit Card
14693,16-09-2024,Kiara Gara,North,Amritsar,Home Decor,Clock Et,5,274276,58464,Debit Card
14694,13-03-2024,Lavanya Buch,West,Surat,Furniture,Bed Hic,20,63597,14947,Debit Card
14695,23-01-2025,Pari Jhaveri,West,Ahmedabad,Kitchen,Refrigerator Rem,20,73307,12550,Debit Card
14696,25-10-2024,Armaan Thakkar,North,Lucknow,Clothing,Women's Wear Fugiat,0,370685,39294,Net Banking
14697,29-12-2023,Hridaan Ganguly,West,Surat,Electronics,Smartwatch Inventore,0,309745,31991,UPI
14698,05-12-2024,Dhruv Guha,South,Chennai,Groceries,Wheat Laborum,10,136582,22714,Credit Card
14699,02-05-2025,Tarini Bali,West,Mumbai,Groceries,Sugar Error,10,64706,10783,Credit Card
14700,06-03-2025,Sumer Jaggi,South,Hyderabad,Groceries,Sugar Dolorem,20,5308,800,COD
14701,02-11-2024,Riaan Kumar,North,Chandigarh,Home Decor,Wall Art Quos,20,50451,12530,Credit Card
14702,03-09-2025,Ivan Srinivas,East,Ranchi,Groceries,Oil Illum,20,292616,39501,COD
14703,30-05-2025,Samaira Sengupta,South,Thiruvananthapuram,Kitchen,Juicer Debitis,15,17444,2353,COD
14704,19-03-2024,Yasmin Samra,South,Chennai,Kitchen,Refrigerator Architecto,5,188480,38283,UPI
14705,12-06-2024,Jivika Babu,South,Coimbatore,Groceries,Sugar Aperiam,5,64717,13194,UPI
14706,02-07-2024,Mishti Sunder,South,Hyderabad,Books,Comics Aut,10,140072,11790,Debit Card
14707,08-09-2024,Diya Chauhan,South,Hyderabad,Furniture,Chair Adipisci,15,193212,22291,Net Banking
14708,29-06-2024,Anvi Sarma,West,Ahmedabad,Books,Fiction Officia,15,33460,5681,Debit Card
14709,22-08-2025,Saksham Suresh,West,Ahmedabad,Toys,Board Game Nostrum,15,80725,5170,UPI
14710,19-11-2023,Parinaaz Mahal,North,Delhi,Groceries,Oil Iste,5,26682,4415,Debit Card
14711,25-08-2024,Abram Basak,West,Mumbai,Books,Textbook Mollitia,0,2616,176,Net Banking
14712,30-05-2024,Manjari Lall,East,Guwahati,Electronics,Headphones Autem,20,6586,1145,UPI
14713,21-07-2024,Vedika Lalla,East,Kolkata,Kitchen,Refrigerator Accusamus,0,56925,6072,Net Banking
14714,04-03-2024,Madhav Ramesh,South,Coimbatore,Toys,RC Car Aliquid,5,34674,4909,Net Banking
14715,13-07-2025,Myra Saran,East,Kolkata,Beauty,Foundation Dolores,15,57005,9872,Debit Card
14716,11-11-2024,Manjari Srivastava,North,Chandigarh,Sports,Dumbbells Assumenda,15,45495,9243,UPI
14717,16-10-2024,Alisha Rattan,East,Kolkata,Electronics,Laptop Sapiente,5,185280,12572,Debit Card
14718,06-10-2024,Saira Sengupta,East,Guwahati,Clothing,Shoes Quas,20,113792,27823,UPI
14719,17-12-2024,Samiha Ray,North,Delhi,Groceries,Spices Vero,0,37916,2905,Net Banking
14720,14-01-2025,Sana Chaudhry,North,Chandigarh,Clothing,Accessories Fuga,20,205101,19432,COD
14721,20-09-2024,Jivin Grover,East,Guwahati,Electronics,Mobile Voluptatibus,5,41684,6431,Net Banking
14722,20-04-2024,Vihaan Maharaj,South,Coimbatore,Furniture,Bed Quos,5,11947,2099,Debit Card
14723,01-03-2024,Lakshit Das,South,Coimbatore,Furniture,Bed Quaerat,20,22674,5176,Net Banking
14724,03-11-2024,Romil Sinha,East,Guwahati,Home Decor,Lamp Provident,15,158342,31456,Net Banking
14725,14-04-2025,Yuvraj  Shan,South,Coimbatore,Home Decor,Vase Dolorem,10,184745,24100,Net Banking
14726,01-08-2024,Neelofar Jhaveri,North,Lucknow,Sports,Tennis Racket Eum,10,135524,13244,Credit Card
14727,22-08-2024,Riya Ray,North,Amritsar,Electronics,Laptop Et,5,189935,16343,COD
14728,02-03-2025,Divit Borde,North,Lucknow,Books,Textbook Est,20,114904,18321,Credit Card
14729,09-08-2025,Piya Bhatnagar,North,Jaipur,Books,Fiction Maxime,15,50998,3763,COD
14730,15-02-2024,Nitya Bandi,North,Chandigarh,Kitchen,Mixer Grinder Explicabo,10,133248,29533,Credit Card
14731,17-11-2023,Priyansh Bedi,West,Surat,Clothing,Kids Wear Vero,20,15002,2623,UPI
14732,19-04-2024,Advik Chakrabarti,North,Jaipur,Home Decor,Wall Art Maxime,5,33012,6553,UPI
14733,24-06-2024,Vedika Chokshi,East,Kolkata,Books,Fiction Corporis,15,12262,2483,Net Banking
14734,21-04-2024,Riaan Kapadia,North,Jaipur,Toys,Action Figure Distinctio,10,38484,9220,Net Banking
14735,19-01-2025,Ranbir Kari,West,Surat,Furniture,Table Voluptatibus,0,58301,13959,UPI
14736,22-03-2025,Shlok Dutt,East,Kolkata,Sports,Football Harum,10,126495,28002,Credit Card
14737,26-12-2023,Ivana Bora,West,Pune,Kitchen,Juicer Cum,10,110236,18062,COD
14738,28-12-2023,Gatik Chawla,West,Surat,Groceries,Sugar Facilis,15,138377,31390,Credit Card
14739,04-09-2024,Saira Roy,East,Patna,Groceries,Oil Magnam,15,38344,2514,COD
14740,19-10-2023,Lagan Devan,East,Kolkata,Groceries,Spices Perspiciatis,5,55868,3368,Net Banking
14741,12-12-2024,Vritika Iyer,East,Patna,Sports,Tennis Racket Sit,15,31982,6700,UPI
14742,20-03-2024,Kabir Sundaram,West,Surat,Toys,RC Car Nihil,0,100473,21096,Net Banking
14743,06-11-2024,Priyansh Venkatesh,East,Ranchi,Kitchen,Cookware Set Sunt,15,66876,9038,Debit Card
14744,28-09-2024,Veer Bassi,West,Goa,Sports,Football Dignissimos,10,9828,879,Credit Card
14745,16-12-2024,Charvi Chana,North,Lucknow,Furniture,Chair Adipisci,10,75373,10915,Net Banking
14746,23-01-2024,Ela Chad,East,Patna,Home Decor,Vase Esse,20,207312,22005,Debit Card
14747,15-05-2025,Ehsaan Soni,West,Ahmedabad,Furniture,Cabinet Perspiciatis,15,24107,2014,Net Banking
14748,27-01-2024,Jayant Vala,West,Mumbai,Electronics,Smartwatch Nemo,10,54182,3855,Debit Card
14749,28-03-2025,Kartik Rout,East,Kolkata,Electronics,Laptop Perspiciatis,0,4656,592,Credit Card
14750,06-01-2024,Jiya Zacharia,East,Kolkata,Books,Fiction Hic,15,295265,33425,Credit Card
14751,05-01-2024,Kiaan Aggarwal,South,Coimbatore,Furniture,Chair Blanditiis,15,41991,3248,UPI
14752,06-09-2024,Ira Batra,West,Surat,Kitchen,Cookware Set Ipsa,15,321113,46953,Debit Card
14753,06-02-2024,Lakshay Sahota,North,Chandigarh,Electronics,Camera Error,10,208904,22298,Net Banking
14754,12-01-2024,Indrajit Solanki,East,Patna,Sports,Football Eum,5,139644,17243,UPI
14755,07-03-2024,Tiya Shroff,West,Surat,Kitchen,Juicer At,10,98791,13148,COD
14756,25-03-2024,Kismat Buch,North,Lucknow,Groceries,Wheat Sint,15,15589,3592,UPI
14757,01-06-2024,Badal Rao,West,Pune,Groceries,Rice Optio,0,348355,24008,Debit Card
14758,05-12-2023,Adah Balasubramanian,South,Hyderabad,Books,Non-Fiction Sed,20,64336,10538,Debit Card
14759,13-05-2024,Anvi Sarna,South,Coimbatore,Furniture,Bed Amet,20,63478,11795,Debit Card
14760,05-03-2024,Hrishita Kadakia,West,Goa,Toys,Puzzle Veniam,15,121659,18258,Debit Card
14761,23-09-2025,Darshit Gill,West,Pune,Toys,Puzzle Corrupti,20,67309,14464,COD
14762,22-08-2024,Armaan Rana,North,Chandigarh,Groceries,Spices Ea,15,249716,53199,Net Banking
14763,15-06-2024,Mahika Chaudhari,South,Bangalore,Clothing,Accessories Sequi,15,300105,63167,Net Banking
14764,20-01-2025,Ira Chand,West,Ahmedabad,Toys,RC Car Unde,10,108365,26182,Credit Card
14765,09-06-2025,Yasmin Mangal,West,Pune,Sports,Cricket Bat Quia,10,6642,1544,Net Banking
14766,17-12-2024,Aaryahi Sagar,East,Patna,Electronics,Smartwatch Illo,0,41604,6951,Credit Card
14767,03-04-2024,Anya Ranganathan,North,Jaipur,Home Decor,Lamp Vitae,5,44607,10311,Credit Card
14768,16-06-2025,Lavanya Setty,South,Bangalore,Beauty,Lipstick Totam,5,280516,25372,Debit Card
14769,23-01-2024,Emir Kanda,West,Goa,Home Decor,Cushion Nesciunt,15,80194,5728,Credit Card
14770,10-02-2024,Romil Raman,West,Pune,Beauty,Perfume Saepe,15,161493,24320,UPI
14771,07-06-2024,Inaaya  Chandran,West,Surat,Home Decor,Wall Art Minus,10,32192,7006,COD
14772,07-11-2023,Drishya Kalita,West,Goa,Toys,Doll Quis,20,32638,2872,UPI
14773,11-03-2024,Aarna Borde,West,Pune,Toys,RC Car Dicta,0,177050,14707,Net Banking
14774,26-11-2023,Mohanlal Badal,North,Lucknow,Groceries,Rice Error,0,279550,29799,Debit Card
14775,10-11-2024,Khushi Bawa,West,Surat,Groceries,Oil Mollitia,0,17492,1972,Net Banking
14776,22-09-2025,Aaryahi Loyal,North,Delhi,Clothing,Kids Wear Eaque,20,47734,2734,Net Banking
14777,28-08-2024,Akarsh Mann,East,Ranchi,Groceries,Rice Possimus,0,206920,14620,UPI
14778,24-08-2025,Chirag Lalla,West,Goa,Clothing,Shoes Impedit,5,35496,5322,Debit Card
14779,12-02-2025,Madhup Roy,South,Thiruvananthapuram,Beauty,Perfume Fugiat,5,81363,5315,COD
14780,31-08-2025,Adira Kale,South,Coimbatore,Furniture,Bed Architecto,0,189928,26725,Credit Card
14781,04-01-2024,Faiyaz Sarraf,South,Chennai,Toys,Doll Enim,10,176047,42931,COD
14782,29-04-2024,Baiju Gola,West,Goa,Clothing,Men's Wear Occaecati,10,1665,290,COD
14783,08-12-2024,Zoya Bakshi,West,Goa,Kitchen,Microwave Mollitia,0,87085,15779,Net Banking
14784,11-12-2024,Madhup Dhaliwal,West,Mumbai,Groceries,Wheat Ea,20,208886,36949,Net Banking
14785,17-09-2024,Vedika Desai,East,Kolkata,Groceries,Spices Ab,0,1608,401,COD
14786,08-01-2024,Lakshay Tara,North,Amritsar,Home Decor,Wall Art Culpa,20,21343,2122,COD
14787,22-05-2024,Divit Subramaniam,North,Jaipur,Clothing,Women's Wear Eum,5,69000,14743,Debit Card
14788,19-02-2025,Chirag Choudhary,East,Guwahati,Kitchen,Cookware Set Similique,15,23810,1721,Net Banking
14789,26-11-2023,Trisha Sur,West,Goa,Toys,Board Game Perferendis,10,54284,12308,COD
14790,28-10-2024,Drishya Brar,North,Chandigarh,Home Decor,Clock Iusto,20,197306,12489,COD
14791,23-02-2024,Kashvi Choudhury,South,Thiruvananthapuram,Home Decor,Lamp Qui,0,170190,41257,Credit Card
14792,13-04-2024,Ehsaan Bumb,North,Lucknow,Sports,Yoga Mat Totam,15,72242,3998,Debit Card
14793,11-01-2025,Bhavin Desai,South,Bangalore,Kitchen,Mixer Grinder Cumque,5,180701,39088,Net Banking
14794,30-08-2024,Veer Babu,West,Ahmedabad,Furniture,Cabinet Maxime,20,149832,18753,Debit Card
14795,09-03-2025,Lakshay Balakrishnan,East,Patna,Kitchen,Cookware Set Quos,0,7902,1777,Net Banking
14796,19-10-2023,Drishya Kakar,North,Delhi,Books,Non-Fiction Ab,15,113101,25839,Net Banking
14797,21-06-2025,Samaira Uppal,South,Thiruvananthapuram,Clothing,Kids Wear Velit,10,50315,9875,COD
14798,18-04-2025,Anay Ramaswamy,South,Chennai,Beauty,Shampoo Dignissimos,0,275084,17207,Credit Card
14799,04-03-2024,Hiran Halder,North,Jaipur,Books,Fiction Ipsum,10,221337,14532,Net Banking
14800,25-04-2024,Fateh Bakshi,North,Jaipur,Clothing,Shoes Architecto,5,65047,3298,UPI
14801,08-10-2023,Mannat Madan,West,Surat,Furniture,Cabinet Magnam,15,114872,8380,Debit Card
14802,11-02-2024,Tarini Shere,North,Lucknow,Beauty,Lipstick Quis,10,3806,494,UPI
14803,18-11-2023,Amira Swamy,East,Kolkata,Sports,Tennis Racket Fugit,20,259488,23298,UPI
14804,05-01-2024,Anay Divan,West,Ahmedabad,Books,Textbook Dicta,5,40268,3019,Credit Card
14805,03-08-2024,Riaan Mall,South,Hyderabad,Kitchen,Cookware Set Consequuntur,15,42358,8428,Net Banking
14806,26-08-2025,Ishita Manda,North,Lucknow,Kitchen,Mixer Grinder Ab,5,151865,22799,COD
14807,16-09-2024,Mahika Sabharwal,North,Delhi,Books,Fiction Eligendi,20,19546,1104,Net Banking
14808,07-07-2024,Shlok Barman,East,Ranchi,Clothing,Women's Wear Deleniti,15,34173,5004,COD
14809,28-10-2023,Anay Dasgupta,South,Bangalore,Furniture,Cabinet Doloribus,0,66008,4034,Credit Card
14810,28-03-2025,Armaan Sem,North,Chandigarh,Toys,Puzzle At,20,173548,8729,Credit Card
14811,03-11-2023,Mahika Sankaran,West,Surat,Furniture,Chair Ad,10,126529,31426,Credit Card
14812,27-12-2024,Amani Rajan,East,Ranchi,Kitchen,Mixer Grinder Vero,5,171779,13579,Credit Card
14813,10-06-2024,Divyansh Din,South,Bangalore,Electronics,Camera Laborum,0,22865,1980,COD
14814,01-07-2025,Hunar Lad,West,Goa,Home Decor,Clock Quasi,10,257918,63123,Credit Card
14815,11-01-2024,Kiaan Magar,East,Guwahati,Beauty,Face Cream Aliquid,20,70174,4186,Net Banking
14816,23-04-2025,Reyansh Bahri,West,Surat,Books,Fiction Totam,0,299220,15618,Net Banking
14817,23-06-2025,Nirvi Sengupta,West,Goa,Kitchen,Mixer Grinder Occaecati,10,76858,13070,COD
14818,13-11-2023,Jayan Saran,North,Chandigarh,Clothing,Accessories Soluta,5,6846,375,Credit Card
14819,28-11-2023,Heer Tara,South,Hyderabad,Clothing,Shoes Molestias,20,59081,13157,Credit Card
14820,16-07-2025,Kabir Sunder,East,Patna,Home Decor,Wall Art Numquam,10,110973,22374,Net Banking
14821,04-11-2024,Tiya Banerjee,South,Thiruvananthapuram,Electronics,Smartwatch Delectus,15,222998,23608,Net Banking
14822,18-06-2025,Uthkarsh Chanda,South,Bangalore,Kitchen,Microwave Illum,5,56970,6060,COD
14823,23-08-2024,Azad Sarkar,South,Thiruvananthapuram,Furniture,Bed Sed,10,81815,13311,UPI
14824,17-02-2024,Yashvi Grover,South,Hyderabad,Electronics,Mobile Occaecati,5,97728,20945,UPI
14825,20-04-2025,Raghav Bhandari,East,Bhubaneswar,Clothing,Shoes Harum,0,76916,7269,Net Banking
14826,19-05-2025,Nirvi Wason,West,Ahmedabad,Electronics,Mobile Asperiores,20,52762,3411,Net Banking
14827,06-06-2024,Mamooty Deshmukh,West,Surat,Beauty,Shampoo Delectus,15,47150,4279,Net Banking
14828,19-10-2024,Nakul Setty,South,Thiruvananthapuram,Furniture,Chair Ad,20,29626,6048,Credit Card
14829,19-11-2024,Onkar Guha,North,Delhi,Beauty,Lipstick Saepe,20,206371,16232,Net Banking
14830,02-01-2024,Urvi Kaul,North,Delhi,Home Decor,Clock Officiis,0,70446,9048,Net Banking
14831,22-05-2025,Mishti Raval,East,Ranchi,Books,Fiction Eius,0,233610,23881,Credit Card
14832,02-04-2025,Arhaan Datta,North,Chandigarh,Clothing,Accessories Culpa,15,16208,3868,Debit Card
14833,08-04-2025,Lavanya Bhasin,North,Chandigarh,Clothing,Kids Wear Commodi,5,52446,9802,Credit Card
14834,15-09-2024,Zara Lad,East,Bhubaneswar,Home Decor,Vase Tempore,0,25551,4356,Net Banking
14835,08-04-2024,Aaryahi Hegde,East,Ranchi,Sports,Dumbbells Velit,15,15989,1038,COD
14836,13-06-2025,Biju Sangha,West,Ahmedabad,Kitchen,Cookware Set Ipsam,5,112005,13985,Debit Card
14837,27-02-2024,Umang Sankar,East,Ranchi,Sports,Yoga Mat Quibusdam,15,9414,563,COD
14838,25-11-2023,Kavya Barman,North,Delhi,Furniture,Bed Reprehenderit,15,43573,4384,Credit Card
14839,14-12-2024,Manikya Trivedi,East,Guwahati,Clothing,Accessories Optio,0,3274,470,COD
14840,23-01-2025,Pari Chandra,North,Lucknow,Furniture,Bed Itaque,10,167573,37365,Credit Card
14841,18-02-2024,Yakshit Kurian,West,Surat,Beauty,Face Cream Maiores,5,99541,9126,COD
14842,23-11-2023,Damini Kumar,South,Chennai,Clothing,Women's Wear Sint,0,28976,6402,UPI
14843,12-09-2024,Samiha Sarna,North,Delhi,Furniture,Sofa Natus,0,70353,12997,Net Banking
14844,26-01-2025,Samaira Chokshi,West,Ahmedabad,Groceries,Spices Minus,10,34808,4722,Credit Card
14845,04-10-2024,Arnav Gara,East,Bhubaneswar,Furniture,Cabinet Magni,5,226794,51973,Credit Card
14846,21-04-2024,Riaan Deep,South,Chennai,Beauty,Lipstick Doloribus,20,32945,2157,Debit Card
14847,30-05-2025,Mehul Tailor,West,Pune,Groceries,Oil Ea,5,167439,38657,Net Banking
14848,07-12-2024,Nirvi Walla,East,Patna,Beauty,Perfume Sint,10,206118,39847,Credit Card
14849,18-09-2024,Samar Barad,West,Surat,Home Decor,Lamp Ad,5,115636,17034,Net Banking
14850,01-06-2024,Indranil Bath,North,Jaipur,Beauty,Shampoo Et,5,157103,21634,COD
14851,28-01-2025,Shray Gulati,East,Ranchi,Groceries,Spices Quibusdam,5,220623,26912,COD
14852,12-02-2025,Taran Khalsa,North,Delhi,Sports,Tennis Racket Culpa,5,367180,63169,Net Banking
14853,29-08-2024,Darshit Chakrabarti,North,Jaipur,Clothing,Kids Wear Exercitationem,20,18328,2717,COD
14854,15-06-2025,Siya Kapur,South,Hyderabad,Clothing,Men's Wear Quibusdam,15,4672,729,Net Banking
14855,04-01-2024,Aarush Trivedi,West,Goa,Furniture,Table Molestiae,10,128907,27445,Debit Card
14856,15-05-2025,Khushi Sidhu,West,Goa,Sports,Dumbbells Voluptate,20,99914,13411,Debit Card
14857,15-09-2024,Shayak Tara,North,Delhi,Beauty,Shampoo Consectetur,20,109885,7094,UPI
14858,11-02-2024,Shlok Mander,East,Guwahati,Home Decor,Vase Minima,10,271427,29408,Credit Card
14859,01-09-2025,Darshit Taneja,East,Bhubaneswar,Clothing,Accessories Quasi,5,27423,2041,Credit Card
14860,11-07-2024,Ehsaan Dhillon,South,Chennai,Kitchen,Refrigerator Unde,0,43259,9080,COD
14861,24-06-2025,Reyansh Biswas,West,Goa,Kitchen,Cookware Set Eveniet,10,21014,2001,Credit Card
14862,05-12-2023,Emir Bhatt,North,Jaipur,Kitchen,Juicer Modi,5,35835,6612,UPI
14863,21-02-2024,Tushar Dube,South,Bangalore,Sports,Dumbbells Totam,15,55797,8052,UPI
14864,08-04-2025,Kashvi Sharma,South,Coimbatore,Books,Fiction Reprehenderit,10,41472,5204,Debit Card
14865,06-06-2024,Prisha Khurana,North,Amritsar,Home Decor,Wall Art Consequatur,0,73929,6817,Net Banking
14866,29-03-2025,Hridaan Bhat,South,Hyderabad,Clothing,Accessories Dolore,15,183558,38477,UPI
14867,24-07-2024,Zeeshan Tailor,West,Mumbai,Kitchen,Cookware Set Hic,5,45534,7331,Credit Card
14868,23-01-2024,Lakshit Rajagopalan,North,Chandigarh,Clothing,Kids Wear Nesciunt,0,12909,1655,UPI
14869,07-08-2025,Aradhya Atwal,South,Thiruvananthapuram,Sports,Cricket Bat Quasi,5,175178,36943,Net Banking
14870,22-11-2024,Suhana Ratti,West,Mumbai,Kitchen,Mixer Grinder Iusto,15,104064,9169,UPI
14871,15-10-2023,Anahi Arya,East,Ranchi,Toys,Action Figure Mollitia,5,292971,65354,Debit Card
14872,04-04-2024,Ira Mane,South,Bangalore,Toys,Puzzle Sint,0,30881,7158,Credit Card
14873,28-06-2024,Ranbir Kale,South,Hyderabad,Books,Biography Optio,5,312051,52303,UPI
14874,21-08-2024,Shalv Rege,West,Goa,Sports,Dumbbells Culpa,10,12775,2748,Debit Card
14875,04-06-2025,Gokul Ganguly,South,Bangalore,Electronics,Laptop Doloremque,20,115034,26411,UPI
14876,18-05-2024,Shalv Tank,South,Coimbatore,Books,Textbook Voluptatibus,20,49958,6478,Net Banking
14877,16-01-2025,Zoya Kalla,South,Bangalore,Home Decor,Cushion Sint,10,1957,431,Debit Card
14878,14-02-2024,Renee Bhat,East,Bhubaneswar,Groceries,Oil Dolorum,0,299796,35715,Credit Card
14879,16-06-2024,Ishita Kaur,North,Delhi,Toys,RC Car Voluptate,10,114471,14999,Credit Card
14880,09-10-2023,Gokul Soman,East,Patna,Toys,Board Game Autem,5,262557,26051,COD
14881,10-06-2025,Veer Dugar,East,Ranchi,Toys,Puzzle In,10,9436,1980,Debit Card
14882,31-10-2024,Anya Varughese,South,Coimbatore,Toys,Puzzle Autem,10,317489,40721,Debit Card
14883,21-10-2024,Vihaan Jayaraman,West,Mumbai,Home Decor,Cushion Delectus,10,15136,3112,Debit Card
14884,13-08-2024,Nitara Vyas,East,Bhubaneswar,Clothing,Accessories Possimus,5,52600,11450,Debit Card
14885,16-03-2025,Ayesha Grover,South,Thiruvananthapuram,Clothing,Kids Wear Temporibus,20,199928,40240,UPI
14886,25-02-2025,Mannat Yadav,North,Amritsar,Furniture,Sofa Dolor,5,354706,21696,Debit Card
14887,18-04-2025,Chirag Khalsa,East,Patna,Toys,RC Car Cum,20,262844,44974,Debit Card
14888,13-12-2023,Yuvraj  Ramaswamy,East,Guwahati,Groceries,Sugar Quia,5,82884,12362,Credit Card
14889,17-01-2025,Dhanuk Mandal,East,Patna,Sports,Football Sequi,20,65309,12707,UPI
14890,20-07-2024,Arhaan Sehgal,West,Goa,Groceries,Oil Magni,15,112747,21224,COD
14891,24-11-2023,Raghav Bhargava,North,Lucknow,Furniture,Table Beatae,5,226356,37483,Debit Card
14892,30-09-2024,Vaibhav Lad,West,Goa,Clothing,Accessories Alias,20,55893,4765,UPI
14893,17-02-2024,Priyansh Kar,South,Coimbatore,Furniture,Sofa Doloremque,5,61437,14426,Debit Card
14894,05-06-2025,Yashvi Brar,East,Guwahati,Beauty,Shampoo Eligendi,10,45222,8661,Debit Card
14895,17-05-2024,Divij Lad,West,Goa,Sports,Football Reiciendis,0,210328,42850,Credit Card
14896,07-10-2024,Divij Kurian,East,Patna,Groceries,Wheat Adipisci,15,39762,7622,UPI
14897,15-09-2025,Indrajit Trivedi,West,Surat,Kitchen,Microwave Quisquam,0,173640,26873,UPI
14898,23-06-2024,Chirag Ram,South,Thiruvananthapuram,Toys,Puzzle Delectus,5,39627,2408,Net Banking
14899,25-01-2024,Vivaan Varma,South,Chennai,Kitchen,Juicer Dignissimos,15,157705,23795,UPI
14900,02-04-2025,Jayan Kapoor,West,Ahmedabad,Sports,Tennis Racket Esse,5,78760,15703,Credit Card
14901,28-11-2023,Shaan Yohannan,East,Kolkata,Home Decor,Cushion Quod,10,214564,14735,UPI
14902,25-12-2023,Samar Gandhi,West,Ahmedabad,Home Decor,Clock Recusandae,15,94440,17734,UPI
14903,28-05-2025,Fateh Chaudhari,South,Bangalore,Toys,Puzzle Minus,5,15214,2758,UPI
14904,30-03-2024,Vihaan Barad,East,Bhubaneswar,Clothing,Accessories Autem,0,166608,26845,Net Banking
14905,03-10-2024,Anvi Dhawan,South,Coimbatore,Toys,Board Game Assumenda,5,55683,9760,COD
14906,28-11-2024,Drishya Bawa,South,Coimbatore,Toys,Puzzle Tempora,10,226809,45459,COD
14907,18-05-2025,Kavya Hegde,North,Delhi,Groceries,Spices Harum,0,179220,12691,Debit Card
14908,30-10-2023,Hridaan Kara,South,Thiruvananthapuram,Toys,Puzzle Consequuntur,15,20849,3136,UPI
14909,10-06-2025,Lavanya Lata,South,Chennai,Clothing,Shoes Ex,5,46857,8144,UPI
14910,02-12-2023,Piya Ram,South,Bangalore,Clothing,Men's Wear Voluptatibus,5,334980,44340,UPI
14911,31-01-2024,Dhruv Sagar,South,Hyderabad,Beauty,Face Cream Sapiente,10,142590,31273,Net Banking
14912,25-09-2025,Saira Yohannan,East,Kolkata,Groceries,Rice Vitae,0,50100,11793,Credit Card
14913,21-03-2025,Miraya Goel,North,Lucknow,Groceries,Rice Impedit,10,191932,24958,Net Banking
14914,13-09-2024,Ahana  Basu,South,Hyderabad,Books,Comics Necessitatibus,20,61982,10744,Debit Card
14915,01-05-2024,Hridaan Suresh,South,Hyderabad,Clothing,Men's Wear Eligendi,5,98570,11672,Credit Card
14916,01-02-2024,Pihu Saraf,North,Jaipur,Sports,Dumbbells Dignissimos,10,47941,5259,Credit Card
14917,14-03-2025,Uthkarsh Lal,West,Ahmedabad,Beauty,Shampoo Soluta,15,61679,3994,COD
14918,31-07-2025,Nirvaan Sehgal,South,Bangalore,Furniture,Cabinet Corrupti,5,90769,19292,Debit Card
14919,10-08-2024,Anahi Anne,West,Ahmedabad,Books,Non-Fiction Animi,20,63559,5216,Debit Card
14920,28-10-2023,Vedika Bawa,West,Surat,Furniture,Chair Autem,20,27211,5657,UPI
14921,06-04-2025,Saanvi Sankar,East,Bhubaneswar,Clothing,Women's Wear Vitae,15,86493,13015,COD
14922,09-08-2024,Neysa Sathe,East,Patna,Kitchen,Mixer Grinder Illum,15,30368,3260,UPI
14923,22-11-2023,Dhanuk Kibe,North,Delhi,Furniture,Chair Quisquam,15,21405,3878,Credit Card
14924,06-06-2025,Ivana Butala,East,Kolkata,Toys,Action Figure Cum,15,215733,51504,COD
14925,12-09-2024,Ishita Lala,South,Thiruvananthapuram,Furniture,Table Laudantium,15,14401,2296,UPI
14926,17-04-2024,Taran Ratta,East,Kolkata,Electronics,Mobile Commodi,15,62683,9368,Debit Card
14927,26-04-2024,Suhana Jayaraman,East,Ranchi,Beauty,Shampoo Dignissimos,5,79430,7618,Debit Card
14928,18-03-2025,Baiju Char,East,Patna,Furniture,Chair Quibusdam,15,57582,4360,UPI
14929,22-06-2025,Kiaan Bhatt,South,Chennai,Books,Biography Magnam,5,159022,12320,Debit Card
14930,27-09-2024,Sahil Dalal,East,Guwahati,Furniture,Cabinet Voluptatem,15,80031,10678,Net Banking
14931,14-03-2025,Arhaan Sarkar,South,Bangalore,Books,Fiction Aut,10,159397,35555,Credit Card
14932,12-10-2024,Arhaan Ghose,West,Mumbai,Books,Textbook Omnis,5,310113,55674,UPI
14933,18-03-2025,Biju Butala,North,Jaipur,Books,Non-Fiction Repellat,5,11955,2798,Credit Card
14934,05-08-2025,Anahita Gokhale,North,Amritsar,Kitchen,Juicer Eligendi,0,236034,23564,Debit Card
14935,25-11-2024,Sana Gour,South,Bangalore,Kitchen,Refrigerator Alias,5,236878,23111,Credit Card
14936,19-11-2023,Yakshit Bala,East,Bhubaneswar,Clothing,Men's Wear Sint,15,100021,16186,Credit Card
14937,28-12-2024,Urvi Rout,East,Kolkata,Toys,Board Game Recusandae,15,115243,22369,Debit Card
14938,20-08-2025,Kavya Saxena,South,Hyderabad,Sports,Football Animi,10,202388,34763,Net Banking
14939,18-04-2025,Lakshay Krish,South,Coimbatore,Home Decor,Lamp Vero,0,182380,14466,Debit Card
14940,12-05-2025,Shaan Garde,West,Ahmedabad,Books,Comics Facilis,10,278618,23889,Credit Card
14941,15-07-2024,Yakshit Cheema,West,Goa,Beauty,Lipstick Ex,5,27503,2987,Debit Card
14942,01-06-2024,Nitara Choudhry,South,Hyderabad,Books,Comics Architecto,10,115619,11736,Credit Card
14943,12-04-2025,Nishith Chawla,South,Coimbatore,Home Decor,Wall Art Saepe,20,5845,519,Debit Card
14944,10-06-2025,Drishya Goswami,North,Jaipur,Home Decor,Vase Nobis,10,57690,3438,Net Banking
14945,29-11-2024,Veer Bhakta,North,Delhi,Groceries,Spices Perferendis,0,89572,10311,UPI
14946,28-05-2024,Inaaya  Sood,East,Ranchi,Sports,Football Nobis,20,239376,39451,COD
14947,02-03-2024,Dhruv Iyengar,South,Thiruvananthapuram,Home Decor,Lamp Accusamus,20,175556,38291,COD
14948,12-06-2025,Trisha Upadhyay,North,Delhi,Furniture,Table Provident,20,26510,2908,Net Banking
14949,28-10-2024,Yakshit Das,North,Delhi,Electronics,Mobile Sequi,15,70372,11550,Debit Card
14950,26-08-2025,Hunar Tak,South,Chennai,Clothing,Accessories Alias,5,156927,31673,COD
14951,18-08-2024,Tejas Bobal,South,Coimbatore,Beauty,Face Cream Repellendus,10,159617,12320,COD
14952,26-05-2024,Neysa Kota,West,Pune,Books,Comics Ea,15,92633,4842,UPI
14953,19-08-2025,Anya Raval,East,Bhubaneswar,Toys,Action Figure Vitae,10,10442,1760,COD
14954,24-10-2024,Lakshay Savant,East,Kolkata,Kitchen,Mixer Grinder Nostrum,10,229604,42507,Debit Card
14955,29-12-2024,Vihaan Bir,West,Ahmedabad,Furniture,Bed Occaecati,20,292460,24553,Debit Card
14956,17-01-2024,Vidur Din,East,Guwahati,Toys,Board Game Impedit,5,38308,4197,UPI
14957,04-11-2024,Aarna Jhaveri,West,Goa,Toys,Puzzle Veniam,15,43339,8702,Credit Card
14958,29-03-2025,Urvi Bhavsar,North,Delhi,Books,Fiction Neque,5,22325,4532,Net Banking
14959,29-12-2024,Madhup Ganesan,North,Chandigarh,Toys,Board Game Sed,5,30372,5936,Net Banking
14960,29-07-2025,Nakul Mammen,East,Guwahati,Electronics,Camera Atque,5,46926,8285,COD
14961,22-10-2024,Shlok Rege,West,Pune,Furniture,Chair Laboriosam,0,56527,12218,UPI
14962,24-04-2024,Urvi Mammen,North,Delhi,Clothing,Accessories Magnam,20,135704,8332,COD
14963,04-11-2024,Pihu Krishnamurthy,West,Goa,Clothing,Men's Wear Voluptatum,0,68926,9254,UPI
14964,07-04-2025,Shanaya Chokshi,West,Pune,Groceries,Wheat Nostrum,15,25203,5189,Debit Card
14965,05-09-2024,Uthkarsh Soman,East,Ranchi,Toys,Puzzle Quaerat,0,9658,2285,Debit Card
14966,22-05-2025,Advik Hora,South,Chennai,Toys,Action Figure Sit,10,964,112,Net Banking
14967,27-10-2024,Pari Anand,West,Surat,Furniture,Sofa Quod,0,5348,1220,Credit Card
14968,17-09-2025,Ritvik Salvi,North,Chandigarh,Books,Comics Suscipit,0,169640,40015,Credit Card
14969,31-08-2025,Suhana Bail,North,Delhi,Beauty,Face Cream Laborum,5,54990,2754,Net Banking
14970,14-11-2023,Manjari Sachdev,North,Lucknow,Furniture,Sofa Mollitia,20,29037,6983,Credit Card
14971,20-02-2024,Kiaan Sur,South,Thiruvananthapuram,Groceries,Rice Error,10,30821,3916,Net Banking
14972,21-06-2024,Rania Sura,West,Ahmedabad,Kitchen,Microwave Excepturi,15,20604,2815,Credit Card
14973,09-01-2024,Manikya Mann,West,Goa,Toys,Doll Eum,0,223515,23586,Credit Card
14974,08-05-2025,Aarav Bala,South,Coimbatore,Beauty,Foundation Voluptatem,10,128720,22907,Debit Card
14975,24-10-2024,Lakshay Bandi,East,Patna,Sports,Football Asperiores,5,110059,11417,Net Banking
14976,12-01-2025,Kiaan Zachariah,North,Delhi,Electronics,Camera Laudantium,0,25908,4060,Net Banking
14977,30-07-2024,Anahita Dugal,South,Hyderabad,Beauty,Perfume Labore,5,39866,4994,Debit Card
14978,01-01-2025,Siya Brahmbhatt,South,Chennai,Kitchen,Mixer Grinder Optio,20,50027,9670,COD
14979,29-01-2025,Aaryahi Chada,North,Chandigarh,Furniture,Cabinet Aperiam,15,229377,47469,Debit Card
14980,07-09-2024,Oorja Borde,East,Kolkata,Books,Non-Fiction Labore,0,242748,28822,Debit Card
14981,09-08-2024,Hunar Borra,East,Guwahati,Toys,Board Game Rerum,5,34958,5736,Debit Card
14982,23-03-2024,Ishita Subramaniam,North,Amritsar,Groceries,Wheat Adipisci,20,127514,15072,COD
14983,08-03-2024,Saksham Sur,East,Patna,Kitchen,Mixer Grinder Similique,5,109471,26492,Credit Card
14984,07-02-2025,Tiya Kamdar,South,Hyderabad,Beauty,Face Cream Magnam,5,192128,25188,UPI
14985,30-09-2025,Inaaya  Bandi,South,Chennai,Groceries,Sugar Excepturi,0,60908,8627,Debit Card
14986,15-10-2023,Prerak Raj,East,Guwahati,Home Decor,Vase Natus,15,3376,636,COD
14987,11-07-2025,Yuvaan Jain,West,Mumbai,Kitchen,Mixer Grinder Exercitationem,15,153707,9815,COD
14988,05-07-2025,Priyansh Lata,North,Jaipur,Sports,Cricket Bat At,20,240496,14000,Debit Card
14989,19-05-2024,Fateh Apte,West,Pune,Toys,Board Game Ab,5,120327,25226,UPI
14990,11-01-2024,Alisha Lalla,North,Lucknow,Books,Fiction Eveniet,20,982,80,COD
14991,12-01-2025,Aarush Shroff,East,Ranchi,Groceries,Wheat Tenetur,5,25916,1947,Credit Card
14992,06-09-2024,Alisha Malhotra,West,Mumbai,Beauty,Shampoo Magni,15,12572,1699,Net Banking
14993,18-08-2025,Bhamini Sarin,North,Delhi,Groceries,Rice Neque,10,39088,2940,Credit Card
14994,22-03-2025,Kavya Lalla,South,Chennai,Furniture,Sofa Minus,0,2019,148,Credit Card
14995,06-01-2025,Hunar Vaidya,North,Amritsar,Sports,Tennis Racket Omnis,15,61996,5224,COD
14996,25-06-2024,Nishith Kulkarni,East,Kolkata,Books,Fiction Veritatis,0,182013,11853,Debit Card
14997,22-12-2024,Aaina Chander,North,Jaipur,Toys,Doll Nulla,0,350240,31237,Credit Card
14998,15-04-2025,Dhanush Gara,South,Bangalore,Beauty,Lipstick Eaque,15,35838,7828,Debit Card
14999,08-07-2024,Divyansh Malhotra,East,Kolkata,Electronics,Smartwatch Adipisci,10,48845,6604,Credit Card
15000,04-02-2024,Aarush Walla,West,Goa,Clothing,Kids Wear Repellat,10,69086,5786,Net Banking